Fecha,Nivel,Direccion,Hora_toque,Hora_toque_hhmm,Precio_ref,MFE_pts,MAE_pts,Duracion_min
2026-07-31,PDH,SHORT,570,09:30,28681.5,601.75,44.25,45
2026-08-03,PDH,SHORT,635,10:35,28716.0,16.25,248.25,10
2026-08-04,PDH,SHORT,570,09:30,29381.5,28.0,575.0,5
2026-08-05,PDH,SHORT,570,09:30,30013.0,420.25,61.0,385
2026-08-06,PDL,LONG,570,09:30,29341.0,345.25,17.75,100
2026-08-07,PDH,SHORT,570,09:30,29806.0,241.5,54.25,40
2026-08-10,PDH,SHORT,570,09:30,29740.75,22.0,159.25,10
2026-08-11,PDL,LONG,570,09:30,29736.5,68.25,203.0,80
2026-08-12,PDH,SHORT,570,09:30,29878.25,59.75,92.5,130
2026-08-13,PDH,SHORT,575,09:35,30038.0,42.5,234.75,5
2026-08-14,PDH,SHORT,570,09:30,30207.0,178.5,73.5,140
2026-08-17,PDH,SHORT,570,09:30,30196.5,130.0,91.0,385
2026-08-18,PDL,LONG,570,09:30,29686.0,83.75,172.0,10
2026-08-19,PDH,SHORT,570,09:30,29673.0,297.25,15.25,45
2026-08-19,PDL,LONG,585,09:45,29470.0,197.25,94.25,150
2026-08-20,PDL,LONG,570,09:30,29401.75,68.5,199.0,5
2026-08-21,PDH,SHORT,570,09:30,29362.5,142.5,126.25,50
2026-08-21,PDL,LONG,615,10:15,29230.25,258.5,10.25,95
2026-08-24,PDL,LONG,570,09:30,29112.75,120.5,166.0,300
2026-08-25,PDH,SHORT,570,09:30,29375.25,237.25,39.5,60
2026-08-26,PDL,LONG,625,10:25,29178.25,190.0,8.25,275
2026-08-27,PDH,SHORT,570,09:30,29464.0,40.25,240.5,25
2026-08-28,PDH,SHORT,580,09:40,29687.75,251.5,123.75,205
2026-08-28,PDL,LONG,780,13:00,29469.25,60.0,33.0,50
2026-08-31,PDL,LONG,570,09:30,29465.25,73.0,110.25,385
2026-09-01,PDL,LONG,570,09:30,29099.0,218.75,97.0,135
2026-09-02,PDL,LONG,590,09:50,29029.5,183.5,12.25,45
2026-09-03,PDH,SHORT,570,09:30,29254.25,54.75,330.0,5
2026-09-04,PDH,SHORT,570,09:30,29634.0,166.0,57.75,255
2026-09-08,PDH,SHORT,570,09:30,29601.25,176.5,44.0,40
2026-09-08,PDL,LONG,580,09:40,29474.5,170.75,49.75,120
2026-09-09,PDL,LONG,570,09:30,29479.5,114.25,121.5,35
2026-09-10,PDL,LONG,570,09:30,29098.25,176.75,9.75,65
2026-09-11,PDH,SHORT,570,09:30,29419.0,85.0,80.75,75
2026-09-14,PDH,SHORT,695,11:35,29471.0,42.5,133.5,30
2026-09-14,PDL,LONG,570,09:30,28906.25,698.25,27.5,265
2026-09-16,PDH,SHORT,585,09:45,29461.75,408.75,88.0,340
2026-09-16,PDL,LONG,895,14:55,29231.0,72.75,178.0,5
2026-09-17,PDH,SHORT,570,09:30,29641.75,36.0,151.5,5
2026-09-18,PDH,SHORT,570,09:30,29811.25,152.0,126.5,175
2026-09-21,PDH,SHORT,570,09:30,30252.0,16.5,610.75,5
2026-09-22,PDH,SHORT,570,09:30,30864.75,0.5,200.75,5
2026-09-23,PDL,LONG,605,10:05,30768.5,59.25,125.75,55
2026-09-24,PDL,LONG,570,09:30,30540.0,287.5,37.5,215
2026-09-25,PDH,SHORT,570,09:30,30848.75,164.75,102.75,45
2026-09-28,PDL,LONG,570,09:30,30677.75,44.25,321.0,175
2026-09-30,PDH,SHORT,570,09:30,30767.75,87.0,138.25,385
2026-10-01,PDH,SHORT,825,13:45,30843.25,138.25,13.25,20
2026-10-01,PDL,LONG,585,09:45,30708.5,175.0,179.25,240
2026-10-02,PDH,SHORT,570,09:30,31145.0,157.0,137.5,115
2026-10-05,PDH,SHORT,655,10:55,31248.25,47.75,122.75,85
2026-10-06,PDH,SHORT,570,09:30,31487.25,29.5,129.25,5
2026-10-07,PDL,LONG,570,09:30,31255.75,166.5,112.75,385
