Fecha,Dir,Entrada_Min,Salida_Min,Puntos,Lotes,Motivo,Neto_USD,PDH,PDL,Grupo,Motivo_Rechazo
2025-10-08,SHORT,685,715,-25.0,0.04,SL,-10.14,25264.75,24984.75,real,
2025-10-09,SHORT,570,580,40.0,0.03,TP,11.895,25344.25,25074.0,real,
2025-10-10,SHORT,570,575,-25.0,0.04,SL,-10.14,25334.75,25160.75,real,
2025-10-16,SHORT,570,580,40.0,0.03,TP,11.895,25115.0,24663.25,real,
2025-10-21,SHORT,720,770,40.0,0.04,TP,15.86,25354.5,25114.75,real,
2025-10-22,LONG,570,575,40.0,0.04,TP,15.86,25348.5,25203.25,real,
2025-10-23,SHORT,815,955,15.0,0.04,CIERRE HORARIO,5.86,25289.25,24804.75,real,
2025-10-29,SHORT,570,595,-25.0,0.04,SL,-10.14,26231.5,26006.0,real,
2025-10-30,LONG,570,575,-25.0,0.04,SL,-10.14,26326.5,26049.25,real,
2025-10-31,SHORT,570,580,40.0,0.04,TP,15.86,26182.5,25869.0,real,
2025-11-03,SHORT,570,575,40.0,0.04,TP,15.86,26199.5,25888.75,real,
2025-11-05,LONG,570,575,40.0,0.04,TP,15.86,25893.5,25544.0,real,
2025-11-06,LONG,595,600,-25.0,0.04,SL,-10.14,25880.0,25488.0,real,
2025-11-13,LONG,570,575,-25.0,0.04,SL,-10.14,25780.75,25488.75,real,
2025-11-18,LONG,570,575,-25.0,0.04,SL,-10.14,25254.0,24731.75,real,
2025-11-19,SHORT,590,595,-25.0,0.04,SL,-10.14,24832.0,24376.25,real,
2025-11-21,LONG,585,590,40.0,0.04,TP,15.86,25310.0,24098.0,real,
2025-11-24,SHORT,570,575,-25.0,0.04,SL,-10.14,24596.25,23927.25,real,
2025-11-25,SHORT,740,750,-25.0,0.04,SL,-10.14,24993.5,24516.75,real,
2025-11-28,SHORT,570,575,-25.0,0.04,SL,-10.14,25317.75,25285.75,real,
2025-12-02,SHORT,570,575,-25.0,0.04,SL,-10.14,25495.75,25209.25,real,
2025-12-03,LONG,590,600,40.0,0.04,TP,15.86,25670.0,25414.5,real,
2025-12-04,SHORT,570,575,-25.0,0.04,SL,-10.14,25685.25,25430.0,real,
2025-12-05,SHORT,570,580,40.0,0.04,TP,15.86,25713.0,25488.75,real,
2025-12-08,SHORT,570,580,40.0,0.04,TP,15.86,25868.0,25651.25,real,
2025-12-09,LONG,570,575,40.0,0.04,TP,15.86,25860.75,25564.75,real,
2025-12-10,LONG,575,585,40.0,0.04,TP,15.86,25735.75,25560.0,real,
2025-12-11,LONG,585,590,-25.0,0.04,SL,-10.14,25870.75,25528.75,real,
2025-12-12,LONG,605,610,40.0,0.04,TP,15.86,25722.75,25390.25,real,
2025-12-15,LONG,615,620,-25.0,0.04,SL,-10.14,25619.5,25118.0,real,
2025-12-16,LONG,570,575,40.0,0.04,TP,15.86,25410.0,25033.25,real,
2025-12-17,SHORT,570,575,40.0,0.04,TP,15.86,25202.5,24933.0,real,
2025-12-23,LONG,570,585,40.0,0.04,TP,15.86,25794.75,25628.0,real,
2025-12-24,SHORT,570,670,-25.0,0.04,SL,-10.14,25820.5,25628.25,real,
2025-12-26,SHORT,570,575,-25.0,0.04,SL,-10.14,25892.0,25784.0,real,
2025-12-30,SHORT,680,695,40.0,0.04,TP,15.86,25819.0,25648.0,real,
2025-12-31,LONG,570,575,-25.0,0.04,SL,-10.14,25793.75,25668.25,real,
2026-01-02,SHORT,570,575,-25.0,0.04,SL,-10.14,25692.0,25444.5,real,
2026-01-06,SHORT,585,590,-25.0,0.04,SL,-10.14,25708.0,25538.5,real,
2026-01-07,SHORT,570,580,-25.0,0.04,SL,-10.14,25837.75,25608.0,real,
2026-01-08,LONG,570,575,-25.0,0.04,SL,-10.14,25996.25,25771.0,real,
2026-01-09,SHORT,575,585,40.0,0.04,TP,15.86,25803.0,25569.0,real,
2026-01-12,SHORT,675,780,-25.0,0.04,SL,-10.14,25985.5,25615.5,real,
2026-01-13,SHORT,575,580,-25.0,0.04,SL,-10.14,26020.5,25743.5,real,
2026-01-16,LONG,615,620,40.0,0.04,TP,15.86,25952.75,25676.5,real,
2026-01-20,LONG,570,575,-25.0,0.04,SL,-10.14,25417.25,25236.5,real,
2026-01-21,SHORT,630,635,-25.0,0.04,SL,-10.14,25429.75,25098.0,real,
2026-01-23,SHORT,600,620,-25.0,0.04,SL,-10.14,25731.75,25536.75,real,
2026-01-26,SHORT,580,595,-25.0,0.04,SL,-10.14,25845.75,25562.5,real,
2026-01-27,SHORT,570,575,40.0,0.04,TP,15.86,25936.5,25704.25,real,
2026-01-29,LONG,570,575,-25.0,0.04,SL,-10.14,26301.0,26100.75,real,
2026-02-02,LONG,570,575,40.0,0.04,TP,15.86,25940.0,25568.75,real,
2026-02-03,SHORT,570,575,40.0,0.04,TP,15.86,25949.5,25539.75,real,
2026-02-04,LONG,570,575,40.0,0.04,TP,15.86,25952.25,25219.0,real,
2026-02-05,LONG,570,575,-25.0,0.04,SL,-10.14,25390.0,24783.5,real,
2026-02-06,SHORT,585,590,-25.0,0.04,SL,-10.14,24960.75,24543.25,real,
2026-02-09,SHORT,605,615,-25.0,0.04,SL,-10.14,25222.0,24700.75,real,
2026-02-10,SHORT,570,575,40.0,0.04,TP,15.86,25428.75,24955.5,real,
2026-02-11,SHORT,570,575,-25.0,0.04,SL,-10.14,25447.25,25198.25,real,
2026-02-12,LONG,640,650,-25.0,0.04,SL,-10.14,25465.25,25058.25,real,
2026-02-13,LONG,570,575,-25.0,0.04,SL,-10.14,25392.5,24721.5,real,
2026-02-17,LONG,570,575,40.0,0.04,TP,15.86,24797.5,24670.75,real,
2026-02-18,SHORT,580,585,-25.0,0.04,SL,-10.14,24889.75,24449.25,real,
2026-02-19,LONG,575,580,-25.0,0.04,SL,-10.14,25128.25,24752.0,real,
2026-02-20,LONG,570,575,40.0,0.04,TP,15.86,24959.5,24749.0,real,
2026-02-23,LONG,660,665,-25.0,0.04,SL,-10.14,25139.5,24678.5,real,
2026-02-24,SHORT,630,655,40.0,0.04,TP,15.86,25040.0,24668.0,real,
2026-02-26,LONG,595,600,-25.0,0.04,SL,-10.14,25396.5,25156.75,real,
2026-02-27,LONG,570,575,-25.0,0.04,SL,-10.14,25342.0,24861.75,real,
2026-03-04,SHORT,570,575,40.0,0.04,TP,15.86,24850.0,24352.0,real,
2026-03-05,SHORT,600,605,40.0,0.04,TP,15.86,25217.75,24826.0,real,
2026-03-10,SHORT,570,580,40.0,0.04,TP,15.86,25058.0,24313.0,real,
2026-03-11,LONG,690,700,-25.0,0.04,SL,-10.14,25217.5,24892.25,real,
2026-03-13,LONG,645,650,-25.0,0.04,SL,-10.14,24834.5,24542.75,real,
2026-03-17,SHORT,570,585,-25.0,0.04,SL,-10.14,24816.25,24610.75,real,
2026-03-18,LONG,570,580,40.0,0.04,TP,15.86,24896.0,24730.75,real,
2026-03-23,SHORT,570,575,-25.0,0.04,SL,-10.14,24473.5,24115.0,real,
2026-03-25,SHORT,570,575,-25.0,0.04,SL,-10.14,24385.25,24134.0,real,
2026-03-30,LONG,635,640,-25.0,0.04,SL,-10.14,23664.0,23269.0,real,
2026-03-31,SHORT,585,590,-25.0,0.04,SL,-10.14,23538.25,23024.5,real,
2026-04-06,SHORT,570,575,40.0,0.04,TP,15.86,24266.75,23678.0,real,
2026-04-07,LONG,570,575,40.0,0.04,TP,15.86,24452.25,24202.75,real,
2026-04-09,SHORT,720,750,40.0,0.04,TP,15.86,25249.75,24926.5,real,
2026-04-10,SHORT,570,580,40.0,0.04,TP,15.86,25269.75,24960.5,real,
2026-04-13,LONG,570,575,-25.0,0.04,SL,-10.14,25393.0,25222.25,real,
2026-04-15,SHORT,570,575,-25.0,0.04,SL,-10.14,26003.25,25656.0,real,
2026-04-20,LONG,650,655,-25.0,0.04,SL,-10.14,26884.75,26629.5,real,
2026-04-21,SHORT,570,585,-25.0,0.04,SL,-10.14,26827.75,26568.75,real,
2026-04-22,SHORT,570,575,-25.0,0.04,SL,-10.14,26885.25,26551.75,real,
2026-04-23,SHORT,580,585,-25.0,0.04,SL,-10.14,27093.0,26811.5,real,
2026-04-27,SHORT,810,885,40.0,0.04,TP,15.86,27462.5,27130.25,real,
2026-04-29,SHORT,590,600,40.0,0.04,TP,15.86,27252.0,27009.5,real,
2026-05-01,SHORT,570,575,-25.0,0.04,SL,-10.14,27622.0,27163.25,real,
2026-05-04,SHORT,585,595,-25.0,0.04,SL,-10.14,27917.0,27617.75,real,
2026-05-05,SHORT,570,575,-25.0,0.04,SL,-10.14,27941.0,27613.0,real,
2026-05-07,SHORT,570,585,40.0,0.04,TP,15.86,28725.75,28336.0,real,
2026-05-08,SHORT,570,580,-25.0,0.04,SL,-10.14,28944.75,28552.0,real,
2026-05-11,SHORT,570,575,40.0,0.04,TP,15.86,29341.0,28859.5,real,
2026-05-12,LONG,570,575,-25.0,0.04,SL,-10.14,29480.0,29246.75,real,
2026-05-13,SHORT,570,575,40.0,0.04,TP,15.86,29296.0,28742.0,real,
2026-05-14,SHORT,570,575,-25.0,0.04,SL,-10.14,29565.5,29075.0,real,
2026-05-18,LONG,630,635,-25.0,0.04,SL,-10.14,29486.75,29089.75,real,
2026-05-19,LONG,605,610,-25.0,0.04,SL,-10.14,29356.25,28814.75,real,
2026-05-20,SHORT,570,575,40.0,0.04,TP,15.86,29126.5,28663.0,real,
2026-05-21,SHORT,790,795,-25.0,0.04,SL,-10.14,29396.75,29008.5,real,
2026-05-22,SHORT,570,575,-25.0,0.04,SL,-10.14,29554.0,29127.0,real,
2026-05-26,LONG,570,575,-25.0,0.04,SL,-10.14,29993.75,29910.0,real,
2026-05-28,SHORT,610,615,40.0,0.04,TP,15.86,30192.0,29877.5,real,
2026-05-29,SHORT,570,575,-25.0,0.04,SL,-10.14,30344.5,29920.25,real,
2026-06-01,LONG,600,605,40.0,0.04,TP,15.86,30536.0,30270.0,real,
2026-06-02,SHORT,670,715,-25.0,0.04,SL,-10.14,30693.0,30292.0,real,
2026-06-03,SHORT,570,575,40.0,0.04,TP,15.86,30721.25,30423.75,real,
2026-06-09,SHORT,570,575,-25.0,0.04,SL,-10.14,29743.0,29331.5,real,
2026-06-11,SHORT,810,815,40.0,0.04,TP,15.86,29250.0,28493.0,real,
2026-06-12,SHORT,605,610,40.0,0.04,TP,15.86,29544.25,28577.5,real,
2026-06-16,LONG,630,635,40.0,0.04,TP,15.86,30612.5,30302.25,real,
2026-06-17,LONG,600,605,-25.0,0.04,SL,-10.14,30580.75,29982.75,real,
2026-06-24,LONG,580,585,-25.0,0.04,SL,-10.14,30047.0,29577.25,real,
2026-06-26,LONG,570,575,40.0,0.04,TP,15.86,30193.0,29295.75,real,
2026-06-29,SHORT,570,575,40.0,0.04,TP,15.86,29716.0,29181.5,real,
2026-06-30,SHORT,570,575,-25.0,0.04,SL,-10.14,30069.5,29273.75,real,
2026-07-02,LONG,570,575,-25.0,0.04,SL,-10.14,30356.5,30054.0,real,
2026-07-06,SHORT,570,575,40.0,0.04,TP,15.86,29955.25,29884.5,real,
2026-07-08,LONG,570,575,-25.0,0.04,SL,-10.14,29685.75,29210.0,real,
2026-07-10,SHORT,590,605,-25.0,0.04,SL,-10.14,29993.5,29614.5,real,
2026-07-13,LONG,570,575,-25.0,0.04,SL,-10.14,30077.75,29675.0,real,
2026-07-16,LONG,575,580,-25.0,0.04,SL,-10.14,29977.5,29397.0,real,
2026-07-20,SHORT,570,575,-25.0,0.04,SL,-10.14,29050.25,28408.25,real,
2026-07-21,SHORT,570,575,-25.0,0.04,SL,-10.14,29192.5,28767.75,real,
2026-07-22,LONG,570,575,-25.0,0.04,SL,-10.14,29364.75,29064.25,real,
2026-07-24,LONG,580,585,-25.0,0.04,SL,-10.14,28883.0,28432.5,real,
2026-07-27,SHORT,570,575,-25.0,0.04,SL,-10.14,28630.75,28212.5,real,
2026-07-28,LONG,570,575,-25.0,0.03,SL,-7.605,28615.75,27939.0,real,
2026-07-29,LONG,620,625,-25.0,0.03,SL,-7.605,28080.0,27603.5,real,
2026-07-30,SHORT,590,595,-25.0,0.03,SL,-7.605,28099.5,27317.5,real,
2026-08-03,SHORT,635,645,-25.0,0.03,SL,-7.605,28725.75,28079.75,real,
2026-08-05,SHORT,570,575,40.0,0.03,TP,11.895,29956.5,29208.25,real,
2026-08-07,SHORT,570,575,40.0,0.03,TP,11.895,29686.25,29241.25,real,
2026-08-10,SHORT,570,575,-25.0,0.03,SL,-7.605,29860.25,29564.5,real,
2026-08-11,LONG,570,575,-25.0,0.03,SL,-7.605,29900.0,29718.75,real,
2026-08-13,SHORT,575,580,40.0,0.03,TP,11.895,30001.75,29818.5,real,
2026-08-14,SHORT,570,580,-25.0,0.03,SL,-7.605,30272.75,29863.5,real,
2026-08-17,SHORT,570,575,-25.0,0.03,SL,-7.605,30280.5,30028.5,real,
2026-08-19,SHORT,570,575,40.0,0.03,TP,11.895,29769.75,29514.0,real,
2026-08-20,LONG,570,575,-25.0,0.03,SL,-7.605,29742.75,29375.75,real,
2026-08-21,SHORT,570,575,40.0,0.03,TP,11.895,29470.25,29202.75,real,
2026-08-24,LONG,570,575,-25.0,0.03,SL,-7.605,29488.75,29220.0,real,
2026-08-26,LONG,625,635,40.0,0.03,TP,11.895,29414.75,29138.0,real,
2026-08-28,SHORT,580,590,40.0,0.03,TP,11.895,29704.5,29423.75,real,
2026-08-31,LONG,570,575,-25.0,0.04,SL,-10.14,29811.5,29436.25,real,
2026-09-02,LONG,590,600,40.0,0.03,TP,11.895,29317.75,29002.0,real,
2026-09-03,SHORT,570,575,-25.0,0.04,SL,-10.14,29213.0,29017.25,real,
2026-09-04,SHORT,570,585,40.0,0.03,TP,11.895,29584.25,29199.5,real,
2026-09-08,SHORT,570,580,40.0,0.04,TP,15.86,29645.25,29563.5,real,
2026-09-09,LONG,570,590,40.0,0.04,TP,15.86,29686.5,29424.75,real,
2026-09-16,SHORT,570,585,-25.0,0.04,SL,-10.14,29157.0,28918.75,real,
2026-09-22,SHORT,570,575,-25.0,0.04,SL,-10.14,30862.75,30216.5,real,
2026-09-23,LONG,605,610,-25.0,0.04,SL,-10.14,31065.5,30763.5,real,
2026-09-25,SHORT,570,575,-25.0,0.04,SL,-10.14,30827.5,30493.25,real,
2026-09-28,LONG,570,575,-25.0,0.03,SL,-7.605,30951.5,30684.0,real,
2026-09-30,SHORT,570,575,40.0,0.03,TP,11.895,30725.5,30504.5,real,
2026-10-01,LONG,585,590,40.0,0.04,TP,15.86,30906.0,30680.75,real,
2026-10-05,SHORT,655,670,40.0,0.04,TP,15.86,31282.5,30988.0,real,
2025-10-14,LONG,570,575,-25.0,0.03,SL,-7.605,24965.0,24724.5,rechazado,gap (abre >50 pts fuera)
2025-10-15,SHORT,570,575,-25.0,0.03,SL,-7.605,24947.5,24421.0,rechazado,gap (abre >50 pts fuera)
2025-10-20,SHORT,570,575,-25.0,0.03,SL,-7.605,25055.75,24672.5,rechazado,gap (abre >50 pts fuera)
2025-10-24,SHORT,570,575,-25.0,0.04,SL,-10.14,25288.0,24999.0,rechazado,gap (abre >50 pts fuera)
2025-10-27,SHORT,570,585,-25.0,0.04,SL,-10.14,25570.75,25429.75,rechazado,gap (abre >50 pts fuera)
2025-10-28,SHORT,570,590,40.0,0.03,TP,11.895,25981.25,25796.5,rechazado,gap (abre >50 pts fuera)
2025-11-04,LONG,570,575,40.0,0.04,TP,15.86,26266.0,26015.5,rechazado,gap (abre >50 pts fuera)
2025-11-07,LONG,570,575,-25.0,0.04,SL,-10.14,25685.75,25197.75,rechazado,gap (abre >50 pts fuera)
2025-11-10,SHORT,570,575,-25.0,0.04,SL,-10.14,25173.0,24709.25,rechazado,gap (abre >50 pts fuera)
2025-11-12,SHORT,570,575,-25.0,0.04,SL,-10.14,25696.25,25478.5,rechazado,gap (abre >50 pts fuera)
2025-11-14,LONG,570,575,40.0,0.03,TP,11.895,25502.0,25002.5,rechazado,gap (abre >50 pts fuera)
2025-11-20,SHORT,570,575,-25.0,0.03,SL,-7.605,24988.0,24507.0,rechazado,gap (abre >50 pts fuera)
2025-11-26,SHORT,570,575,40.0,0.03,TP,11.895,25135.25,24602.0,rechazado,gap (abre >50 pts fuera)
2025-12-01,LONG,570,575,-25.0,0.03,SL,-7.605,25499.75,25331.0,rechazado,gap (abre >50 pts fuera)
2025-12-22,SHORT,570,585,-25.0,0.04,SL,-10.14,25178.0,24929.5,rechazado,gap (abre >50 pts fuera)
2025-12-29,LONG,570,575,40.0,0.04,TP,15.86,25935.25,25834.25,rechazado,gap (abre >50 pts fuera)
2026-01-14,LONG,570,575,-25.0,0.04,SL,-10.14,26042.75,25803.25,rechazado,gap (abre >50 pts fuera)
2026-01-15,SHORT,570,580,-25.0,0.03,SL,-7.605,25790.25,25420.75,rechazado,gap (abre >50 pts fuera)
2026-01-19,LONG,570,580,-25.0,0.04,SL,-10.14,25891.0,25591.5,rechazado,gap (abre >50 pts fuera)
2026-01-22,SHORT,570,575,-25.0,0.03,SL,-7.605,25653.5,25127.5,rechazado,gap (abre >50 pts fuera)
2026-01-28,SHORT,570,580,-25.0,0.03,SL,-7.605,26114.25,25917.25,rechazado,gap (abre >50 pts fuera)
2026-02-25,SHORT,570,575,-25.0,0.03,SL,-7.605,25078.75,24694.5,rechazado,gap (abre >50 pts fuera)
2026-03-02,LONG,570,575,-25.0,0.03,SL,-7.605,25036.75,24782.0,rechazado,gap (abre >50 pts fuera)
2026-03-03,LONG,570,575,-25.0,0.03,SL,-7.605,25101.0,24605.0,rechazado,gap (abre >50 pts fuera)
2026-03-06,LONG,570,575,-25.0,0.03,SL,-7.605,25209.75,24772.5,rechazado,gap (abre >50 pts fuera)
2026-03-09,LONG,570,575,-25.0,0.03,SL,-7.605,24926.25,24601.0,rechazado,gap (abre >50 pts fuera)
2026-03-12,LONG,570,580,-25.0,0.03,SL,-7.605,25180.0,24873.5,rechazado,gap (abre >50 pts fuera)
2026-03-19,LONG,570,575,-25.0,0.03,SL,-7.605,24780.0,24425.5,rechazado,gap (abre >50 pts fuera)
2026-03-24,LONG,570,575,-25.0,0.03,SL,-7.605,24690.0,24308.5,rechazado,gap (abre >50 pts fuera)
2026-03-26,LONG,570,575,-25.0,0.03,SL,-7.605,24526.0,24286.5,rechazado,gap (abre >50 pts fuera)
2026-03-27,LONG,570,575,-25.0,0.03,SL,-7.605,24242.5,23775.0,rechazado,gap (abre >50 pts fuera)
2026-04-01,SHORT,570,575,-25.0,0.03,SL,-7.605,23975.25,23376.5,rechazado,gap (abre >50 pts fuera)
2026-04-02,LONG,570,575,-25.0,0.03,SL,-7.605,24348.25,24043.25,rechazado,gap (abre >50 pts fuera)
2026-04-08,SHORT,570,575,40.0,0.03,TP,11.895,24381.0,23941.5,rechazado,gap (abre >50 pts fuera)
2026-04-14,SHORT,570,575,-25.0,0.03,SL,-7.605,25550.25,25160.0,rechazado,gap (abre >50 pts fuera)
2026-04-16,SHORT,570,580,40.0,0.03,TP,11.895,26377.5,25982.25,rechazado,gap (abre >50 pts fuera)
2026-04-17,SHORT,570,575,-25.0,0.03,SL,-7.605,26564.0,26275.5,rechazado,gap (abre >50 pts fuera)
2026-04-24,SHORT,570,575,-25.0,0.03,SL,-7.605,27155.75,26681.75,rechazado,gap (abre >50 pts fuera)
2026-04-28,LONG,570,575,40.0,0.03,TP,11.895,27454.75,27298.5,rechazado,gap (abre >50 pts fuera)
2026-04-30,SHORT,570,575,-25.0,0.03,SL,-7.605,27340.25,27124.25,rechazado,gap (abre >50 pts fuera)
2026-05-06,SHORT,570,575,40.0,0.03,TP,11.895,28188.25,27971.0,rechazado,gap (abre >50 pts fuera)
2026-05-15,LONG,570,575,-25.0,0.03,SL,-7.605,29782.0,29458.5,rechazado,gap (abre >50 pts fuera)
2026-05-25,SHORT,570,585,-25.0,0.03,SL,-7.605,29749.0,29490.25,rechazado,gap (abre >50 pts fuera)
2026-05-27,SHORT,570,575,40.0,0.03,TP,11.895,30118.75,29826.75,rechazado,gap (abre >50 pts fuera)
2026-06-04,LONG,570,575,-25.0,0.03,SL,-7.605,30807.75,30496.0,rechazado,gap (abre >50 pts fuera)
2026-06-05,LONG,570,575,-25.0,0.03,SL,-7.605,30603.25,30151.0,rechazado,gap (abre >50 pts fuera)
2026-06-15,SHORT,570,575,-25.0,0.03,SL,-7.605,29760.0,29230.0,rechazado,gap (abre >50 pts fuera)
2026-06-19,SHORT,570,575,-25.0,0.03,SL,-7.605,30228.25,29616.0,rechazado,gap (abre >50 pts fuera)
2026-06-22,SHORT,570,575,-25.0,0.03,SL,-7.605,30705.0,30631.75,rechazado,gap (abre >50 pts fuera)
2026-06-23,LONG,570,575,-25.0,0.03,SL,-7.605,30968.0,30503.0,rechazado,gap (abre >50 pts fuera)
2026-06-25,SHORT,570,575,-25.0,0.03,SL,-7.605,29907.5,29264.75,rechazado,gap (abre >50 pts fuera)
2026-07-07,LONG,570,575,-25.0,0.03,SL,-7.605,30094.0,29776.25,rechazado,gap (abre >50 pts fuera)
2026-07-09,SHORT,570,575,-25.0,0.03,SL,-7.605,29500.0,29034.0,rechazado,gap (abre >50 pts fuera)
2026-07-14,SHORT,570,575,-25.0,0.03,SL,-7.605,29752.5,29393.25,rechazado,gap (abre >50 pts fuera)
2026-07-15,SHORT,570,575,40.0,0.03,TP,11.895,29895.75,29567.5,rechazado,gap (abre >50 pts fuera)
2026-07-17,LONG,570,575,-25.0,0.03,SL,-7.605,29532.0,29078.5,rechazado,gap (abre >50 pts fuera)
2026-07-23,LONG,570,575,40.0,0.03,TP,11.895,29342.25,29090.0,rechazado,gap (abre >50 pts fuera)
2026-07-31,SHORT,570,575,-25.0,0.03,SL,-7.605,28297.75,27813.25,rechazado,gap (abre >50 pts fuera)
2026-08-04,SHORT,570,575,-25.0,0.02,SL,-5.07,28964.25,28313.5,rechazado,gap (abre >50 pts fuera)
2026-08-06,LONG,570,575,40.0,0.02,TP,7.93,30074.0,29592.75,rechazado,gap (abre >50 pts fuera)
2026-08-12,SHORT,570,575,-25.0,0.03,SL,-7.605,29842.5,29533.5,rechazado,gap (abre >50 pts fuera)
2026-08-18,LONG,570,575,40.0,0.02,TP,7.93,30287.5,30066.5,rechazado,gap (abre >50 pts fuera)
2026-08-25,SHORT,570,575,40.0,0.02,TP,7.93,29243.0,28946.75,rechazado,gap (abre >50 pts fuera)
2026-08-27,SHORT,570,575,-25.0,0.03,SL,-7.605,29368.25,29156.75,rechazado,gap (abre >50 pts fuera)
2026-09-01,LONG,570,575,-25.0,0.03,SL,-7.605,29538.25,29355.0,rechazado,gap (abre >50 pts fuera)
2026-09-10,LONG,570,575,40.0,0.03,TP,11.895,29593.75,29358.0,rechazado,gap (abre >50 pts fuera)
2026-09-11,SHORT,570,575,40.0,0.03,TP,11.895,29275.0,29057.5,rechazado,gap (abre >50 pts fuera)
2026-09-14,LONG,570,575,-25.0,0.03,SL,-7.605,29499.75,29334.0,rechazado,gap (abre >50 pts fuera)
2026-09-17,SHORT,570,585,-25.0,0.03,SL,-7.605,29252.25,28763.75,rechazado,gap (abre >50 pts fuera)
2026-09-21,SHORT,570,575,-25.0,0.03,SL,-7.605,29498.25,29309.0,rechazado,gap (abre >50 pts fuera)
2026-09-24,LONG,570,575,40.0,0.03,TP,11.895,31013.0,30642.75,rechazado,gap (abre >50 pts fuera)
2026-10-02,SHORT,570,575,40.0,0.03,TP,11.895,30883.5,30529.25,rechazado,gap (abre >50 pts fuera)
2026-10-06,SHORT,570,575,-25.0,0.03,SL,-7.605,31371.0,31044.25,rechazado,gap (abre >50 pts fuera)
