Inicio,Fin,N,WR,PF,Neto_pts,MaxDD_pts,PF_1h
2015-01-01,2015-06-30,118,46.61016949152542,0.7279118673465326,-443.0089999999882,488.0829999999901,
2015-02-01,2015-07-31,122,48.36065573770492,0.7813726871170458,-350.7737499999887,530.0479999999943,
2015-03-01,2015-08-31,124,49.193548387096776,0.713982968862125,-517.3824999999873,640.9634999999919,
2015-04-01,2015-09-30,125,47.199999999999996,0.6447758367388702,-723.0717499999884,776.066999999989,
2015-05-01,2015-10-31,124,45.16129032258064,0.6491893268646836,-726.2079999999892,914.1559999999921,
2015-06-01,2015-11-30,125,45.6,0.6902270254034113,-629.0962499999895,914.1559999999921,
2015-07-01,2015-12-31,123,45.52845528455284,0.7333523384945081,-554.4297499999935,814.7922499999964,
2015-08-01,2016-01-31,117,41.02564102564102,0.5908417970028704,-929.6437499999939,929.6437499999961,
2015-09-01,2016-02-29,113,38.05309734513274,0.5378799535592905,-1073.686249999996,1080.5922499999986,
2015-10-01,2016-03-31,112,41.964285714285715,0.6368935900292321,-724.423249999995,864.7147499999975,
2015-11-01,2016-04-30,113,50.442477876106196,0.8592656700232326,-258.51474999999414,864.7147499999971,
2015-12-01,2016-05-31,113,48.67256637168141,0.8334730438750342,-318.7949999999929,864.7147499999975,
2016-01-01,2016-06-30,114,51.75438596491229,0.8788253333537472,-223.6239999999941,706.5937499999977,
2016-02-01,2016-07-31,117,55.55555555555556,1.058779479398962,94.93725000000757,399.93924999999746,
2016-03-01,2016-08-31,121,57.85123966942148,1.3520243316817702,441.12125000000975,212.03199999999856,
2016-04-01,2016-09-30,120,57.49999999999999,1.3828931714745956,491.21700000000715,229.07874999999706,
2016-05-01,2016-10-31,118,55.932203389830505,1.2249204864889347,277.8675000000097,229.07874999999564,
2016-06-01,2016-11-30,116,53.44827586206896,1.0125506429864473,16.76000000000971,292.25749999999584,
2016-07-01,2016-12-31,113,52.21238938053098,1.0535386523792118,67.37300000000991,292.2574999999958,
2016-08-01,2017-01-31,113,50.442477876106196,0.975716661188699,-30.605499999988503,292.25749999999584,
2016-09-01,2017-02-28,111,49.549549549549546,0.989853610596324,-13.214999999990665,370.4542499999922,
2016-10-01,2017-03-31,113,51.32743362831859,0.9537700640349609,-57.800999999989195,370.45424999999216,
2016-11-01,2017-04-30,113,52.21238938053098,1.0139393927226372,17.35775000000867,291.473999999994,
2016-12-01,2017-05-31,116,51.724137931034484,1.0493745746231387,57.202000000006166,236.60049999999595,
2017-01-01,2017-06-30,119,52.94117647058824,1.2153710748233755,247.08775000000756,198.22124999999684,
2017-02-01,2017-07-31,118,52.54237288135594,1.3205579434697479,363.7207500000051,178.25649999999922,
2017-03-01,2017-08-31,121,57.02479338842975,1.3667778056544926,459.76900000000614,178.25649999999922,
2017-04-01,2017-09-30,116,54.310344827586206,1.2564966668093067,332.6840000000068,184.26174999999932,
2017-05-01,2017-10-31,120,50.83333333333333,1.1352155070636154,178.0927500000078,184.2617499999991,
2017-06-01,2017-11-30,118,54.23728813559322,1.2719317756040887,341.1085000000113,184.26174999999924,
2017-07-01,2017-12-31,115,53.04347826086957,1.103496050882682,136.47825000001197,184.2617499999991,
2017-08-01,2018-01-31,115,50.43478260869565,0.8403800688676001,-253.80849999998927,444.4674999999993,
2017-09-01,2018-02-28,112,43.75,0.6193017716836788,-703.2517499999906,820.6175,
2017-10-01,2018-03-31,115,40.0,0.5312389223977628,-1045.340249999993,1196.7675000000002,
2017-11-01,2018-04-30,113,36.283185840707965,0.49769961933484297,-1261.9027499999925,1463.184499999997,
2017-12-01,2018-05-31,114,35.08771929824561,0.4759736499183465,-1404.5652499999942,1645.728749999995,
2018-01-01,2018-06-30,116,33.62068965517241,0.47847856420951757,-1473.6147499999965,1584.2647499999928,
2018-02-01,2018-07-31,118,36.440677966101696,0.5524190303354384,-1243.0207499999954,1282.1707499999916,
2018-03-01,2018-08-31,120,41.66666666666667,0.6788009224596139,-803.2939999999961,902.903499999998,
2018-04-01,2018-09-30,117,44.44444444444444,0.7606985554325055,-541.8197499999953,544.0517499999977,
2018-05-01,2018-10-31,116,45.689655172413794,0.7882345170789429,-480.1317499999965,590.7817499999964,
2018-06-01,2018-11-30,116,43.103448275862064,0.7416258400316867,-624.7747499999983,650.3809999999985,
2018-07-01,2018-12-31,111,38.73873873873874,0.5963326708073322,-1028.4227499999984,1067.5727499999996,
2018-08-01,2019-01-31,111,37.83783783783784,0.5436400541919437,-1192.2702499999968,1314.0892499999975,
2018-09-01,2019-02-28,107,38.31775700934579,0.5621676355233274,-1121.7442499999959,1361.739249999997,
2018-10-01,2019-03-31,110,35.45454545454545,0.5093974185426177,-1363.3427499999952,1363.3427499999937,
2018-11-01,2019-04-30,111,37.83783783783784,0.5564270604432329,-1178.2454999999968,1297.795249999998,
2018-12-01,2019-05-31,108,37.03703703703704,0.5193811927970875,-1278.455999999996,1278.4559999999965,
2019-01-01,2019-06-30,110,38.18181818181819,0.538683713882345,-1212.3549999999955,1364.9154999999964,
2019-02-01,2019-07-31,111,40.54054054054054,0.605762230488417,-980.1397499999945,1126.7432499999984,
2019-03-01,2019-08-31,115,35.65217391304348,0.4980054846062741,-1412.0924999999947,1412.0924999999925,
2019-04-01,2019-09-30,114,36.84210526315789,0.5194181277647449,-1314.8782499999952,1429.1127499999952,
2019-05-01,2019-10-31,115,34.78260869565217,0.4652322763145369,-1547.3037499999932,1700.2972499999937,
2019-06-01,2019-11-30,117,36.75213675213676,0.5005822143180314,-1419.3212499999931,1458.4712499999919,
2019-07-01,2019-12-31,120,39.166666666666664,0.5433246146740126,-1271.720499999994,1365.7929999999956,
2019-08-01,2020-01-31,120,39.166666666666664,0.5392728718078643,-1321.7147499999965,1400.0147499999948,
2019-09-01,2020-02-29,117,38.46153846153847,0.5290899918064995,-1307.236999999997,1307.2369999999978,
2019-10-01,2020-03-31,118,37.28813559322034,0.5042037714155733,-1424.3269999999977,1461.7769999999987,
2019-11-01,2020-04-30,117,35.8974358974359,0.48711502334450624,-1497.1362499999973,1536.2862499999967,
2019-12-01,2020-05-31,118,31.35593220338983,0.4094332399326842,-1853.833499999999,1892.9834999999982,
2020-01-01,2020-06-30,120,26.666666666666668,0.3480502464453802,-2247.57575,2295.302749999997,
2020-02-01,2020-07-31,120,22.5,0.28089937947696014,-2625.9524999999994,2665.102499999995,
2020-03-01,2020-08-31,122,23.770491803278688,0.29166317851180706,-2606.054749999997,2606.054749999991,
2020-04-01,2020-09-30,123,20.32520325203252,0.2359970134172199,-2966.904749999997,3004.3547499999904,
2020-05-01,2020-10-31,121,20.66115702479339,0.2389436546183226,-2919.015249999999,2919.0152499999913,
2020-06-01,2020-11-30,120,22.5,0.25565769259190063,-2790.2512499999984,2790.2512499999903,
2020-07-01,2020-12-31,117,25.64102564102564,0.3048124020289446,-2453.610749999997,2531.9107499999923,
2020-08-01,2021-01-31,112,25.0,0.30197681304480906,-2378.075999999998,2431.8682499999927,
2020-09-01,2021-02-28,110,21.818181818181817,0.25709444650024194,-2609.9015,2647.3514999999948,
2020-10-01,2021-03-31,112,25.0,0.2981883487789242,-2408.1965,2484.796499999995,
2020-11-01,2021-04-30,115,26.08695652173913,0.30223613203907596,-2401.3782499999984,2457.3597499999955,
2020-12-01,2021-05-31,115,26.956521739130434,0.31656452668312374,-2324.148249999997,2346.3594999999905,
2021-01-01,2021-06-30,117,29.059829059829063,0.3553705067444931,-2165.8482499999964,2204.99824999999,
2021-02-01,2021-07-31,121,30.57851239669421,0.3843962834492366,-2070.8947499999977,2129.1702499999906,
2021-03-01,2021-08-31,125,33.6,0.43730339191845197,-1869.9287499999973,1869.9287499999925,
2021-04-01,2021-09-30,123,36.58536585365854,0.5093004408596783,-1530.4459218749948,1530.445921874992,
2021-05-01,2021-10-31,122,36.885245901639344,0.5306943796859352,-1458.9641718749963,1537.2641718749942,
2021-06-01,2021-11-30,123,36.58536585365854,0.5326967261865079,-1471.8286718749991,1695.5426718749966,
2021-07-01,2021-12-31,123,31.70731707317073,0.4250402030342989,-1951.8286718749994,1990.9786718749976,
2021-08-01,2022-01-31,122,28.688524590163933,0.36708952802515554,-2249.3321718749985,2249.3321718749958,
2021-09-01,2022-02-28,118,23.728813559322035,0.29000457721338263,-2610.2981718749984,2661.2859999999987,
2021-10-01,2022-03-31,119,20.168067226890756,0.23923571474586056,-2952.336000000001,2989.7859999999964,
2021-11-01,2022-04-30,117,15.384615384615385,0.1714857262960074,-3350.636000000002,3389.785999999996,
2021-12-01,2022-05-31,117,13.675213675213676,0.15182326066143945,-3499.4500000000003,3499.449999999993,
2022-01-01,2022-06-30,115,13.043478260869565,0.1450538758747616,-3461.2457500000005,3500.395749999993,
2022-02-01,2022-07-31,114,11.403508771929824,0.12445756145711079,-3580.3957500000006,3580.395749999993,
2022-03-01,2022-08-31,118,12.711864406779661,0.1415957326699089,-3560.120750000001,3560.120749999994,
2022-04-01,2022-09-30,117,13.675213675213676,0.1540705183763343,-3439.270750000001,3439.270749999994,
2022-05-01,2022-10-31,118,14.40677966101695,0.16369992577485518,-3400.120750000001,3400.120749999994,
2022-06-01,2022-11-30,119,15.126050420168067,0.17332933317337607,-3360.970750000001,3439.2707499999933,
2022-07-01,2022-12-31,119,16.80672268907563,0.1947531075308265,-3237.475000000001,3237.474999999993,
2022-08-01,2023-01-31,120,18.333333333333332,0.21642742720733726,-3118.325000000001,3118.3249999999944,
2022-09-01,2023-02-28,114,18.421052631578945,0.2164093654992695,-2976.9,2976.899999999994,
2022-10-01,2023-03-31,115,14.782608695652174,0.16625034346663997,-3337.7500000000005,3337.749999999994,
2022-11-01,2023-04-30,112,16.071428571428573,0.18542380008014767,-3095.783000000001,3134.932999999995,
2022-12-01,2023-05-31,112,14.285714285714285,0.16404844536010227,-3191.9842499999995,3191.9842499999927,
2023-01-01,2023-06-30,114,16.666666666666664,0.19691416431234215,-3033.684249999999,3033.684249999992,
2023-02-01,2023-07-31,115,20.0,0.2440480648558835,-2735.3069999999993,2874.5109999999913,
2023-03-01,2023-08-31,122,21.311475409836063,0.2645603463571599,-2781.256999999999,2781.2569999999914,
2023-04-01,2023-09-30,121,25.6198347107438,0.3412789365769632,-2308.9549999999977,2308.9549999999917,
2023-05-01,2023-10-31,125,24.0,0.30865358043317537,-2591.7719999999968,2591.7719999999913,
2023-06-01,2023-11-30,125,26.400000000000002,0.34539591107319606,-2415.5707499999985,2454.720749999994,
2023-07-01,2023-12-31,121,23.96694214876033,0.30468304573486127,-2551.282000000001,2551.2819999999956,
2023-08-01,2024-01-31,122,22.950819672131146,0.2894212149948545,-2691.359250000001,2728.8092499999957,
2023-09-01,2024-02-29,117,23.076923076923077,0.2916676467790425,-2567.1092500000004,2682.859249999995,
2023-10-01,2024-03-31,115,21.73913043478261,0.267739081938759,-2676.8612500000017,2755.1612499999965,
2023-11-01,2024-04-30,114,21.052631578947366,0.25702951866120866,-2716.011250000002,2716.011249999996,
2023-12-01,2024-05-31,114,19.298245614035086,0.2207361642678271,-2912.351500000003,2951.5014999999976,
2024-01-01,2024-06-30,115,22.608695652173914,0.2681513793957069,-2660.7454374999984,2660.7454374999925,
2024-02-01,2024-07-31,115,18.26086956521739,0.2029101181020344,-3060.7454374999984,3060.7454374999925,
2024-03-01,2024-08-31,117,15.384615384615385,0.16362018285671945,-3382.445437499998,3382.4454374999914,
2024-04-01,2024-09-30,117,15.384615384615385,0.15702102110455934,-3409.1334374999965,3409.133437499989,
2024-05-01,2024-10-31,118,16.101694915254235,0.166701670932088,-3369.9834374999964,3369.9834374999905,
2024-06-01,2024-11-30,115,18.26086956521739,0.1961738098648414,-3086.612187499996,3129.393187499989,0.6992811271925623
2024-07-01,2024-12-31,115,13.043478260869565,0.12852949816401502,-3559.956999999999,3559.956999999991,0.5337551322608871
2024-08-01,2025-01-31,112,13.392857142857142,0.13250463728248968,-3437.4069999999992,3437.4069999999915,0.5981546125914363
2024-09-01,2025-02-28,109,15.59633027522936,0.16054041828534973,-3154.8569999999986,3154.856999999993,0.6930400342140988
2024-10-01,2025-03-31,111,13.513513513513514,0.14069027947776405,-3369.869,3369.8689999999947,0.5951271445276369
2024-11-01,2025-04-30,109,13.761467889908257,0.14368368967941864,-3288.1690000000003,3366.4689999999946,0.504604976723936
2024-12-01,2025-05-31,110,11.818181818181818,0.1189088190387256,-3491.2797500000015,3491.2797499999947,0.4913258983890955
2025-01-01,2025-06-30,111,13.513513513513514,0.13759607048143532,-3382.003250000003,3382.003249999996,0.5474774296335637
2025-02-01,2025-07-31,114,17.543859649122805,0.19150153649834548,-3104.5532500000036,3104.5532499999963,0.5981358762997685
2025-03-01,2025-08-31,116,18.103448275862068,0.19639225665141968,-3118.6007500000032,3118.600749999996,0.635833515562359
2025-04-01,2025-09-30,115,20.0,0.21460360198168915,-2938.4348125000038,2977.584812499997,0.6551011978521275
2025-05-01,2025-10-31,117,18.803418803418804,0.1976647981858043,-3100.1348125000036,3100.134812499997,0.722538085866317
2025-06-01,2025-11-30,117,17.094017094017094,0.1833020623960259,-3222.355062500002,3222.3550624999957,0.7333222364016351
2025-07-01,2025-12-31,120,19.166666666666668,0.20077940818639095,-3153.3966249999976,3231.696624999992,0.7018941405558508
2025-08-01,2026-01-31,116,15.517241379310345,0.14961800893864705,-3389.996624999998,3389.9966249999916,0.7080873241489906
2025-09-01,2026-02-28,115,13.043478260869565,0.12077772892423257,-3576.799124999998,3576.7991249999914,0.5193189259986903
2025-10-01,2026-03-31,116,12.068965517241379,0.11753544471644287,-3676.9650624999977,3676.9650624999904,0.5734201056065652
2025-11-01,2026-04-30,115,11.304347826086957,0.10866745693974454,-3695.872062499999,3735.0220624999924,0.4415435774495398
2025-12-01,2026-05-31,116,11.206896551724139,0.10760733270811104,-3736.722062499999,3736.722062499992,0.39251710583782207
2026-01-01,2026-06-30,113,6.1946902654867255,0.06358679649928056,-4035.807000000002,4035.806999999994,0.3694278643179502
2026-02-01,2026-07-31,116,9.482758620689655,0.10087826044792142,-3838.357000000002,3838.356999999994,0.31274819126366754
2026-03-01,2026-08-31,118,10.16949152542373,0.10900593685590951,-3840.0570000000016,3840.0569999999943,0.3626021892753221
2026-04-01,2026-09-30,118,9.322033898305085,0.09898391226989076,-3920.0570000000016,3920.0569999999943,0.3296383538866565
