Año,N,WR,PF,Neto_pts,MaxDD_pts,Ret_%,ATR_%,PF_escalado,PF_pesim,Nota,PF_60/60,PF_40/80,PF_20/40,Tendencia,Volatilidad
2015,241,46.058091286307054,0.7309630690758708,-997.4387499999815,1169.1319999999866,8.862786972770964,1.5522014767537504,0.1808484008709494,0.8842878674330413,,0.8965729180124222,0.8963294051930993,0.7799847876390436,lateral,normal
2016,227,51.98237885462555,0.9496592557510959,-156.2509999999843,706.5937499999977,6.021470219606551,1.4972964603990104,0.16439094466140683,1.059097323883968,,1.185201535960478,1.0289757831960997,1.0456538709512737,lateral,normal
2017,234,52.991452991452995,1.1555451741441298,383.56600000001964,198.22124999999684,31.758840460526304,0.9544609509682395,0.2834893426889926,1.2218229073374667,,1.3884811162982036,1.3842445252248137,0.9789199361252486,alcista,baja
2018,227,36.12334801762114,0.5343578980984899,-2502.0374999999954,2502.0374999999804,-1.1780768480592951,1.8898837462758706,0.08827093302150928,0.6468158056279371,,0.7509942680528184,0.7880424332531668,0.4251324109040938,lateral,normal
2019,230,38.69565217391304,0.5410713423005847,-2484.075499999989,2602.52149999998,38.19523941104488,1.5831592973649493,0.1351223001910495,0.662254089120163,,0.6932976169382018,0.7331720787258545,0.5187815789950795,alcista,normal
2020,237,26.160337552742618,0.3261773753714993,-4701.186499999998,4827.213499999998,47.224999285897916,2.78553136121487,0.06977578972575449,0.3814398180672543,,0.4419859189012544,0.5844839192190692,0.28194092075359,alcista,alta
2021,240,30.416666666666664,0.3903852792883329,-4117.676921874996,4117.676921874979,26.659811415932634,1.6869499820947849,0.18593065754142052,0.43034249471458774,,0.5960374046524095,0.7235900839039304,0.3692192844709018,alcista,normal
2022,234,14.957264957264957,0.16981719756512934,-6698.720750000002,6737.870750000029,-32.46480707075349,3.0181240567092216,0.06098809391343048,0.1800011183666876,,0.29438829642495407,0.3373763004407971,0.12860944121415196,bajista,alta
2023,235,20.425531914893615,0.25001496454117134,-5584.9662499999995,5584.9662500000095,54.446687382340265,1.746618820473165,0.1409011019118722,0.27987629169814643,,0.47661551572694827,0.48640093334422435,0.28780023654326714,alcista,normal
2024,230,17.82608695652174,0.19427736816200752,-6220.702437499997,6220.7024375000165,24.689399947131907,1.611403212741512,0.08964194528987768,0.2079034796293058,,0.2968356579003623,0.357053123685073,0.1149720037923147,alcista,normal
2025,231,16.450216450216452,0.16928407337826654,-6535.399875000001,6535.399875000024,19.92909806138554,1.9665721734265817,0.11684427362769247,0.19467181762545904,,0.3096511605255797,0.33177513187146107,0.16581139374214943,alcista,normal
2026*,178,8.98876404494382,0.09494567376490666,-5971.057000000002,5971.057000000017,23.37592190676343,1.9314159288903268,0.07550906865472347,0.10119586124056348,,0.16169605462289066,0.1888563275213467,0.1117677286742035,alcista,normal
