SL,TP,MaxTrades,Modo,Trailing,HoraLimite,Total_Trades,Win_Rate,Profit_Factor,Expectancy,Neto_USD,Retorno_Pct,Max_DD_Pct,Max_DD_USD,Sharpe_Ratio,Sortino_Ratio,Calmar_Ratio,Consistencia_Pct,Racha_Max_Perdidas,Racha_Max_Ganancias,Trades_por_Dia_Promedio,Estado
25,100,2,TP_FIJO,0,15:00,460,22.82608695652174,1.1125719222061075,1.0014239130434779,460.65499999999986,46.065499999999986,30.337901525066307,447.3900000000001,1.1566353311683217,2.139875618318854,1.5124125472881034,40.25423728813559,21,4,1.8181818181818181,ok
30,100,2,TP_FIJO,0,15:00,460,25.869565217391305,1.0871938564288437,0.6913695652173911,318.0299999999999,31.802999999999994,28.9775213301246,423.859999999999,0.9870426260594564,1.7065848910063806,1.093167910457424,44.49152542372881,17,4,1.8181818181818181,ok
25,100,3,TP_FIJO,0,15:00,672,23.214285714285715,1.078391453470526,0.874099702380951,587.3949999999991,58.739499999999914,36.260882112452784,678.5100000000039,1.2235588212842052,2.0292283208890374,1.6135108870710102,53.38983050847458,19,4,2.656126482213439,ok
40,100,2,TP_FIJO,0,15:00,459,31.154684095860567,1.0517063493568712,0.2969825708061001,136.31499999999994,13.631499999999994,18.26111792076725,230.17499999999905,0.6475256617921923,1.0227774876691003,0.7435262513648565,51.69491525423729,13,4,1.8142292490118577,ok
10,100,3,TP_FIJO,0,15:00,682,10.410557184750733,1.0393224978884927,0.43724340175953,298.1999999999995,29.819999999999947,42.64259439058071,623.6649999999996,0.7057763177292611,1.4704919459233539,0.696536756542013,28.8135593220339,34,3,2.6956521739130435,ok
15,100,3,TP_FIJO,0,15:00,680,14.411764705882351,1.0346480902161879,0.33177941176470555,225.6099999999998,22.56099999999998,53.49633035914223,848.0799999999995,0.6277407951913655,1.1491853337033306,0.4200629451794947,38.13559322033898,33,3,2.6877470355731226,ok
30,100,3,TP_FIJO,0,15:00,669,25.26158445440957,1.027448463611763,0.22727204783258528,152.04499999999956,15.204499999999957,36.954512129036154,579.6499999999974,0.5588367897514089,0.8545574163232497,0.4098120172490636,57.20338983050848,15,4,2.644268774703557,ok
40,100,3,TP_FIJO,0,15:00,661,30.71104387291982,1.02676750660543,0.15985627836611163,105.6649999999998,10.566499999999978,28.26644885969804,377.2199999999996,0.4900715087385019,0.7285620763166364,0.3723401984488978,61.86440677966102,15,4,2.6126482213438735,ok
20,100,3,TP_FIJO,0,15:00,677,18.020679468242246,1.026671002496599,0.24411373707533182,165.26499999999965,16.526499999999963,35.690006337328775,526.5649999999982,0.5481195473473592,0.9189896872753867,0.4612265324367732,45.76271186440678,22,3,2.675889328063241,ok
30,100,1,TP_FIJO,0,15:00,236,24.152542372881356,1.0230862360563013,0.15877118644067684,37.469999999999736,3.7469999999999732,19.550206448212272,222.5400000000003,0.26937606651980417,0.5706360236486828,0.19090282924666577,24.152542372881356,18,4,0.932806324110672,ok
25,80,2,TP_FIJO,0,15:00,460,25.0,1.0191586690550276,0.12869565217391227,59.19999999999965,5.919999999999965,36.88711403149391,463.69499999999914,0.3368815267625995,0.5520345953870582,0.15985530300579578,44.06779661016949,21,4,1.8181818181818181,ok
50,100,3,TP_FIJO,0,15:00,649,35.43913713405239,1.0185695168738087,0.09963790446841289,64.66499999999996,6.4664999999999955,27.28510685601528,343.6299999999994,0.3662527795052397,0.5392502741457812,0.23606067388526555,33.89830508474576,8,5,2.5652173913043477,ok
20,100,2,TP_FIJO,0,15:00,462,17.74891774891775,1.0164755313178988,0.12391774891774879,57.24999999999994,5.724999999999994,34.039577948218124,401.64999999999975,0.34019771535815746,0.6526807223556217,0.16752180506399236,32.20338983050847,21,3,1.826086956521739,ok
25,100,1,TP_FIJO,0,15:00,236,21.1864406779661,1.0055118536426946,0.038834745762711106,9.164999999999822,0.9164999999999821,22.723703350883742,264.78,0.16460117366872715,0.36887612891241245,0.04017291795530374,21.1864406779661,18,4,0.932806324110672,ok
20,100,1,TP_FIJO,0,15:00,236,17.796610169491526,1.0048536794550336,0.037648305084746446,8.885000000000161,0.8885000000000162,24.34056107027763,291.9200000000002,0.17900455460541229,0.4375215280391076,0.03635857611241219,17.796610169491526,20,3,0.932806324110672,ok
25,80,3,TP_FIJO,0,15:00,674,25.519287833827892,1.0006334851405996,0.004784866468842131,3.2249999999995964,0.3224999999999596,35.11930286408902,470.9199999999994,0.20064058150271183,0.30499436452808193,0.00914668772571548,57.20338983050848,19,4,2.66403162055336,ok
50,100,2,TP_FIJO,0,15:00,456,35.30701754385965,0.9994507269165087,-0.0031140350877193333,-1.420000000000016,-0.1420000000000016,26.418054926696698,338.4099999999996,0.10940539009754871,0.1610748345840842,-0.00535386634520684,54.66101694915254,12,6,1.8023715415019763,ok
20,80,1,TP_FIJO,0,15:00,236,20.76271186440678,0.9950747282608696,-0.036249999999999394,-8.554999999999858,-0.8554999999999858,31.23027132293376,391.2950000000001,0.10379817689461314,0.23105448005279453,-0.027285019981537484,20.76271186440678,20,4,0.932806324110672,ok
40,80,2,TP_FIJO,0,15:00,459,34.20479302832244,0.9940881374951528,-0.031220043572984947,-14.33000000000009,-1.4330000000000092,20.829697371635987,238.69999999999982,0.04261757423478119,0.0616529041763553,-0.06852408572786438,57.20338983050848,13,4,1.8142292490118577,ok
40,80,3,TP_FIJO,0,15:00,663,33.93665158371041,0.9890500426751471,-0.057858220211161666,-38.360000000000184,-3.8360000000000185,21.320287018917103,245.12999999999943,-0.008731682835471322,-0.012772453799070658,-0.1792113746533473,29.66101694915254,15,5,2.6205533596837944,ok
