Fecha,Dir,Hora_ent,Entrada,SL,TP,Hora_sal,Salida,Motivo,Puntos,Lotes,Neto_USD
2026-09-16,SHORT,09:30,29112.25,29137.25,29072.25,09:45,29137.25,SL,-25.0,0.04,-10.14
2026-09-17,SHORT,09:30,29346.25,29371.25,29306.25,09:45,29371.25,SL,-25.0,0.03,-7.61
2026-09-21,SHORT,09:30,30252.0,30277.0,30212.0,09:35,30277.0,SL,-25.0,0.03,-7.61
2026-09-22,SHORT,09:30,30864.75,30889.75,30824.75,09:35,30889.75,SL,-25.0,0.03,-7.61
2026-09-23,LONG,10:05,30769.5,30744.5,30809.5,10:10,30744.5,SL,-25.0,0.03,-7.61
2026-09-24,LONG,09:30,30540.5,30515.5,30580.5,09:35,30580.5,TP,40.0,0.03,11.89
2026-09-25,SHORT,09:30,30848.75,30873.75,30808.75,09:35,30873.75,SL,-25.0,0.03,-7.61
2026-09-28,LONG,09:30,30677.5,30652.5,30717.5,09:35,30652.5,SL,-25.0,0.03,-7.61
2026-09-30,SHORT,09:30,30766.75,30791.75,30726.75,09:35,30726.75,TP,40.0,0.03,11.89
2026-10-01,LONG,09:45,30709.0,30684.0,30749.0,09:50,30749.0,TP,40.0,0.03,11.89
2026-10-02,SHORT,09:30,31145.0,31170.0,31105.0,09:35,31105.0,TP,40.0,0.03,11.89
2026-10-05,SHORT,10:55,31248.25,31273.25,31208.25,11:10,31208.25,TP,40.0,0.03,11.89
2026-10-06,SHORT,09:30,31487.0,31512.0,31447.0,09:35,31512.0,SL,-25.0,0.04,-10.14
