Rank_IS,SL,TP,MaxTrades,Modo,Trailing,HoraLimite,Total_Trades_IS,Win_Rate_IS,Profit_Factor_IS,Retorno_Pct_IS,Max_DD_Pct_IS,Sharpe_Ratio_IS,Total_Trades_OOS,Win_Rate_OOS,Profit_Factor_OOS,Retorno_Pct_OOS,Max_DD_Pct_OOS,Sharpe_Ratio_OOS,Estado,Rank_OOS_Grid
1,25,100,3,TP_FIJO,0,15:00,400,24.5,1.1223792256859038,53.51049999999995,25.612845301653064,1.7734628849688998,272,21.323529411764707,1.0175831048251305,3.2894999999999843,22.02712342934356,0.396325420692854,ok,43.0
2,40,100,2,TP_FIJO,0,15:00,272,31.61764705882353,1.0614733882901388,9.533999999999997,15.92309187482389,0.7572208493270879,187,30.481283422459892,1.0546754360880757,5.735999999999996,10.906239911451378,0.6484887406723358,ok,28.0
3,30,100,3,TP_FIJO,0,15:00,398,26.13065326633166,1.051874630054716,17.965999999999998,27.027828249019613,0.90696648996669,271,23.985239852398525,0.9941547599534378,-1.0520000000000265,19.295700720522984,0.13181101822954985,ok,56.0
4,25,100,2,TP_FIJO,0,15:00,273,21.978021978021978,1.0472526246386367,11.645999999999997,30.337901525066307,0.6604313752810727,187,24.06417112299465,1.1810106537153688,25.604499999999998,14.441165867791769,1.6744098151254188,ok,2.0
5,30,100,2,TP_FIJO,0,15:00,273,25.274725274725274,1.0449047941179732,10.122999999999987,28.9775213301246,0.6374884126318199,187,26.737967914438503,1.1352343464944767,18.34649999999998,13.456932339324922,1.385540099996799,ok,6.0
6,50,100,2,TP_FIJO,0,15:00,271,35.79335793357934,1.040397625967809,6.616,19.095536230073808,0.5690976367183536,185,34.5945945945946,0.9982872703525268,-0.13900000000000395,9.272946146682703,0.08747086652607233,ok,54.0
7,40,100,3,TP_FIJO,0,15:00,390,31.538461538461537,1.0350683438573725,8.430500000000004,19.921844265519645,0.616903878216037,271,29.520295202952028,1.0191673939378152,2.9429999999999943,14.159431262844278,0.38127078894444577,ok,42.0
8,30,0,1,TRAILING,15,15:00,141,44.680851063829785,1.032347170590665,1.879499999999993,11.53516218389779,0.2783140087212247,95,38.94736842105263,0.8470138439931336,-6.862500000000008,15.888775178608677,-0.9683067824043236,ok,148.0
9,20,100,3,TP_FIJO,0,15:00,405,18.02469135802469,1.0278684844824728,10.428999999999949,33.078145704341445,0.5754054637792178,272,18.014705882352942,1.0167737223240516,3.628499999999994,24.725789580730435,0.4215352196964806,ok,44.0
10,25,80,3,TP_FIJO,0,15:00,402,26.119402985074625,1.0171692133914845,5.4719999999999995,23.934030121223127,0.4209418148442217,272,24.63235294117647,0.990462141911259,-1.707000000000022,21.17484312035123,0.08485078661382543,ok,59.0
