fecha,anio,combo,d,R,pnl,motivo,entry,fold,elegido
2019-01-02,2019,"(0.5, 0.75)",-1,-0.02310728381772698,0.1999999999998181,T,6361.0,2019,"(0.5, 0.75)"
2019-01-22,2019,"(0.5, 0.75)",1,-1.0386804442725313,-64.63214285714285,SL,6726.7,2019,"(0.5, 0.75)"
2019-02-06,2019,"(0.5, 0.75)",-1,0.4926686217008803,29.5,T,7028.1,2019,"(0.5, 0.75)"
2019-02-08,2019,"(0.5, 0.75)",1,0.9039735099337723,53.19999999999982,T,6861.0,2019,"(0.5, 0.75)"
2019-02-12,2019,"(0.5, 0.75)",-1,-1.048712595685456,-51.32142857142854,SL,6957.7,2019,"(0.5, 0.75)"
2019-02-20,2019,"(0.5, 0.75)",1,0.4873000940733934,24.700000000000728,T,7038.4,2019,"(0.5, 0.75)"
2019-02-22,2019,"(0.5, 0.75)",-1,-1.0643974241030358,-38.82142857142854,SL,7054.3,2019,"(0.5, 0.75)"
2019-03-04,2019,"(0.5, 0.75)",1,1.3856154330048438,49.70000000000073,T,7101.4,2019,"(0.5, 0.75)"
2019-03-18,2019,"(0.5, 0.75)",-1,0.06746385864717153,5.200000000000728,T,7330.6,2019,"(0.5, 0.75)"
2019-03-20,2019,"(0.5, 0.75)",-1,-1.063354149696805,-39.460714285714275,SL,7381.8,2019,"(0.5, 0.75)"
2019-03-20,2019,"(0.5, 0.75)",1,1.436645850303195,59.19107142857141,TP,7328.1,2019,"(0.5, 0.75)"
2019-03-21,2019,"(0.5, 0.75)",-1,-1.0601322910402886,-41.57499999999998,SL,7421.7,2019,"(0.5, 0.75)"
2019-04-02,2019,"(0.5, 0.75)",-1,-0.5170605669123827,-21.800000000000182,T,7477.7,2019,"(0.5, 0.75)"
2019-04-05,2019,"(0.5, 0.75)",-1,-0.37683350975351904,-15.300000000000182,T,7562.4,2019,"(0.5, 0.75)"
2019-04-08,2019,"(0.5, 0.75)",-1,-0.44522590016054137,-18.300000000000182,T,7581.3,2019,"(0.5, 0.75)"
2019-04-08,2019,"(0.5, 0.75)",1,0.9824936931427362,48.400000000000546,T,7551.2,2019,"(0.5, 0.75)"
2019-04-12,2019,"(0.5, 0.75)",-1,-0.2726550079491303,-7.300000000000182,T,7620.8,2019,"(0.5, 0.75)"
2019-04-18,2019,"(0.5, 0.75)",1,0.9428989751098217,30.100000000000364,T,7659.4,2019,"(0.5, 0.75)"
2019-04-24,2019,"(0.5, 0.75)",-1,0.8921734916403924,28.799999999999272,T,7813.4,2019,"(0.5, 0.75)"
2019-04-25,2019,"(0.5, 0.75)",1,1.4099215030240637,41.630357142857065,TP,7785.9,2019,"(0.5, 0.75)"
2019-05-14,2019,"(0.5, 0.75)",-1,0.4283450800415234,30.5,T,7431.7,2019,"(0.5, 0.75)"
2019-05-22,2019,"(0.5, 0.75)",1,-0.16283577956245274,-10.100000000000364,T,7430.6,2019,"(0.5, 0.75)"
2019-06-03,2019,"(0.5, 0.75)",1,-1.0401330122692352,-62.29285714285707,SL,7125.2,2019,"(0.5, 0.75)"
2019-06-04,2019,"(0.5, 0.75)",-1,-0.7275376396308928,-40.30000000000018,T,7125.9,2019,"(0.5, 0.75)"
2019-06-21,2019,"(0.5, 0.75)",-1,0.656072786190572,40.100000000000364,T,7766.1,2019,"(0.5, 0.75)"
2019-07-09,2019,"(0.5, 0.75)",1,1.4432186891628815,66.0428571428573,TP,7761.6,2019,"(0.5, 0.75)"
2019-07-11,2019,"(0.5, 0.75)",-1,0.41179931086645855,20.0,T,7916.2,2019,"(0.5, 0.75)"
2019-07-12,2019,"(0.5, 0.75)",-1,-0.2721459629977105,-8.900000000000546,T,7933.7,2019,"(0.5, 0.75)"
2019-07-17,2019,"(0.5, 0.75)",1,-0.4541218637992912,-15.600000000000364,T,7902.5,2019,"(0.5, 0.75)"
2019-07-24,2019,"(0.5, 0.75)",-1,-1.0673789585138125,-37.10357142857151,SL,7953.6,2019,"(0.5, 0.75)"
2019-08-06,2019,"(0.5, 0.75)",-1,0.18309938553470315,14.100000000000364,T,7531.0,2019,"(0.5, 0.75)"
2019-08-07,2019,"(0.5, 0.75)",-1,-0.2652519893899202,-15.0,T,7534.2,2019,"(0.5, 0.75)"
2019-08-20,2019,"(0.5, 0.75)",1,-0.29451786971142174,-24.399999999999636,T,7689.9,2019,"(0.5, 0.75)"
2019-08-21,2019,"(0.5, 0.75)",-1,-0.08574739281576532,-4.900000000000546,T,7726.9,2019,"(0.5, 0.75)"
2019-08-22,2019,"(0.5, 0.75)",-1,0.48599118942730846,41.899999999999636,T,7750.2,2019,"(0.5, 0.75)"
2019-08-30,2019,"(0.5, 0.75)",1,0.3692492132474101,28.899999999999636,T,7654.0,2019,"(0.5, 0.75)"
2019-09-03,2019,"(0.5, 0.75)",1,-0.49753347427766326,-32.80000000000018,T,7642.3,2019,"(0.5, 0.75)"
2019-09-09,2019,"(0.5, 0.75)",-1,0.5298107818636231,34.30000000000018,T,7867.1,2019,"(0.5, 0.75)"
2019-09-17,2019,"(0.5, 0.75)",-1,-0.6331499208562591,-27.5,T,7861.1,2019,"(0.5, 0.75)"
2019-09-18,2019,"(0.5, 0.75)",1,-1.055109431585577,-45.36428571428577,SL,7841.8,2019,"(0.5, 0.75)"
2019-09-20,2019,"(0.5, 0.75)",1,-1.0582896161212423,-42.8892857142858,SL,7883.4,2019,"(0.5, 0.75)"
2019-09-23,2019,"(0.5, 0.75)",1,0.5525564706841669,26.699999999999818,T,7792.1,2019,"(0.5, 0.75)"
2019-09-25,2019,"(0.5, 0.75)",1,1.4442985597199014,67.32321428571441,TP,7687.1,2019,"(0.5, 0.75)"
2019-09-27,2019,"(0.5, 0.75)",1,-1.0529701097237987,-47.19642857142867,SL,7717.7,2019,"(0.5, 0.75)"
2019-10-07,2019,"(0.5, 0.75)",-1,0.5380278448970279,35.900000000000546,T,7757.6,2019,"(0.5, 0.75)"
2019-10-14,2019,"(0.5, 0.75)",1,0.03842702560042757,5.100000000000364,T,7836.4,2019,"(0.5, 0.75)"
2019-10-18,2019,"(0.5, 0.75)",1,-1.0453074433656957,-55.17857142857152,SL,7915.4,2019,"(0.5, 0.75)"
2019-10-22,2019,"(0.5, 0.75)",1,-0.26707292839636276,-11.899999999999636,T,7886.9,2019,"(0.5, 0.75)"
2019-11-05,2019,"(0.5, 0.75)",-1,0.23996391520072152,12.0,T,8222.8,2019,"(0.5, 0.75)"
2019-11-05,2019,"(0.5, 0.75)",1,0.22733423545331513,11.5,T,8199.3,2019,"(0.5, 0.75)"
2019-11-08,2019,"(0.5, 0.75)",1,1.4330655957161982,56.02499999999996,TP,8198.5,2019,"(0.5, 0.75)"
2019-11-13,2019,"(0.5, 0.75)",1,0.30324909747290435,13.299999999999272,T,8245.2,2019,"(0.5, 0.75)"
2019-11-14,2019,"(0.5, 0.75)",1,0.4291970802919928,17.200000000000728,T,8241.9,2019,"(0.5, 0.75)"
2019-11-18,2019,"(0.5, 0.75)",-1,-0.5170821791320414,-13.5,T,8313.6,2019,"(0.5, 0.75)"
2019-11-22,2019,"(0.5, 0.75)",1,0.8772420218960977,29.399999999999636,T,8241.6,2019,"(0.5, 0.75)"
2019-12-05,2019,"(0.5, 0.75)",-1,-0.06013633392471694,0.2000000000007276,T,8309.5,2019,"(0.5, 0.75)"
2019-12-11,2019,"(0.5, 0.75)",-1,-0.24491253123882417,-7.299999999999272,T,8393.0,2019,"(0.5, 0.75)"
2019-12-17,2019,"(0.5, 0.75)",-1,0.13910407544631215,8.400000000001455,T,8582.7,2019,"(0.5, 0.75)"
2019-12-18,2019,"(0.5, 0.75)",-1,0.18349941646465467,9.799999999999272,T,8591.4,2019,"(0.5, 0.75)"
2020-01-03,2020,"(0.5, 0.75)",1,-0.4279656838576061,-13.0,T,8806.8,2020,"(0.5, 0.75)"
2020-01-07,2020,"(0.5, 0.75)",-1,0.033851468048350285,3.899999999999636,T,8850.0,2020,"(0.5, 0.75)"
2020-01-10,2020,"(0.5, 0.75)",-1,0.8251279336509489,35.899999999999636,T,9002.0,2020,"(0.5, 0.75)"
2020-01-15,2020,"(0.5, 0.75)",-1,0.7531219980787781,36.100000000000364,T,9073.4,2020,"(0.5, 0.75)"
2020-01-21,2020,"(0.5, 0.75)",-1,0.14387606411536194,9.200000000000728,T,9177.1,2020,"(0.5, 0.75)"
2020-01-30,2020,"(0.5, 0.75)",1,-1.0502296211251436,-49.77142857142845,SL,9082.2,2020,"(0.5, 0.75)"
2020-01-31,2020,"(0.5, 0.75)",1,-1.0491193600449094,-50.89642857142845,SL,9039.2,2020,"(0.5, 0.75)"
2020-02-07,2020,"(0.5, 0.75)",-1,0.6532582461785995,46.0,T,9446.9,2020,"(0.5, 0.75)"
2020-02-10,2020,"(0.5, 0.75)",1,1.4628173802188462,100.85357142857154,TP,9405.8,2020,"(0.5, 0.75)"
2020-02-13,2020,"(0.5, 0.75)",1,0.46579387735014643,36.30000000000109,T,9559.9,2020,"(0.5, 0.75)"
2020-02-18,2020,"(0.5, 0.75)",1,0.3823217968009791,27.0,T,9600.8,2020,"(0.5, 0.75)"
2020-02-25,2020,"(0.5, 0.75)",1,-1.0336376741950983,-74.32142857142883,SL,9046.0,2020,"(0.5, 0.75)"
2020-03-03,2020,"(0.5, 0.75)",-1,-1.0215789635932058,-115.85357142857154,SL,8851.4,2020,"(0.5, 0.75)"
2020-03-05,2020,"(0.5, 0.75)",1,-0.03172069311773984,-1.8999999999996362,T,8673.8,2020,"(0.5, 0.75)"
2020-03-10,2020,"(0.5, 0.75)",-1,1.4860557768924303,268.9285714285714,TP,8226.9,2020,"(0.5, 0.75)"
2020-03-23,2020,"(0.5, 0.75)",1,0.033102396237209064,11.800000000000182,T,6992.5,2020,"(0.5, 0.75)"
2020-03-26,2020,"(0.5, 0.75)",-1,-0.4914001225873441,-137.80000000000018,T,7754.4,2020,"(0.5, 0.75)"
2020-03-30,2020,"(0.5, 0.75)",-1,-0.27766255314736077,-74.0,T,7811.2,2020,"(0.5, 0.75)"
2020-03-31,2020,"(0.5, 0.75)",-1,0.2862336978000277,80.10000000000036,T,7895.5,2020,"(0.5, 0.75)"
2020-04-03,2020,"(0.5, 0.75)",-1,0.440938113948921,105.10000000000036,T,7636.3,2020,"(0.5, 0.75)"
2020-04-22,2020,"(0.5, 0.75)",-1,-0.033825503355704736,-2.0,T,8660.5,2020,"(0.5, 0.75)"
2020-04-28,2020,"(0.5, 0.75)",1,-1.0226581213180552,-110.3357142857141,SL,8801.5,2020,"(0.5, 0.75)"
2020-04-30,2020,"(0.5, 0.75)",-1,-0.08193506210503067,-6.899999999999636,T,8985.4,2020,"(0.5, 0.75)"
2020-05-04,2020,"(0.5, 0.75)",1,1.1472043996333676,136.60000000000036,T,8693.4,2020,"(0.5, 0.75)"
2020-05-06,2020,"(0.5, 0.75)",-1,0.3400587659157589,39.69999999999891,T,9021.9,2020,"(0.5, 0.75)"
2020-05-11,2020,"(0.5, 0.75)",-1,-1.0236542425573616,-105.68928571428569,SL,9224.9,2020,"(0.5, 0.75)"
2020-05-12,2020,"(0.5, 0.75)",-1,1.4748509017748077,149.11071428571427,TP,9311.4,2020,"(0.5, 0.75)"
2020-05-19,2020,"(0.5, 0.75)",-1,0.5337367624810958,59.20000000000073,T,9356.7,2020,"(0.5, 0.75)"
2020-05-20,2020,"(0.5, 0.75)",-1,-0.6507378267648054,-61.600000000000364,T,9420.9,2020,"(0.5, 0.75)"
2020-05-21,2020,"(0.5, 0.75)",-1,1.1417342176369512,118.70000000000073,T,9499.6,2020,"(0.5, 0.75)"
2020-05-29,2020,"(0.5, 0.75)",1,1.474742918996933,148.47321428571448,TP,9399.0,2020,"(0.5, 0.75)"
2020-06-02,2020,"(0.5, 0.75)",1,1.4547963110885034,145.59999999999854,T,9514.2,2020,"(0.5, 0.75)"
2020-06-04,2020,"(0.5, 0.75)",1,-0.28763562853252544,-22.399999999999636,T,9653.8,2020,"(0.5, 0.75)"
2020-06-05,2020,"(0.5, 0.75)",-1,-1.029756844074137,-84.01428571428589,SL,9730.7,2020,"(0.5, 0.75)"
2020-06-09,2020,"(0.5, 0.75)",-1,-1.0304056988967074,-82.22142857142866,SL,9894.8,2020,"(0.5, 0.75)"
2020-06-12,2020,"(0.5, 0.75)",1,1.4737532808398952,142.8750000000001,TP,9585.5,2020,"(0.5, 0.75)"
2020-06-15,2020,"(0.5, 0.75)",1,1.4760495432305745,156.57321428571433,TP,9499.9,2020,"(0.5, 0.75)"
2020-06-18,2020,"(0.5, 0.75)",1,0.36721935308506376,41.099999999998545,T,9969.7,2020,"(0.5, 0.75)"
2020-06-19,2020,"(0.5, 0.75)",1,0.3495296697079113,37.80000000000109,T,9964.8,2020,"(0.5, 0.75)"
2020-06-26,2020,"(0.5, 0.75)",1,-0.42850739578663655,-45.29999999999927,T,9902.0,2020,"(0.5, 0.75)"
2020-07-07,2020,"(0.5, 0.75)",-1,0.9606753734035691,97.60000000000036,T,10624.6,2020,"(0.5, 0.75)"
2020-07-14,2020,"(0.5, 0.75)",1,-1.0214796403694497,-116.3892857142857,SL,10594.0,2020,"(0.5, 0.75)"
2020-07-17,2020,"(0.5, 0.75)",-1,0.07074109720885166,10.899999999999636,T,10655.5,2020,"(0.5, 0.75)"
2020-07-20,2020,"(0.5, 0.75)",-1,-1.021920896877838,-114.04642857142848,SL,10677.4,2020,"(0.5, 0.75)"
2020-07-30,2020,"(0.5, 0.75)",1,0.8208149811860125,103.0,T,10613.0,2020,"(0.5, 0.75)"
2020-08-05,2020,"(0.5, 0.75)",-1,-0.41071987208454364,-39.70000000000073,T,11085.3,2020,"(0.5, 0.75)"
2020-08-07,2020,"(0.5, 0.75)",1,0.3784460256731086,40.29999999999927,T,11095.7,2020,"(0.5, 0.75)"
2020-08-13,2020,"(0.5, 0.75)",-1,0.07375429867563113,9.699999999998909,T,11184.8,2020,"(0.5, 0.75)"
2020-08-20,2020,"(0.5, 0.75)",1,1.4709386806161,129.03749999999965,TP,11308.2,2020,"(0.5, 0.75)"
2020-08-21,2020,"(0.5, 0.75)",-1,-0.7674705737097764,-64.10000000000036,T,11494.1,2020,"(0.5, 0.75)"
2020-08-27,2020,"(0.5, 0.75)",-1,0.31368050776171175,31.799999999999272,T,11964.0,2020,"(0.5, 0.75)"
2020-08-31,2020,"(0.5, 0.75)",-1,-1.0283102806762112,-88.30714285714274,SL,12014.2,2020,"(0.5, 0.75)"
2020-09-01,2020,"(0.5, 0.75)",-1,-1.0290685602757361,-86.00357142857138,SL,12148.0,2020,"(0.5, 0.75)"
2020-09-03,2020,"(0.5, 0.75)",1,-1.0288386272813415,-86.68928571428569,SL,12213.5,2020,"(0.5, 0.75)"
2020-09-08,2020,"(0.5, 0.75)",1,-1.0192954407629968,-129.5642857142857,SL,11215.2,2020,"(0.5, 0.75)"
2020-09-16,2020,"(0.5, 0.75)",1,-0.6915117219078349,-119.69999999999891,T,11369.4,2020,"(0.5, 0.75)"
2020-09-21,2020,"(0.5, 0.75)",1,0.9678325870693362,187.0,T,10795.4,2020,"(0.5, 0.75)"
2020-09-23,2020,"(0.5, 0.75)",1,-0.6021070131372085,-116.5,T,10954.3,2020,"(0.5, 0.75)"
2020-09-29,2020,"(0.5, 0.75)",-1,0.2594498273749768,44.099999999998545,T,11365.3,2020,"(0.5, 0.75)"
2020-09-30,2020,"(0.5, 0.75)",-1,-0.11267875535966161,-14.299999999999272,T,11394.1,2020,"(0.5, 0.75)"
2020-10-05,2020,"(0.5, 0.75)",-1,-0.2307692307692253,-29.299999999999272,T,11475.7,2020,"(0.5, 0.75)"
2020-10-06,2020,"(0.5, 0.75)",1,-0.5085546935210316,-68.19999999999891,T,11357.8,2020,"(0.5, 0.75)"
2020-10-19,2020,"(0.5, 0.75)",1,-1.0215816247880376,-115.83928571428578,SL,11842.8,2020,"(0.5, 0.75)"
2020-11-02,2020,"(0.5, 0.75)",1,0.9256658802126198,118.79999999999927,T,10961.2,2020,"(0.5, 0.75)"
2020-11-06,2020,"(0.5, 0.75)",1,0.6778059071729922,102.89999999999964,T,11984.6,2020,"(0.5, 0.75)"
2020-11-09,2020,"(0.5, 0.75)",-1,-1.017417701361069,-143.5321428571431,SL,12099.4,2020,"(0.5, 0.75)"
2020-11-16,2020,"(0.5, 0.75)",-1,-0.4122245265388813,-62.099999999998545,T,11957.2,2020,"(0.5, 0.75)"
2020-11-17,2020,"(0.5, 0.75)",-1,0.34125378021328556,56.100000000000364,T,12037.9,2020,"(0.5, 0.75)"
2020-11-23,2020,"(0.5, 0.75)",1,-0.09036161936320987,-8.700000000000728,T,11913.5,2020,"(0.5, 0.75)"
2020-12-08,2020,"(0.5, 0.75)",1,1.4653671086483278,108.27857142857117,TP,12529.1,2020,"(0.5, 0.75)"
2020-12-18,2020,"(0.5, 0.75)",-1,1.469248341606994,121.94464285714264,TP,12755.1,2020,"(0.5, 0.75)"
2020-12-21,2020,"(0.5, 0.75)",1,-1.0312430261102432,-80.01785714285701,SL,12628.2,2020,"(0.5, 0.75)"
2020-12-22,2020,"(0.5, 0.75)",-1,-0.4512510016917331,-33.69999999999891,T,12685.7,2020,"(0.5, 0.75)"
2021-01-04,2021,"(0.5, 0.5)",-1,0.969772864668797,82.70714285714277,TP,12908.8,2021,"(0.5, 0.5)"
2021-01-07,2021,"(0.5, 0.5)",-1,-1.0291448080606211,-85.7785714285714,SL,12807.3,2021,"(0.5, 0.5)"
2021-01-11,2021,"(0.5, 0.5)",1,-0.41575140637556135,-36.29999999999927,T,12943.9,2021,"(0.5, 0.5)"
2021-01-12,2021,"(0.5, 0.5)",1,-1.0259230455875272,-96.43928571428569,SL,12884.8,2021,"(0.5, 0.5)"
2021-01-13,2021,"(0.5, 0.5)",-1,-0.25378855730304134,-22.799999999999272,T,12952.7,2021,"(0.5, 0.5)"
2021-01-14,2021,"(0.5, 0.5)",-1,0.9745371212396785,98.18214285714294,TP,13001.3,2021,"(0.5, 0.5)"
2021-01-15,2021,"(0.5, 0.5)",1,-1.0263713080168777,-94.80000000000005,SL,12917.9,2021,"(0.5, 0.5)"
2021-01-19,2021,"(0.5, 0.5)",-1,-0.7492266984683146,-69.30000000000109,T,12922.8,2021,"(0.5, 0.5)"
2021-01-21,2021,"(0.5, 0.5)",-1,-1.0238257317903334,-104.92857142857156,SL,13306.0,2021,"(0.5, 0.5)"
2021-01-28,2021,"(0.5, 0.5)",-1,0.9772350320335621,109.81785714285726,TP,13387.5,2021,"(0.5, 0.5)"
2021-02-10,2021,"(0.5, 0.5)",-1,0.9768004507341,107.76071428571439,TP,13735.7,2021,"(0.5, 0.5)"
2021-02-18,2021,"(0.5, 0.5)",1,0.9748101766886178,99.2464285714287,TP,13555.1,2021,"(0.5, 0.5)"
2021-02-25,2021,"(0.5, 0.5)",1,-1.023500184644308,-106.38214285714288,SL,13013.0,2021,"(0.5, 0.5)"
2021-03-02,2021,"(0.5, 0.5)",-1,0.9818742069965561,137.92500000000004,TP,13274.5,2021,"(0.5, 0.5)"
2021-03-04,2021,"(0.5, 0.5)",1,-1.0168204536716647,-148.62857142857152,SL,12750.8,2021,"(0.5, 0.5)"
2021-03-08,2021,"(0.5, 0.5)",-1,0.9855863276021827,173.44642857142864,TP,12623.3,2021,"(0.5, 0.5)"
2021-03-09,2021,"(0.5, 0.5)",-1,-0.4667394525462058,-83.0,T,12708.2,2021,"(0.5, 0.5)"
2021-03-15,2021,"(0.5, 0.5)",-1,-0.7631476016072303,-150.8000000000011,T,12927.3,2021,"(0.5, 0.5)"
2021-03-18,2021,"(0.5, 0.5)",1,-0.8573315455582455,-150.5,T,12950.0,2021,"(0.5, 0.5)"
2021-03-29,2021,"(0.5, 0.5)",-1,0.9831653880378057,148.50357142857143,TP,12983.9,2021,"(0.5, 0.5)"
2021-03-30,2021,"(0.5, 0.5)",1,0.5471588201027328,76.29999999999927,T,12837.1,2021,"(0.5, 0.5)"
2021-04-06,2021,"(0.5, 0.5)",-1,0.24929925803791997,34.899999999999636,T,13614.9,2021,"(0.5, 0.5)"
2021-04-16,2021,"(0.5, 0.5)",-1,-0.5587217436123882,-51.69999999999891,T,13989.1,2021,"(0.5, 0.5)"
2021-04-20,2021,"(0.5, 0.5)",1,-1.0274004775511802,-91.23928571428574,SL,13834.7,2021,"(0.5, 0.5)"
2021-04-26,2021,"(0.5, 0.5)",-1,-0.5062477399654464,-42.5,T,13984.7,2021,"(0.5, 0.5)"
2021-04-27,2021,"(0.5, 0.5)",-1,0.9720089571337173,89.31428571428576,TP,14034.7,2021,"(0.5, 0.5)"
2021-05-12,2021,"(0.5, 0.5)",1,-1.023046026206624,-108.47857142857148,SL,13109.1,2021,"(0.5, 0.5)"
2021-05-17,2021,"(0.5, 0.5)",1,0.7070999793003487,87.89999999999964,T,13224.9,2021,"(0.5, 0.5)"
2021-05-18,2021,"(0.5, 0.5)",-1,0.8765681910157773,110.79999999999927,T,13331.0,2021,"(0.5, 0.5)"
2021-05-27,2021,"(0.5, 0.5)",1,-0.24054270225434746,-26.5,T,13680.1,2021,"(0.5, 0.5)"
2021-05-28,2021,"(0.5, 0.5)",-1,0.18230066650210153,23.600000000000364,T,13719.5,2021,"(0.5, 0.5)"
2021-06-01,2021,"(0.5, 0.5)",-1,0.9766822118587608,107.21428571428558,TP,13755.6,2021,"(0.5, 0.5)"
2021-06-07,2021,"(0.5, 0.5)",-1,-0.2941664362731588,-24.100000000000364,T,13779.3,2021,"(0.5, 0.5)"
2021-06-11,2021,"(0.5, 0.5)",-1,-0.598296292771138,-42.399999999999636,T,13953.1,2021,"(0.5, 0.5)"
2021-06-14,2021,"(0.5, 0.5)",-1,-1.0351053159478436,-71.21428571428558,SL,13979.6,2021,"(0.5, 0.5)"
2021-06-17,2021,"(0.5, 0.5)",-1,-1.0337284378914908,-74.1214285714285,SL,14099.4,2021,"(0.5, 0.5)"
2021-06-21,2021,"(0.5, 0.5)",-1,-0.09509710006095087,-5.299999999999272,T,14130.7,2021,"(0.5, 0.5)"
2021-06-25,2021,"(0.5, 0.5)",1,-0.13215570821066894,-7.600000000000364,T,14357.1,2021,"(0.5, 0.5)"
2021-06-29,2021,"(0.5, 0.5)",-1,-0.641694117647045,-46.19999999999891,T,14526.7,2021,"(0.5, 0.5)"
2021-06-30,2021,"(0.5, 0.5)",-1,-0.17791584298220853,-11.0,T,14543.1,2021,"(0.5, 0.5)"
2021-07-01,2021,"(0.5, 0.5)",1,-1.0344929535823397,-72.47857142857141,SL,14561.3,2021,"(0.5, 0.5)"
2021-07-16,2021,"(0.5, 0.5)",1,-0.6271372862713896,-42.30000000000109,T,14721.7,2021,"(0.5, 0.5)"
2021-07-20,2021,"(0.5, 0.5)",-1,-1.0320968407538174,-77.88928571428558,SL,14558.9,2021,"(0.5, 0.5)"
2021-07-26,2021,"(0.5, 0.5)",-1,-0.0022868343678411657,2.3000000000010914,T,15128.2,2021,"(0.5, 0.5)"
2021-07-27,2021,"(0.5, 0.5)",1,-1.02940064681423,-85.03214285714272,SL,15050.6,2021,"(0.5, 0.5)"
2021-07-29,2021,"(0.5, 0.5)",-1,0.3162948319683709,30.5,T,15075.9,2021,"(0.5, 0.5)"
2021-08-04,2021,"(0.5, 0.5)",-1,-0.3333994840246083,-27.5,T,15055.5,2021,"(0.5, 0.5)"
2021-08-05,2021,"(0.5, 0.5)",-1,-0.7768201592382875,-65.10000000000036,T,15113.3,2021,"(0.5, 0.5)"
2021-08-06,2021,"(0.5, 0.5)",1,0.20212263137540504,19.299999999999272,T,15086.5,2021,"(0.5, 0.5)"
2021-08-10,2021,"(0.5, 0.5)",-1,0.9655968938909912,72.66785714285697,TP,15145.0,2021,"(0.5, 0.5)"
2021-08-12,2021,"(0.5, 0.5)",1,0.9667994687915006,75.2999999999998,TP,14977.7,2021,"(0.5, 0.5)"
2021-08-13,2021,"(0.5, 0.5)",-1,-0.6429329474192058,-45.100000000000364,T,15089.3,2021,"(0.5, 0.5)"
2021-08-16,2021,"(0.5, 0.5)",1,-1.034083162917519,-73.34999999999984,SL,15082.2,2021,"(0.5, 0.5)"
2021-08-17,2021,"(0.5, 0.5)",1,0.9637042414186455,68.87857142857125,TP,14937.2,2021,"(0.5, 0.5)"
2021-08-24,2021,"(0.5, 0.5)",-1,-0.44477876106194275,-33.399999999999636,T,15327.9,2021,"(0.5, 0.5)"
2021-08-25,2021,"(0.5, 0.5)",-1,0.1790345821325513,16.69999999999891,T,15383.8,2021,"(0.5, 0.5)"
2021-08-26,2021,"(0.5, 0.5)",1,-1.03204981456893,-78.0035714285713,SL,15360.3,2021,"(0.5, 0.5)"
2021-08-27,2021,"(0.5, 0.5)",-1,-1.0322402358142964,-77.54285714285705,SL,15365.6,2021,"(0.5, 0.5)"
2021-09-07,2021,"(0.5, 0.5)",-1,-0.5963861061698336,-43.0,T,15630.5,2021,"(0.5, 0.5)"
2021-09-22,2021,"(0.5, 0.5)",-1,-1.0267175572519083,-93.5714285714287,SL,15137.7,2021,"(0.5, 0.5)"
2021-09-23,2021,"(0.5, 0.5)",-1,-1.0257457059840376,-97.10357142857154,SL,15203.2,2021,"(0.5, 0.5)"
2021-10-01,2021,"(0.5, 0.5)",1,-1.021249468763281,-117.64999999999996,SL,14690.7,2021,"(0.5, 0.5)"
2021-10-08,2021,"(0.5, 0.5)",1,-0.5106899646307372,-66.60000000000036,T,14889.4,2021,"(0.5, 0.5)"
2021-10-13,2021,"(0.5, 0.5)",-1,0.05251897658333284,8.899999999999636,T,14787.4,2021,"(0.5, 0.5)"
2021-10-18,2021,"(0.5, 0.5)",-1,-1.0207143491255586,-120.68928571428556,SL,15140.9,2021,"(0.5, 0.5)"
2021-10-25,2021,"(0.5, 0.5)",-1,-0.44824240614972827,-40.400000000001455,T,15473.8,2021,"(0.5, 0.5)"
2021-10-29,2021,"(0.5, 0.5)",1,0.9719854324248609,89.23928571428567,TP,15654.8,2021,"(0.5, 0.5)"
2021-11-01,2021,"(0.5, 0.5)",-1,-0.6323366555924737,-54.600000000000364,T,15848.1,2021,"(0.5, 0.5)"
2021-11-03,2021,"(0.5, 0.5)",-1,-1.028322880841594,-88.26785714285714,SL,15980.4,2021,"(0.5, 0.5)"
2021-11-12,2021,"(0.5, 0.5)",-1,-1.0265332423622167,-94.22142857142866,SL,16115.1,2021,"(0.5, 0.5)"
2021-11-12,2021,"(0.5, 0.5)",1,0.9734667576377833,94.22142857142866,TP,16032.2,2021,"(0.5, 0.5)"
2021-11-16,2021,"(0.5, 0.5)",-1,-0.673206385843431,-60.0,T,16249.1,2021,"(0.5, 0.5)"
2021-11-17,2021,"(0.5, 0.5)",-1,0.03775765748410711,6.0,T,16322.9,2021,"(0.5, 0.5)"
2021-11-18,2021,"(0.5, 0.5)",-1,-1.027618859735648,-90.51785714285721,SL,16364.3,2021,"(0.5, 0.5)"
2021-11-22,2021,"(0.5, 0.5)",1,-1.0277810850498075,-89.98928571428587,SL,16520.3,2021,"(0.5, 0.5)"
2021-11-24,2021,"(0.5, 0.5)",1,0.9757163671685285,102.9500000000002,TP,16129.2,2021,"(0.5, 0.5)"
2021-12-03,2021,"(0.5, 0.5)",-1,0.9804997632114104,128.2035714285716,TP,16046.7,2021,"(0.5, 0.5)"
2021-12-08,2021,"(0.5, 0.5)",-1,-0.5484659001770629,-84.90000000000146,T,16304.8,2021,"(0.5, 0.5)"
2021-12-10,2021,"(0.5, 0.5)",1,0.9847248286998648,163.66428571428585,TP,16147.9,2021,"(0.5, 0.5)"
2021-12-13,2021,"(0.5, 0.5)",-1,0.9847301601151782,163.72142857142873,TP,16286.9,2021,"(0.5, 0.5)"
2022-01-03,2022,"(0.5, 0.75)",1,-1.017272009474931,-144.74285714285693,SL,16440.6,2022,"(0.5, 0.75)"
2022-01-04,2022,"(0.5, 0.75)",-1,1.4827713512183116,217.660714285714,TP,16487.6,2022,"(0.5, 0.75)"
2022-01-06,2022,"(0.5, 0.75)",1,-1.0161778640597194,-154.53214285714253,SL,15801.2,2022,"(0.5, 0.75)"
2022-01-13,2022,"(0.5, 0.75)",1,-1.0179653013037677,-139.15714285714253,SL,15817.9,2022,"(0.5, 0.75)"
2022-01-27,2022,"(0.5, 0.75)",1,0.023020636356162128,7.5,T,13997.1,2022,"(0.5, 0.75)"
2022-02-01,2022,"(0.5, 0.75)",-1,-0.39137209373376913,-89.0,T,14917.1,2022,"(0.5, 0.75)"
2022-02-04,2022,"(0.5, 0.75)",1,1.4894516357499132,355.50535714285735,TP,14474.1,2022,"(0.5, 0.75)"
2022-02-11,2022,"(0.5, 0.75)",1,-1.0109434847182053,-228.44642857142864,SL,14639.1,2022,"(0.5, 0.75)"
2022-02-14,2022,"(0.5, 0.75)",1,0.1098680156954341,26.700000000000728,T,14242.0,2022,"(0.5, 0.75)"
2022-02-17,2022,"(0.5, 0.75)",1,-1.0128223915592027,-194.9714285714286,SL,14392.8,2022,"(0.5, 0.75)"
2022-03-02,2022,"(0.5, 0.75)",-1,0.01720929438478654,6.100000000000364,T,14247.2,2022,"(0.5, 0.75)"
2022-03-07,2022,"(0.5, 0.75)",1,-1.0125459270543955,-199.26785714285708,SL,13744.5,2022,"(0.5, 0.75)"
2022-03-09,2022,"(0.5, 0.75)",-1,-0.362076958738991,-75.60000000000036,T,13665.9,2022,"(0.5, 0.75)"
2022-03-15,2022,"(0.5, 0.75)",-1,-0.3153003124454805,-68.5,T,13389.2,2022,"(0.5, 0.75)"
2022-03-18,2022,"(0.5, 0.75)",-1,-1.0121989474051096,-204.93571428571437,SL,14100.1,2022,"(0.5, 0.75)"
2022-03-24,2022,"(0.5, 0.75)",1,1.3037660785328165,263.5,T,14502.6,2022,"(0.5, 0.75)"
2022-03-25,2022,"(0.5, 0.75)",-1,-0.07997729127487477,-13.599999999998545,T,14744.2,2022,"(0.5, 0.75)"
2022-03-28,2022,"(0.5, 0.75)",-1,-0.9677735479250666,-180.89999999999964,T,14803.5,2022,"(0.5, 0.75)"
2022-03-31,2022,"(0.5, 0.75)",1,-1.0149627001261141,-167.08214285714283,SL,15022.6,2022,"(0.5, 0.75)"
2022-04-05,2022,"(0.5, 0.75)",1,-0.4943109684528282,-71.20000000000073,T,14896.5,2022,"(0.5, 0.75)"
2022-04-08,2022,"(0.5, 0.75)",1,0.047426172766769754,9.399999999999636,T,14321.5,2022,"(0.5, 0.75)"
2022-04-12,2022,"(0.5, 0.75)",-1,1.4827730472018508,217.68214285714265,TP,14155.2,2022,"(0.5, 0.75)"
2022-04-18,2022,"(0.5, 0.75)",1,0.012232134645449703,4.399999999999636,T,13911.7,2022,"(0.5, 0.75)"
2022-04-20,2022,"(0.5, 0.75)",-1,1.4841017488076311,235.87499999999991,TP,14211.4,2022,"(0.5, 0.75)"
2022-04-21,2022,"(0.5, 0.75)",-1,1.484386152748037,240.1714285714284,TP,14257.2,2022,"(0.5, 0.75)"
2022-04-28,2022,"(0.5, 0.75)",-1,-1.01370855609737,-182.36785714285705,SL,13215.7,2022,"(0.5, 0.75)"
2022-05-04,2022,"(0.5, 0.75)",-1,-1.0125777122938153,-198.76428571428565,SL,13173.1,2022,"(0.5, 0.75)"
2022-05-05,2022,"(0.5, 0.75)",1,-0.19711954401262113,-39.0,T,12900.2,2022,"(0.5, 0.75)"
2022-05-11,2022,"(0.5, 0.75)",1,-1.010323874697658,-242.1571428571428,SL,12182.3,2022,"(0.5, 0.75)"
2022-05-13,2022,"(0.5, 0.75)",-1,-1.0104089219330854,-240.17857142857142,SL,12089.4,2022,"(0.5, 0.75)"
2022-05-19,2022,"(0.5, 0.75)",1,-0.18619839985750575,-42.30000000000109,T,11916.1,2022,"(0.5, 0.75)"
2022-05-20,2022,"(0.5, 0.75)",1,-1.0109527311417439,-228.25357142857138,SL,11800.7,2022,"(0.5, 0.75)"
2022-05-23,2022,"(0.5, 0.75)",-1,0.025109817452241306,8.400000000001455,T,12040.7,2022,"(0.5, 0.75)"
2022-05-24,2022,"(0.5, 0.75)",1,-0.07894816199752262,-16.19999999999891,T,11794.3,2022,"(0.5, 0.75)"
2022-05-25,2022,"(0.5, 0.75)",-1,-1.0109052952998177,-229.24642857142848,SL,11755.0,2022,"(0.5, 0.75)"
2022-05-26,2022,"(0.5, 0.75)",-1,-1.0118307193077338,-211.3142857142857,SL,12027.8,2022,"(0.5, 0.75)"
2022-05-31,2022,"(0.5, 0.75)",-1,-0.32194449232890354,-64.19999999999891,T,12579.1,2022,"(0.5, 0.75)"
2022-06-02,2022,"(0.5, 0.75)",1,1.4873639366752713,296.7696428571429,TP,12505.2,2022,"(0.5, 0.75)"
2022-06-09,2022,"(0.5, 0.75)",1,-1.013875398917719,-180.17499999999993,SL,12582.8,2022,"(0.5, 0.75)"
2022-06-14,2022,"(0.5, 0.75)",1,0.1940387481371031,39.69999999999891,T,11275.6,2022,"(0.5, 0.75)"
2022-06-17,2022,"(0.5, 0.75)",-1,0.10548893074956998,22.69999999999891,T,11281.4,2022,"(0.5, 0.75)"
2022-06-22,2022,"(0.5, 0.75)",1,0.2831525723200654,56.29999999999927,T,11466.5,2022,"(0.5, 0.75)"
2022-06-27,2022,"(0.5, 0.75)",-1,0.3686986871851802,68.89999999999964,T,12079.3,2022,"(0.5, 0.75)"
2022-07-05,2022,"(0.5, 0.75)",1,1.485595522265207,260.3357142857144,TP,11377.5,2022,"(0.5, 0.75)"
2022-07-14,2022,"(0.5, 0.75)",1,1.483404850525118,225.96964285714307,TP,11497.0,2022,"(0.5, 0.75)"
2022-07-21,2022,"(0.5, 0.75)",-1,-1.016742005692282,-149.32500000000013,SL,12429.2,2022,"(0.5, 0.75)"
2022-07-22,2022,"(0.5, 0.75)",-1,1.4829894777769679,220.45178571428596,TP,12596.8,2022,"(0.5, 0.75)"
2022-07-27,2022,"(0.5, 0.75)",-1,-1.0172933445328327,-144.56428571428583,SL,12260.8,2022,"(0.5, 0.75)"
2022-07-28,2022,"(0.5, 0.75)",-1,-0.3801633874122654,-56.5,T,12661.2,2022,"(0.5, 0.75)"
2022-08-01,2022,"(0.5, 0.75)",-1,0.2522981705652158,42.100000000000364,T,12983.4,2022,"(0.5, 0.75)"
2022-08-02,2022,"(0.5, 0.75)",1,0.2855033680908047,46.70000000000073,T,12855.4,2022,"(0.5, 0.75)"
2022-08-04,2022,"(0.5, 0.75)",-1,-0.4875509593016583,-73.10000000000036,T,13234.1,2022,"(0.5, 0.75)"
2022-08-08,2022,"(0.5, 0.75)",-1,0.8594151823983208,131.39999999999964,T,13291.1,2022,"(0.5, 0.75)"
2022-08-25,2022,"(0.5, 0.75)",-1,-1.020228290709435,-123.58928571428591,SL,12958.0,2022,"(0.5, 0.75)"
2022-09-07,2022,"(0.5, 0.75)",-1,-1.018035194393631,-138.6178571428573,SL,12154.4,2022,"(0.5, 0.75)"
2022-09-08,2022,"(0.5, 0.75)",-1,-0.200393630345321,-25.5,T,12297.5,2022,"(0.5, 0.75)"
2022-09-19,2022,"(0.5, 0.75)",-1,-0.5624250727864383,-79.60000000000036,T,11873.9,2022,"(0.5, 0.75)"
2022-09-26,2022,"(0.5, 0.75)",-1,0.9915647616670804,144.39999999999964,T,11403.8,2022,"(0.5, 0.75)"
2022-10-03,2022,"(0.5, 0.75)",-1,0.3303096653112363,55.30000000000109,T,11285.6,2022,"(0.5, 0.75)"
2022-10-05,2022,"(0.5, 0.75)",-1,0.2153544958747029,35.5,T,11609.8,2022,"(0.5, 0.75)"
2022-10-05,2022,"(0.5, 0.75)",1,-1.0163147345359624,-153.23571428571424,SL,11461.4,2022,"(0.5, 0.75)"
2022-10-06,2022,"(0.5, 0.75)",-1,0.9962027938232024,157.09999999999854,T,11641.8,2022,"(0.5, 0.75)"
2022-10-11,2022,"(0.5, 0.75)",1,-0.23438273331755066,-36.399999999999636,T,10826.4,2022,"(0.5, 0.75)"
2022-10-13,2022,"(0.5, 0.75)",-1,-1.015781760793597,-158.41071428571428,SL,10853.7,2022,"(0.5, 0.75)"
2022-10-14,2022,"(0.5, 0.75)",-1,1.4852922637307224,254.96785714285716,TP,11074.8,2022,"(0.5, 0.75)"
2022-10-24,2022,"(0.5, 0.75)",-1,-0.6637980968142346,-112.10000000000036,T,11323.1,2022,"(0.5, 0.75)"
2022-10-28,2022,"(0.5, 0.75)",1,1.4844139650872816,240.5999999999999,TP,11242.0,2022,"(0.5, 0.75)"
2022-11-01,2022,"(0.5, 0.75)",1,-0.2652150244964617,-41.0,T,11332.0,2022,"(0.5, 0.75)"
2022-11-04,2022,"(0.5, 0.75)",-1,-0.19536969253294295,-28.0,T,10831.4,2022,"(0.5, 0.75)"
2022-11-04,2022,"(0.5, 0.75)",1,1.0908674963396736,172.79999999999927,T,10686.6,2022,"(0.5, 0.75)"
2022-11-09,2022,"(0.5, 0.75)",1,-0.8013703518663982,-117.80000000000109,T,10914.1,2022,"(0.5, 0.75)"
2022-11-11,2022,"(0.5, 0.75)",-1,-1.0151400454201362,-165.125,SL,11554.9,2022,"(0.5, 0.75)"
2022-11-18,2022,"(0.5, 0.75)",-1,0.35079293158133906,57.80000000000109,T,11735.6,2022,"(0.5, 0.75)"
2022-11-21,2022,"(0.5, 0.75)",1,-0.1518026565464895,-21.5,T,11576.8,2022,"(0.5, 0.75)"
2022-11-28,2022,"(0.5, 0.75)",1,-1.017874926585123,-139.8607142857143,SL,11726.0,2022,"(0.5, 0.75)"
2022-11-29,2022,"(0.5, 0.75)",1,-0.47492943289708994,-63.599999999998545,T,11564.8,2022,"(0.5, 0.75)"
2022-11-30,2022,"(0.5, 0.75)",-1,-1.0180393773837748,-138.5857142857142,SL,11587.8,2022,"(0.5, 0.75)"
2022-12-05,2022,"(0.5, 0.75)",1,-0.30896328605678114,-35.69999999999891,T,11823.3,2022,"(0.5, 0.75)"
2022-12-07,2022,"(0.5, 0.75)",1,-0.40198609731877216,-48.100000000000364,T,11541.0,2022,"(0.5, 0.75)"
2022-12-14,2022,"(0.5, 0.75)",1,-1.0196491228070175,-127.23214285714273,SL,11781.0,2022,"(0.5, 0.75)"
2022-12-27,2022,"(0.5, 0.75)",1,-0.08543897216273826,-8.899999999999636,T,10836.8,2022,"(0.5, 0.75)"
2022-12-28,2022,"(0.5, 0.75)",1,-1.019341290893015,-129.2571428571428,SL,10885.5,2022,"(0.5, 0.75)"
2023-01-03,2023,"(0.5, 0.5)",1,0.6214204948854798,86.89999999999964,T,10775.1,2023,"(0.5, 0.5)"
2023-01-05,2023,"(0.5, 0.5)",1,-0.37310030395137095,-46.600000000000364,T,10789.5,2023,"(0.5, 0.5)"
2023-01-10,2023,"(0.5, 0.5)",1,0.3340289920469232,44.79999999999927,T,11163.7,2023,"(0.5, 0.5)"
2023-01-12,2023,"(0.5, 0.5)",-1,0.97997539834654,124.84642857142846,TP,11365.9,2023,"(0.5, 0.5)"
2023-01-13,2023,"(0.5, 0.5)",-1,-0.3455426575002763,-41.29999999999927,T,11497.7,2023,"(0.5, 0.5)"
2023-01-17,2023,"(0.5, 0.5)",-1,-0.28795257251746786,-31.5,T,11525.4,2023,"(0.5, 0.5)"
2023-01-18,2023,"(0.5, 0.5)",1,-0.6530035335689018,-73.39999999999964,T,11486.1,2023,"(0.5, 0.5)"
2023-01-30,2023,"(0.5, 0.5)",1,-0.7470807529962754,-84.10000000000036,T,11999.9,2023,"(0.5, 0.5)"
2023-02-01,2023,"(0.5, 0.5)",-1,-1.021493490542864,-116.31428571428569,SL,12057.1,2023,"(0.5, 0.5)"
2023-02-10,2023,"(0.5, 0.5)",1,-0.17675302834580173,-23.399999999999636,T,12327.1,2023,"(0.5, 0.5)"
2023-02-13,2023,"(0.5, 0.5)",-1,-1.0176047482521,-142.0071428571428,SL,12370.4,2023,"(0.5, 0.5)"
2023-02-16,2023,"(0.5, 0.5)",1,0.9826543760531271,144.12857142857132,TP,12500.4,2023,"(0.5, 0.5)"
2023-03-07,2023,"(0.5, 0.5)",1,-1.0228124490793546,-109.58928571428598,SL,12323.6,2023,"(0.5, 0.5)"
2023-03-08,2023,"(0.5, 0.5)",1,0.7466542379652285,82.59999999999854,T,12135.2,2023,"(0.5, 0.5)"
2023-03-09,2023,"(0.5, 0.5)",1,-1.0237787893199266,-105.13571428571458,SL,12102.9,2023,"(0.5, 0.5)"
2023-03-13,2023,"(0.5, 0.5)",-1,0.9776814181864558,112.01428571428596,TP,12064.2,2023,"(0.5, 0.5)"
2023-03-14,2023,"(0.5, 0.5)",-1,-1.021770230764446,-114.83571428571453,SL,12071.2,2023,"(0.5, 0.5)"
2023-03-15,2023,"(0.5, 0.5)",1,0.9791356184798808,119.82142857142877,TP,12047.4,2023,"(0.5, 0.5)"
2023-03-17,2023,"(0.5, 0.5)",-1,0.9801164607300099,125.73214285714299,TP,12572.2,2023,"(0.5, 0.5)"
2023-03-20,2023,"(0.5, 0.5)",1,0.7479775280898902,97.60000000000036,T,12466.3,2023,"(0.5, 0.5)"
2023-04-04,2023,"(0.5, 0.5)",-1,0.43246851767563066,53.400000000001455,T,13155.2,2023,"(0.5, 0.5)"
2023-04-06,2023,"(0.5, 0.5)",-1,-0.08812696711979841,-6.899999999999636,T,13053.5,2023,"(0.5, 0.5)"
2023-04-12,2023,"(0.5, 0.5)",-1,0.976051182045229,104.38928571428563,TP,13040.3,2023,"(0.5, 0.5)"
2023-04-12,2023,"(0.5, 0.5)",1,-1.0239488179547709,-104.38928571428563,SL,12955.8,2023,"(0.5, 0.5)"
2023-04-14,2023,"(0.5, 0.5)",-1,0.9742807803946063,97.20357142857132,TP,13120.6,2023,"(0.5, 0.5)"
2023-04-20,2023,"(0.5, 0.5)",1,0.9727095516569201,91.60714285714273,TP,12990.9,2023,"(0.5, 0.5)"
2023-04-21,2023,"(0.5, 0.5)",1,0.9730437461491066,92.74285714285705,TP,12931.8,2023,"(0.5, 0.5)"
2023-04-25,2023,"(0.5, 0.5)",1,-1.0276177700623372,-90.52142857142846,SL,12884.8,2023,"(0.5, 0.5)"
2023-05-01,2023,"(0.5, 0.5)",-1,0.11578364408342988,13.699999999998909,T,13242.4,2023,"(0.5, 0.5)"
2023-05-08,2023,"(0.5, 0.5)",-1,-0.03298483286701867,-0.6999999999989086,T,13290.1,2023,"(0.5, 0.5)"
2023-05-11,2023,"(0.5, 0.5)",-1,-0.09250047465351074,-6.200000000000728,T,13384.0,2023,"(0.5, 0.5)"
2023-05-16,2023,"(0.5, 0.5)",-1,-1.0280741156653566,-89.04999999999998,SL,13410.1,2023,"(0.5, 0.5)"
2023-05-17,2023,"(0.5, 0.5)",-1,-1.029057700290577,-86.03571428571435,SL,13481.1,2023,"(0.5, 0.5)"
2023-05-22,2023,"(0.5, 0.5)",-1,0.22314084807160467,21.200000000000728,T,13873.1,2023,"(0.5, 0.5)"
2023-05-23,2023,"(0.5, 0.5)",1,-1.0311637432107559,-80.2214285714286,SL,13800.7,2023,"(0.5, 0.5)"
2023-05-26,2023,"(0.5, 0.5)",-1,-1.0301334481274214,-82.96428571428571,SL,13988.8,2023,"(0.5, 0.5)"
2023-05-31,2023,"(0.5, 0.5)",1,-1.0256692335900257,-97.39285714285714,SL,14314.9,2023,"(0.5, 0.5)"
2023-06-01,2023,"(0.5, 0.5)",-1,-1.0259057769882685,-96.50357142857145,SL,14356.7,2023,"(0.5, 0.5)"
2023-06-01,2023,"(0.5, 0.5)",1,0.9740942230117317,96.50357142857145,TP,14247.3,2023,"(0.5, 0.5)"
2023-06-07,2023,"(0.5, 0.5)",1,-1.0243106202681114,-102.83571428571427,SL,14496.5,2023,"(0.5, 0.5)"
2023-06-15,2023,"(0.5, 0.5)",-1,-1.0214086919289231,-116.77500000000002,SL,15020.5,2023,"(0.5, 0.5)"
2023-06-16,2023,"(0.5, 0.5)",-1,0.9782365377440617,114.87142857142855,TP,15214.3,2023,"(0.5, 0.5)"
2023-06-20,2023,"(0.5, 0.5)",1,-1.0230589320420331,-108.41785714285717,SL,15093.4,2023,"(0.5, 0.5)"
2023-06-22,2023,"(0.5, 0.5)",1,0.9772889494516904,110.07857142857152,TP,14830.3,2023,"(0.5, 0.5)"
2023-06-26,2023,"(0.5, 0.5)",1,-1.0224287087471964,-111.46428571428585,SL,14820.9,2023,"(0.5, 0.5)"
2023-07-07,2023,"(0.5, 0.5)",-1,0.5585187490275426,66.60000000000036,T,15103.6,2023,"(0.5, 0.5)"
2023-07-18,2023,"(0.5, 0.5)",-1,-1.0237594189124974,-105.22142857142853,SL,15746.1,2023,"(0.5, 0.5)"
2023-07-19,2023,"(0.5, 0.5)",-1,0.25571210320828053,29.399999999999636,T,15855.9,2023,"(0.5, 0.5)"
2023-07-31,2023,"(0.5, 0.5)",-1,-0.12295950816196756,-12.0,T,15748.6,2023,"(0.5, 0.5)"
2023-08-07,2023,"(0.5, 0.5)",1,0.978814841716603,118.00714285714275,TP,15275.7,2023,"(0.5, 0.5)"
2023-08-10,2023,"(0.5, 0.5)",1,0.48062065621464745,55.600000000000364,T,15076.3,2023,"(0.5, 0.5)"
2023-08-14,2023,"(0.5, 0.5)",-1,-1.0216886134779242,-115.26785714285714,SL,15082.9,2023,"(0.5, 0.5)"
2023-08-17,2023,"(0.5, 0.5)",1,-1.02234280242579,-111.89285714285721,SL,14888.2,2023,"(0.5, 0.5)"
2023-08-24,2023,"(0.5, 0.5)",1,-1.0222738409647756,-112.23928571428574,SL,14973.0,2023,"(0.5, 0.5)"
2023-08-25,2023,"(0.5, 0.5)",1,0.9791019823262479,119.62857142857145,TP,14823.5,2023,"(0.5, 0.5)"
2023-08-29,2023,"(0.5, 0.5)",-1,-1.0207290710414878,-120.60357142857141,SL,15088.9,2023,"(0.5, 0.5)"
2023-08-31,2023,"(0.5, 0.5)",-1,-0.23170008304662182,-25.399999999999636,T,15476.5,2023,"(0.5, 0.5)"
2023-09-05,2023,"(0.5, 0.5)",1,0.3548289065823775,44.19999999999891,T,15462.7,2023,"(0.5, 0.5)"
2023-09-13,2023,"(0.5, 0.5)",1,0.9777989216619093,112.60714285714273,TP,15280.5,2023,"(0.5, 0.5)"
2023-09-14,2023,"(0.5, 0.5)",-1,-1.0230688109675719,-108.3714285714285,SL,15388.5,2023,"(0.5, 0.5)"
2023-09-15,2023,"(0.5, 0.5)",1,-1.025552108048914,-97.83928571428565,SL,15337.5,2023,"(0.5, 0.5)"
2023-09-18,2023,"(0.5, 0.5)",1,-0.029554140127403386,-0.4000000000014552,T,15222.7,2023,"(0.5, 0.5)"
2023-09-19,2023,"(0.5, 0.5)",1,-1.025859839668994,-96.67499999999998,SL,15167.0,2023,"(0.5, 0.5)"
2023-09-20,2023,"(0.5, 0.5)",-1,0.9719697273054899,89.18928571428569,TP,15201.8,2023,"(0.5, 0.5)"
2023-09-22,2023,"(0.5, 0.5)",-1,0.9748986983182127,99.5964285714286,TP,14836.8,2023,"(0.5, 0.5)"
2023-10-03,2023,"(0.5, 0.5)",1,-1.0230551347078585,-108.43571428571444,SL,14701.5,2023,"(0.5, 0.5)"
2023-10-05,2023,"(0.5, 0.5)",1,0.9784966055355881,116.26071428571439,TP,14601.8,2023,"(0.5, 0.5)"
2023-10-06,2023,"(0.5, 0.5)",1,0.9777925827226294,112.57500000000007,TP,14584.6,2023,"(0.5, 0.5)"
2023-10-10,2023,"(0.5, 0.5)",-1,-1.019445524751375,-128.56428571428583,SL,15063.6,2023,"(0.5, 0.5)"
2023-10-11,2023,"(0.5, 0.5)",-1,-0.06360925741871355,-5.5,T,15236.1,2023,"(0.5, 0.5)"
2023-10-18,2023,"(0.5, 0.5)",1,-0.24975456508933255,-29.299999999999272,T,14936.4,2023,"(0.5, 0.5)"
2023-10-19,2023,"(0.5, 0.5)",1,0.9801727800594816,126.08928571428571,TP,14873.7,2023,"(0.5, 0.5)"
2023-10-24,2023,"(0.5, 0.5)",-1,0.9805458284697904,128.5071428571428,TP,14745.5,2023,"(0.5, 0.5)"
2023-10-31,2023,"(0.5, 0.5)",-1,-0.2070704241134073,-23.900000000001455,T,14381.8,2023,"(0.5, 0.5)"
2023-11-06,2023,"(0.5, 0.5)",-1,-0.14862895019114386,-16.799999999999272,T,15140.1,2023,"(0.5, 0.5)"
2023-11-07,2023,"(0.5, 0.5)",-1,-1.020005715918834,-124.96428571428558,SL,15162.1,2023,"(0.5, 0.5)"
2023-11-09,2023,"(0.5, 0.5)",-1,0.978642909445936,117.05714285714274,TP,15315.4,2023,"(0.5, 0.5)"
2023-11-16,2023,"(0.5, 0.5)",1,0.46441104416341517,52.600000000000364,T,15781.4,2023,"(0.5, 0.5)"
2023-11-17,2023,"(0.5, 0.5)",-1,-0.04608421341380835,-2.3000000000010914,T,15833.9,2023,"(0.5, 0.5)"
2023-12-01,2023,"(0.5, 0.5)",-1,0.12022695905534792,13.699999999998909,T,16006.3,2023,"(0.5, 0.5)"
2023-12-04,2023,"(0.5, 0.5)",1,-1.0271391462799984,-92.11785714285712,SL,15844.4,2023,"(0.5, 0.5)"
2023-12-11,2023,"(0.5, 0.5)",-1,-1.0266129338858685,-93.93928571428562,SL,16096.1,2023,"(0.5, 0.5)"
2023-12-15,2023,"(0.5, 0.5)",-1,0.9747064137308039,98.83928571428558,TP,16656.1,2023,"(0.5, 0.5)"
2023-12-19,2023,"(0.5, 0.5)",-1,-0.48125618899418643,-46.099999999998545,T,16763.9,2023,"(0.5, 0.5)"
2023-12-20,2023,"(0.5, 0.5)",-1,0.9742968348388044,97.26428571428558,TP,16816.2,2023,"(0.5, 0.5)"
2023-12-27,2023,"(0.5, 0.5)",-1,-0.12384272274072479,-9.299999999999272,T,16908.8,2023,"(0.5, 0.5)"
2023-12-29,2023,"(0.5, 0.5)",1,-1.03003003003003,-83.25,SL,16903.7,2023,"(0.5, 0.5)"
2024-01-05,2024,"(0.5, 0.5)",1,0.31793665598767185,30.5,T,16275.2,2024,"(0.5, 0.5)"
2024-01-10,2024,"(0.5, 0.5)",-1,-1.0262536098713573,-95.22500000000004,SL,16702.9,2024,"(0.5, 0.5)"
2024-01-12,2024,"(0.5, 0.5)",-1,0.9744049142564627,97.67499999999986,TP,16888.1,2024,"(0.5, 0.5)"
2024-01-16,2024,"(0.5, 0.5)",1,0.9735419737687568,94.48928571428554,TP,16787.7,2024,"(0.5, 0.5)"
2024-01-26,2024,"(0.5, 0.5)",1,-0.34167120392017447,-35.599999999998545,T,17451.1,2024,"(0.5, 0.5)"
2024-01-29,2024,"(0.5, 0.5)",-1,-0.7520623579084202,-80.20000000000073,T,17515.3,2024,"(0.5, 0.5)"
2024-02-06,2024,"(0.5, 0.5)",-1,0.9781188459254165,114.25357142857163,TP,17638.8,2024,"(0.5, 0.5)"
2024-02-07,2024,"(0.5, 0.5)",-1,-1.0223406631985446,-111.90357142857167,SL,17665.2,2024,"(0.5, 0.5)"
2024-02-14,2024,"(0.5, 0.5)",-1,-0.73510297778781,-78.69999999999709,T,17717.4,2024,"(0.5, 0.5)"
2024-02-15,2024,"(0.5, 0.5)",-1,-0.36168215222248706,-37.400000000001455,T,17809.1,2024,"(0.5, 0.5)"
2024-02-21,2024,"(0.5, 0.5)",1,0.6149504616422999,74.10000000000218,T,17404.3,2024,"(0.5, 0.5)"
2024-02-28,2024,"(0.5, 0.5)",1,-0.08319898846215944,-6.900000000001455,T,17882.9,2024,"(0.5, 0.5)"
2024-03-08,2024,"(0.5, 0.5)",-1,0.9796936644233001,123.11428571428574,TP,18337.8,2024,"(0.5, 0.5)"
2024-03-12,2024,"(0.5, 0.5)",-1,-1.0198988003866052,-125.63571428571426,SL,18000.9,2024,"(0.5, 0.5)"
2024-04-01,2024,"(0.5, 0.5)",1,0.48323400342425155,52.80000000000291,T,18238.42,2024,"(0.5, 0.5)"
2024-04-09,2024,"(0.5, 0.5)",-1,0.9774336226127996,110.78428571428556,TP,18170.18,2024,"(0.5, 0.5)"
2024-04-09,2024,"(0.5, 0.5)",1,0.9774336226127996,110.78428571428556,TP,18057.93,2024,"(0.5, 0.5)"
2024-04-12,2024,"(0.5, 0.5)",1,0.028596010175748372,5.80000000000291,T,17999.67,2024,"(0.5, 0.5)"
2024-04-15,2024,"(0.5, 0.5)",-1,0.979809400743014,123.81999999999984,TP,18104.49,2024,"(0.5, 0.5)"
2024-04-15,2024,"(0.5, 0.5)",1,-1.020190599256986,-123.81999999999984,SL,17949.99,2024,"(0.5, 0.5)"
2024-04-16,2024,"(0.5, 0.5)",1,0.08862644766599863,14.549999999999272,T,17700.18,2024,"(0.5, 0.5)"
2024-04-17,2024,"(0.5, 0.5)",1,-1.0183975231677382,-135.88785714285692,SL,17672.61,2024,"(0.5, 0.5)"
2024-04-23,2024,"(0.5, 0.5)",-1,-1.0161463318993853,-154.83392857142826,SL,17285.28,2024,"(0.5, 0.5)"
2024-04-30,2024,"(0.5, 0.5)",1,-1.0163217720781115,-153.16964285714246,SL,17674.67,2024,"(0.5, 0.5)"
2024-05-02,2024,"(0.5, 0.5)",1,0.9841639349454447,157.86749999999964,TP,17285.73,2024,"(0.5, 0.5)"
2024-05-17,2024,"(0.5, 0.5)",1,-0.0447103566624898,-2.319999999999709,T,18555.87,2024,"(0.5, 0.5)"
2024-05-23,2024,"(0.5, 0.5)",1,-1.0290114553803815,-86.17285714285728,SL,18638.79,2024,"(0.5, 0.5)"
2024-05-28,2024,"(0.5, 0.5)",-1,0.9708428094202717,85.74214285714281,TP,18856.88,2024,"(0.5, 0.5)"
2024-06-07,2024,"(0.5, 0.5)",-1,0.5704963397956688,65.81999999999971,T,19074.43,2024,"(0.5, 0.5)"
2024-06-10,2024,"(0.5, 0.5)",1,0.9776892430278885,112.05357142857156,TP,18987.45,2024,"(0.5, 0.5)"
2024-06-14,2024,"(0.5, 0.5)",-1,-0.3554074861773959,-38.79999999999927,T,19630.65,2024,"(0.5, 0.5)"
2024-06-17,2024,"(0.5, 0.5)",-1,-1.0221914360078241,-112.65607142857152,SL,19664.33,2024,"(0.5, 0.5)"
2024-06-20,2024,"(0.5, 0.5)",-1,0.9788529859583827,118.22,TP,19929.81,2024,"(0.5, 0.5)"
2024-06-20,2024,"(0.5, 0.5)",1,-1.0211470140416172,-118.22,SL,19851.18,2024,"(0.5, 0.5)"
2024-06-21,2024,"(0.5, 0.5)",1,0.1329150913015848,18.419999999998254,T,19688.68,2024,"(0.5, 0.5)"
2024-07-02,2024,"(0.5, 0.5)",-1,-1.0217199062941185,-115.10178571428592,SL,19833.82,2024,"(0.5, 0.5)"
2024-07-08,2024,"(0.5, 0.5)",-1,-0.36710106027666917,-40.68000000000029,T,20404.57,2024,"(0.5, 0.5)"
2024-07-15,2024,"(0.5, 0.5)",-1,0.9803263023285227,127.07321428571478,TP,20531.3,2024,"(0.5, 0.5)"
2024-07-16,2024,"(0.5, 0.5)",1,0.7195114348213746,97.29999999999927,T,20310.05,2024,"(0.5, 0.5)"
2024-07-22,2024,"(0.5, 0.5)",-1,-0.3015908953353792,-45.55000000000291,T,19777.6,2024,"(0.5, 0.5)"
2024-07-23,2024,"(0.5, 0.5)",-1,0.5967824442877108,97.08000000000175,T,19851.72,2024,"(0.5, 0.5)"
2024-07-29,2024,"(0.5, 0.5)",-1,0.25794452037773746,49.95000000000073,T,19108.2,2024,"(0.5, 0.5)"
2024-07-30,2024,"(0.5, 0.5)",1,-1.013311856870915,-187.80250000000004,SL,18989.96,2024,"(0.5, 0.5)"
2024-07-31,2024,"(0.5, 0.5)",-1,-1.0126499927714327,-197.62857142857152,SL,19165.65,2024,"(0.5, 0.5)"
2024-08-12,2024,"(0.5, 0.5)",-1,0.07849754333224697,23.799999999999272,T,18573.1,2024,"(0.5, 0.5)"
2024-08-19,2024,"(0.5, 0.5)",-1,-0.7815717321646796,-200.29999999999927,T,19564.3,2024,"(0.5, 0.5)"
2024-08-27,2024,"(0.5, 0.5)",1,0.9858422830329875,176.58214285714297,TP,19444.8,2024,"(0.5, 0.5)"
2024-08-29,2024,"(0.5, 0.5)",-1,0.9840386720175118,156.62857142857163,TP,19583.36,2024,"(0.5, 0.5)"
2024-09-04,2024,"(0.5, 0.5)",1,0.9851794137822983,168.68428571428598,TP,18877.92,2024,"(0.5, 0.5)"
2024-09-05,2024,"(0.5, 0.5)",-1,0.9851719733349715,168.599642857143,TP,19040.53,2024,"(0.5, 0.5)"
2024-09-11,2024,"(0.5, 0.5)",-1,0.985809880782727,176.17892857142866,TP,18823.26,2024,"(0.5, 0.5)"
2024-09-11,2024,"(0.5, 0.5)",1,0.985809880782727,176.17892857142866,TP,18562.64,2024,"(0.5, 0.5)"
2024-09-13,2024,"(0.5, 0.5)",-1,-0.31371984755514687,-56.68000000000029,T,19451.16,2024,"(0.5, 0.5)"
2024-09-18,2024,"(0.5, 0.5)",-1,0.9862211505339304,181.43750000000014,TP,19561.01,2024,"(0.5, 0.5)"
2024-09-23,2024,"(0.5, 0.5)",-1,-0.1362772335136772,-23.13000000000102,T,19825.26,2024,"(0.5, 0.5)"
2024-09-24,2024,"(0.5, 0.5)",-1,-0.3087175500126181,-49.12000000000262,T,19895.87,2024,"(0.5, 0.5)"
2024-09-27,2024,"(0.5, 0.5)",1,0.13414474545216606,23.0,T,19984.69,2024,"(0.5, 0.5)"
2024-09-30,2024,"(0.5, 0.5)",1,0.5426369484573281,84.04999999999927,T,19980.13,2024,"(0.5, 0.5)"
2024-10-21,2024,"(0.5, 0.5)",1,0.5695781176799355,76.75,T,20295.44,2024,"(0.5, 0.5)"
2024-10-22,2024,"(0.5, 0.5)",-1,-0.06570822614190054,-5.5,T,20390.2,2024,"(0.5, 0.5)"
2024-10-23,2024,"(0.5, 0.5)",1,-1.020674948460307,-120.91928571428564,SL,20230.47,2024,"(0.5, 0.5)"
2024-10-29,2024,"(0.5, 0.5)",-1,-1.0205285816509673,-121.78142857142835,SL,20496.52,2024,"(0.5, 0.5)"
2024-11-19,2024,"(0.5, 0.5)",-1,-0.3167694596265848,-44.87999999999738,T,20646.49,2024,"(0.5, 0.5)"
2024-11-20,2024,"(0.5, 0.5)",1,0.9836768958119578,153.15714285714304,TP,20438.74,2024,"(0.5, 0.5)"
2024-12-03,2024,"(0.5, 0.5)",-1,-0.30857481552920857,-41.38000000000102,T,21198.43,2024,"(0.5, 0.5)"
2024-12-05,2024,"(0.5, 0.5)",-1,0.4411313919464938,65.81999999999971,T,21506.1,2024,"(0.5, 0.5)"
2025-01-02,2025,"(0.5, 0.5)",1,0.9870451937668875,192.97857142857134,TP,20923.02,2025,"(0.5, 0.5)"
2025-01-10,2025,"(0.5, 0.5)",1,-1.0116969422521962,-213.73107142857134,SL,20929.81,2025,"(0.5, 0.5)"
2025-01-16,2025,"(0.5, 0.5)",-1,0.8924160866978637,180.36999999999898,T,21222.02,2025,"(0.5, 0.5)"
2025-01-24,2025,"(0.5, 0.5)",-1,0.5828790834303517,110.5,T,21842.16,2025,"(0.5, 0.5)"
2025-01-24,2025,"(0.5, 0.5)",1,0.2287260699609157,44.88000000000102,T,21686.78,2025,"(0.5, 0.5)"
2025-02-04,2025,"(0.5, 0.5)",-1,-0.8608321377331419,-161.0,T,21370.0,2025,"(0.5, 0.5)"
2025-02-06,2025,"(0.5, 0.5)",-1,-0.6283033005958462,-109.5,T,21632.21,2025,"(0.5, 0.5)"
2025-02-07,2025,"(0.5, 0.5)",1,-0.7614678525302812,-131.0,T,21592.26,2025,"(0.5, 0.5)"
2025-02-11,2025,"(0.5, 0.5)",-1,0.41705970089088534,76.40000000000146,T,21771.9,2025,"(0.5, 0.5)"
2025-02-11,2025,"(0.5, 0.5)",1,0.07731688636272423,16.200000000000728,T,21679.3,2025,"(0.5, 0.5)"
2025-02-14,2025,"(0.5, 0.5)",-1,-0.48237245036742066,-83.0,T,22025.8,2025,"(0.5, 0.5)"
2025-02-19,2025,"(0.5, 0.5)",-1,0.01192116005911,4.200000000000728,T,22175.4,2025,"(0.5, 0.5)"
2025-03-10,2025,"(0.5, 0.5)",1,-1.010394856031244,-240.50357142857163,SL,19730.7,2025,"(0.5, 0.5)"
2025-03-11,2025,"(0.5, 0.5)",1,0.9906919844689113,268.5857142857146,TP,19294.5,2025,"(0.5, 0.5)"
2025-03-13,2025,"(0.5, 0.5)",1,-0.5519979767324272,-153.40000000000146,T,19376.2,2025,"(0.5, 0.5)"
2025-03-25,2025,"(0.5, 0.5)",-1,-0.37001056586052733,-87.54999999999927,T,20195.55,2025,"(0.5, 0.5)"
2025-03-26,2025,"(0.5, 0.5)",1,-1.010868552619321,-230.02142857142877,SL,20169.0,2025,"(0.5, 0.5)"
2025-04-02,2025,"(0.5, 0.5)",-1,-1.0124603937484424,-200.63571428571453,SL,19460.6,2025,"(0.5, 0.5)"
2025-04-07,2025,"(0.5, 0.5)",-1,0.9902191606642587,255.60178571428605,TP,17829.4,2025,"(0.5, 0.5)"
2025-04-08,2025,"(0.5, 0.5)",-1,0.9916702365652815,300.1285714285718,TP,18147.9,2025,"(0.5, 0.5)"
2025-04-11,2025,"(0.5, 0.5)",-1,0.08178242911915218,38.0,T,18702.55,2025,"(0.5, 0.5)"
2025-04-22,2025,"(0.5, 0.5)",-1,-0.5841755468420374,-267.0,T,17997.7,2025,"(0.5, 0.5)"
2025-04-24,2025,"(0.5, 0.5)",-1,-0.3550065360456359,-166.75,T,19040.0,2025,"(0.5, 0.5)"
2025-04-25,2025,"(0.5, 0.5)",-1,-0.4299491276801578,-194.29999999999927,T,19223.5,2025,"(0.5, 0.5)"
2025-04-28,2025,"(0.5, 0.5)",-1,-0.08093700728283235,-32.150000000001455,T,19391.25,2025,"(0.5, 0.5)"
2025-05-02,2025,"(0.5, 0.5)",-1,-0.38731615846405093,-96.34999999999854,T,19986.4,2025,"(0.5, 0.5)"
2025-05-05,2025,"(0.5, 0.5)",1,0.13085711409733733,35.0,T,19931.55,2025,"(0.5, 0.5)"
2025-05-15,2025,"(0.5, 0.5)",-1,-0.13498388377633086,-23.299999999999272,T,21310.25,2025,"(0.5, 0.5)"
2025-05-21,2025,"(0.5, 0.5)",1,0.9854285060055372,171.56785714285746,TP,21248.95,2025,"(0.5, 0.5)"
2025-05-29,2025,"(0.5, 0.5)",1,0.3465951608879973,62.04999999999927,T,21297.3,2025,"(0.5, 0.5)"
2025-06-03,2025,"(0.5, 0.5)",-1,-1.0158451700526285,-157.77678571428584,SL,21490.1,2025,"(0.5, 0.5)"
2025-06-04,2025,"(0.5, 0.5)",-1,-0.03702230230980799,-3.150000000001455,T,21715.05,2025,"(0.5, 0.5)"
2025-06-05,2025,"(0.5, 0.5)",-1,0.9836490621569223,152.89642857142877,TP,21761.85,2025,"(0.5, 0.5)"
2025-06-05,2025,"(0.5, 0.5)",1,-1.0163509378430777,-152.89642857142877,SL,21628.15,2025,"(0.5, 0.5)"
2025-06-09,2025,"(0.5, 0.5)",-1,0.19847176300162092,34.54999999999927,T,21821.6,2025,"(0.5, 0.5)"
2025-06-10,2025,"(0.5, 0.5)",-1,-0.5613043024832268,-84.0,T,21855.3,2025,"(0.5, 0.5)"
2025-06-10,2025,"(0.5, 0.5)",1,0.9837773322981727,154.10535714285717,TP,21752.7,2025,"(0.5, 0.5)"
2025-06-11,2025,"(0.5, 0.5)",-1,0.9839043458266268,155.32142857142858,TP,21946.3,2025,"(0.5, 0.5)"
2025-06-17,2025,"(0.5, 0.5)",1,-0.6273661438615471,-84.5,T,21804.7,2025,"(0.5, 0.5)"
2025-06-18,2025,"(0.5, 0.5)",1,0.2110006491936154,32.10000000000218,T,21683.3,2025,"(0.5, 0.5)"
2025-06-20,2025,"(0.5, 0.5)",1,-0.26262438389286197,-32.79999999999927,T,21656.1,2025,"(0.5, 0.5)"
2025-06-23,2025,"(0.5, 0.5)",1,0.9813832262868845,134.28749999999997,TP,21569.5,2025,"(0.5, 0.5)"
2025-06-26,2025,"(0.5, 0.5)",-1,-1.0178280358598206,-140.22857142857148,SL,22315.9,2025,"(0.5, 0.5)"
2025-07-02,2025,"(0.5, 0.5)",-1,-0.11061580759682345,-12.299999999999272,T,22621.5,2025,"(0.5, 0.5)"
2025-07-10,2025,"(0.5, 0.5)",1,0.9791796793670623,120.07499999999995,TP,22729.8,2025,"(0.5, 0.5)"
2025-07-11,2025,"(0.5, 0.5)",1,0.978722757530624,117.4964285714285,TP,22711.5,2025,"(0.5, 0.5)"
2025-07-14,2025,"(0.5, 0.5)",-1,-0.2128422223595766,-22.100000000002183,T,22832.1,2025,"(0.5, 0.5)"
2025-07-17,2025,"(0.5, 0.5)",-1,-1.0247157686604054,-101.14999999999964,SL,22915.9,2025,"(0.5, 0.5)"
2025-07-25,2025,"(0.5, 0.5)",-1,-0.22528614059607202,-18.799999999999272,T,23256.7,2025,"(0.5, 0.5)"
2025-08-06,2025,"(0.5, 0.5)",-1,-0.2720222708291965,-31.700000000000728,T,23280.0,2025,"(0.5, 0.5)"
2025-08-11,2025,"(0.5, 0.5)",-1,0.3110948828960568,45.10000000000218,T,23580.2,2025,"(0.5, 0.5)"
2025-08-12,2025,"(0.5, 0.5)",-1,-1.018360655737705,-136.16071428571428,SL,23637.7,2025,"(0.5, 0.5)"
2025-08-14,2025,"(0.5, 0.5)",1,0.09127556860597208,15.599999999998545,T,23806.5,2025,"(0.5, 0.5)"
2025-08-15,2025,"(0.5, 0.5)",1,-0.31214388346628386,-42.5,T,23759.1,2025,"(0.5, 0.5)"
2025-08-18,2025,"(0.5, 0.5)",1,0.31586385010841855,48.79999999999927,T,23661.0,2025,"(0.5, 0.5)"
2025-08-26,2025,"(0.5, 0.5)",1,0.9809673998749286,131.35357142857148,TP,23376.0,2025,"(0.5, 0.5)"
2025-09-11,2025,"(0.5, 0.5)",-1,-0.2135554714123488,-25.700000000000728,T,23957.3,2025,"(0.5, 0.5)"
2025-09-12,2025,"(0.5, 0.5)",-1,-0.590136941189378,-74.29999999999927,T,24014.8,2025,"(0.5, 0.5)"
2025-09-19,2025,"(0.5, 0.5)",-1,-0.47217935407841327,-57.60000000000218,T,24558.1,2025,"(0.5, 0.5)"
2025-10-01,2025,"(0.5, 0.5)",-1,-1.0221518987341771,-112.85714285714299,SL,24674.2,2025,"(0.5, 0.5)"
2025-10-03,2025,"(0.5, 0.5)",-1,0.9788749396426847,118.34285714285708,TP,24937.6,2025,"(0.5, 0.5)"
2025-10-03,2025,"(0.5, 0.5)",1,0.037180106228856515,6.899999999997817,T,24780.2,2025,"(0.5, 0.5)"
2025-10-06,2025,"(0.5, 0.5)",-1,-0.13788575180564697,-14.0,T,24960.9,2025,"(0.5, 0.5)"
2025-10-07,2025,"(0.5, 0.5)",-1,0.9800745780080271,125.46785714285708,TP,25040.2,2025,"(0.5, 0.5)"
2025-10-08,2025,"(0.5, 0.5)",-1,-0.6089576220124465,-73.29999999999927,T,25053.9,2025,"(0.5, 0.5)"
2025-10-10,2025,"(0.5, 0.5)",1,-1.0204630495790459,-122.17142857142855,SL,25006.1,2025,"(0.5, 0.5)"
2025-10-16,2025,"(0.5, 0.5)",-1,0.9858187638013817,176.28928571428565,TP,24881.4,2025,"(0.5, 0.5)"
2025-10-16,2025,"(0.5, 0.5)",1,0.9858187638013817,176.28928571428565,TP,24496.1,2025,"(0.5, 0.5)"
2025-10-23,2025,"(0.5, 0.5)",-1,0.07513943943592437,17.799999999999272,T,25112.3,2025,"(0.5, 0.5)"
2025-10-31,2025,"(0.5, 0.5)",-1,0.987254652052001,196.15000000000015,TP,26022.8,2025,"(0.5, 0.5)"
2025-11-12,2025,"(0.5, 0.5)",-1,0.2428231187389631,50.19999999999709,T,25572.1,2025,"(0.5, 0.5)"
2025-11-18,2025,"(0.5, 0.5)",1,-1.011206634327522,-223.08214285714283,SL,24658.2,2025,"(0.5, 0.5)"
2025-11-20,2025,"(0.5, 0.5)",1,-1.0107115531752104,-233.39285714285714,SL,24447.6,2025,"(0.5, 0.5)"
2025-11-21,2025,"(0.5, 0.5)",1,0.9905554731033366,264.7035714285715,TP,24065.3,2025,"(0.5, 0.5)"
2025-12-01,2025,"(0.5, 0.5)",-1,-0.14552605703048438,-38.20000000000073,T,25311.5,2025,"(0.5, 0.5)"
2025-12-03,2025,"(0.5, 0.5)",-1,0.018919701587219662,7.400000000001455,T,25619.0,2025,"(0.5, 0.5)"
2025-12-04,2025,"(0.5, 0.5)",-1,-0.2673774748904246,-67.0,T,25515.2,2025,"(0.5, 0.5)"
2025-12-09,2025,"(0.5, 0.5)",1,0.5124489037532388,120.69999999999709,T,25546.9,2025,"(0.5, 0.5)"
2025-12-10,2025,"(0.5, 0.5)",-1,-0.390409950085921,-82.70000000000073,T,25689.6,2025,"(0.5, 0.5)"
2025-12-10,2025,"(0.5, 0.5)",1,0.9885443089763521,218.23214285714286,TP,25535.8,2025,"(0.5, 0.5)"
2025-12-16,2025,"(0.5, 0.5)",1,0.5174537987679633,94.29999999999927,T,25023.3,2025,"(0.5, 0.5)"
2025-12-17,2025,"(0.5, 0.5)",-1,0.9846231575247677,162.5821428571427,TP,25150.7,2025,"(0.5, 0.5)"
2025-12-23,2025,"(0.5, 0.5)",-1,-0.15773002295013563,-24.5,T,25552.8,2025,"(0.5, 0.5)"
2026-01-02,2026,"(0.5, 0.5)",-1,0.9844840961986036,161.125,TP,25468.9,2026,"(0.5, 0.5)"
2026-01-09,2026,"(0.5, 0.5)",-1,-1.01697710516104,-147.257142857143,SL,25623.6,2026,"(0.5, 0.5)"
2026-01-13,2026,"(0.5, 0.5)",-1,0.9810969187977641,132.25357142857163,TP,25824.4,2026,"(0.5, 0.5)"
2026-01-16,2026,"(0.5, 0.5)",1,0.05212840897656249,9.900000000001455,T,25519.3,2026,"(0.5, 0.5)"
2026-01-21,2026,"(0.5, 0.5)",-1,0.9844623990055935,160.90000000000003,TP,25267.6,2026,"(0.5, 0.5)"
2026-01-26,2026,"(0.5, 0.5)",-1,-0.03767459741146885,-3.7999999999992724,T,25707.7,2026,"(0.5, 0.5)"
2026-02-02,2026,"(0.5, 0.5)",-1,0.344593116885687,64.39999999999782,T,25805.1,2026,"(0.5, 0.5)"
2026-02-02,2026,"(0.5, 0.5)",1,0.986082668946458,179.63214285714275,TP,25527.0,2026,"(0.5, 0.5)"
2026-02-03,2026,"(0.5, 0.5)",-1,0.9864201602421091,184.09642857142848,TP,25762.2,2026,"(0.5, 0.5)"
2026-02-03,2026,"(0.5, 0.5)",1,-1.0135798397578908,-184.09642857142848,SL,25440.3,2026,"(0.5, 0.5)"
2026-02-05,2026,"(0.5, 0.5)",1,-1.0120165485039396,-208.0464285714284,SL,24713.3,2026,"(0.5, 0.5)"
2026-02-06,2026,"(0.5, 0.5)",-1,-1.011755222677504,-212.6714285714284,SL,24812.2,2026,"(0.5, 0.5)"
2026-02-09,2026,"(0.5, 0.5)",-1,-0.5507770610925178,-120.39999999999782,T,25129.7,2026,"(0.5, 0.5)"
2026-02-11,2026,"(0.5, 0.5)",-1,0.9880619414694044,209.41428571428565,TP,25300.1,2026,"(0.5, 0.5)"
2026-02-13,2026,"(0.5, 0.5)",1,0.9890590809628008,228.49999999999974,TP,24646.9,2026,"(0.5, 0.5)"
2026-02-18,2026,"(0.5, 0.5)",-1,-0.3013293069248338,-70.20000000000073,T,24821.0,2026,"(0.5, 0.5)"
2026-02-19,2026,"(0.5, 0.5)",1,0.33116187498190763,84.20000000000073,T,24710.6,2026,"(0.5, 0.5)"
2026-02-20,2026,"(0.5, 0.5)",-1,-1.010803636195268,-231.40357142857127,SL,24837.3,2026,"(0.5, 0.5)"
2026-02-20,2026,"(0.5, 0.5)",1,0.989196363804732,231.40357142857127,TP,24743.9,2026,"(0.5, 0.5)"
2026-02-23,2026,"(0.5, 0.5)",1,0.3575473870002333,85.70000000000073,T,24626.7,2026,"(0.5, 0.5)"
2026-02-24,2026,"(0.5, 0.5)",-1,-0.014604586944855526,-0.9000000000014552,T,24978.3,2026,"(0.5, 0.5)"
2026-02-26,2026,"(0.5, 0.5)",1,-1.011904559446268,-210.00357142857152,SL,25127.2,2026,"(0.5, 0.5)"
2026-02-27,2026,"(0.5, 0.5)",1,0.5279024045974726,114.70000000000073,T,24838.1,2026,"(0.5, 0.5)"
2026-03-02,2026,"(0.5, 0.5)",-1,-0.03417412530513332,-4.400000000001455,T,24978.5,2026,"(0.5, 0.5)"
2026-03-02,2026,"(0.5, 0.5)",1,0.987618070541621,201.9071428571429,TP,24796.4,2026,"(0.5, 0.5)"
2026-03-10,2026,"(0.5, 0.5)",-1,0.17215693829062784,40.79999999999927,T,24998.8,2026,"(0.5, 0.5)"
2026-03-11,2026,"(0.5, 0.5)",1,0.3100433853525768,70.89999999999782,T,24886.9,2026,"(0.5, 0.5)"
2026-03-23,2026,"(0.5, 0.5)",-1,0.36229952962706646,83.09999999999854,T,24266.1,2026,"(0.5, 0.5)"
2026-03-30,2026,"(0.5, 0.5)",1,-1.0122176842252244,-204.62142857142823,SL,23093.0,2026,"(0.5, 0.5)"
2026-04-07,2026,"(0.5, 0.5)",1,-1.010920947938281,-228.91785714285677,SL,24051.6,2026,"(0.5, 0.5)"
2026-04-09,2026,"(0.5, 0.5)",-1,-0.06629865217026387,-14.400000000001455,T,25065.0,2026,"(0.5, 0.5)"
2026-04-13,2026,"(0.5, 0.5)",-1,-0.6608899720191267,-154.39999999999782,T,25220.7,2026,"(0.5, 0.5)"
2026-04-20,2026,"(0.5, 0.5)",1,0.306712689331253,72.0,T,26516.6,2026,"(0.5, 0.5)"
2026-04-21,2026,"(0.5, 0.5)",-1,0.5383199684501119,119.5,T,26605.4,2026,"(0.5, 0.5)"
2026-04-22,2026,"(0.5, 0.5)",-1,-1.0125457022008746,-199.27142857142866,SL,26670.4,2026,"(0.5, 0.5)"
2026-04-23,2026,"(0.5, 0.5)",-1,0.9874921826141339,199.875,TP,26930.1,2026,"(0.5, 0.5)"
2026-05-04,2026,"(0.5, 0.5)",-1,0.9865057639665343,185.2642857142855,TP,27774.4,2026,"(0.5, 0.5)"
2026-05-28,2026,"(0.5, 0.5)",-1,-0.4674240667748659,-105.5,T,30120.3,2026,"(0.5, 0.5)"
2026-06-02,2026,"(0.5, 0.5)",-1,-0.10723004994494878,-21.5,T,30631.3,2026,"(0.5, 0.5)"
2026-06-11,2026,"(0.5, 0.5)",-1,-1.0083167987453514,-300.5964285714286,SL,29173.7,2026,"(0.5, 0.5)"
2026-06-16,2026,"(0.5, 0.5)",1,-0.9104909367130759,-310.0,T,30289.2,2026,"(0.5, 0.5)"
2026-06-17,2026,"(0.5, 0.5)",1,-1.0070754240200537,-353.33571428571423,SL,30038.4,2026,"(0.5, 0.5)"
2026-06-18,2026,"(0.5, 0.5)",-1,-0.6002515075600797,-214.0,T,30163.7,2026,"(0.5, 0.5)"
2026-06-24,2026,"(0.5, 0.5)",1,-0.36222983038444434,-146.0,T,29352.7,2026,"(0.5, 0.5)"
2026-07-02,2026,"(0.5, 0.5)",1,-1.007023528821552,-355.9464285714287,SL,29873.8,2026,"(0.5, 0.5)"
2026-07-10,2026,"(0.5, 0.5)",-1,-0.17061352910329936,-55.599999999998545,T,29768.2,2026,"(0.5, 0.5)"
2026-07-14,2026,"(0.5, 0.5)",-1,-0.2902271969721342,-93.89999999999782,T,29489.4,2026,"(0.5, 0.5)"
2026-07-15,2026,"(0.5, 0.5)",1,0.3156850073855269,100.20000000000073,T,29399.6,2026,"(0.5, 0.5)"
2026-07-21,2026,"(0.5, 0.5)",-1,-0.5738975913146196,-165.90000000000146,T,28973.6,2026,"(0.5, 0.5)"
2026-08-03,2026,"(0.5, 0.5)",-1,-0.603722122291591,-180.90000000000146,T,28597.1,2026,"(0.5, 0.5)"
2026-08-14,2026,"(0.5, 0.5)",-1,0.19934224619145438,59.0,T,30107.9,2026,"(0.5, 0.5)"
2026-08-17,2026,"(0.5, 0.5)",-1,0.6430179430139393,174.89999999999782,T,30174.6,2026,"(0.5, 0.5)"
2026-08-20,2026,"(0.5, 0.5)",1,-0.4445640473627687,-97.80000000000291,T,29310.9,2026,"(0.5, 0.5)"
2026-08-21,2026,"(0.5, 0.5)",-1,-0.1915887850467291,-38.5,T,29277.4,2026,"(0.5, 0.5)"
2026-08-28,2026,"(0.5, 0.5)",-1,0.984911191584756,165.6857142857143,TP,29629.7,2026,"(0.5, 0.5)"
2026-08-31,2026,"(0.5, 0.5)",1,0.2189491104675386,40.30000000000291,T,29409.6,2026,"(0.5, 0.5)"
2026-09-08,2026,"(0.5, 0.5)",-1,0.9852628476388977,169.63928571428576,TP,29574.0,2026,"(0.5, 0.5)"
2026-09-08,2026,"(0.5, 0.5)",1,0.22989957683319642,41.5,T,29474.5,2026,"(0.5, 0.5)"
2026-09-09,2026,"(0.5, 0.5)",1,-0.14701971830985455,-20.799999999999272,T,29455.2,2026,"(0.5, 0.5)"
2026-10-05,2026,"(0.5, 0.5)",-1,-0.36031670792296067,-70.79999999999927,T,31015.8,2026,"(0.5, 0.5)"
