thr,tpm,n,PF,expR
0.75,1.0,1730,0.9179963386012975,-0.02112127918064516
0.75,1.5,1730,0.9351681445376833,-0.016950737997163984
0.75,2.0,1730,0.9494379552135009,-0.01330085940444816
1.0,1.0,2019,0.9373877247942071,-0.015644623406257656
1.0,1.5,2019,0.9526841982347883,-0.011986296440779767
1.0,2.0,2019,0.9682558381315417,-0.00808521205561157
1.25,1.0,2090,0.9376323745706685,-0.015423199633891733
1.25,1.5,2090,0.9533424845209629,-0.011694134157472063
1.25,2.0,2090,0.9685449144167334,-0.007925574648546424
