fecha,anio,verano,s,d,sl_dist,tp_dist,R,pnl,motivo,entry
2018-01-25,2018,False,18,-1,10.65499999999984,27.050000000000182,2.3510089160019296,27.050000000000182,TP,6948.3
2018-01-29,2018,False,33,-1,10.293214285714676,25.649999999999636,-0.27202387148260687,-0.8000000000001819,T,6996.9
2018-02-01,2018,False,38,1,10.861785714285729,15.75,1.265906027027914,15.75,TP,6943.0
2018-02-05,2018,False,58,1,14.671428571428946,35.649999999999636,-1.1363193768257025,-14.671428571428946,SL,6798.1
2018-02-09,2018,False,29,1,23.74892857142874,84.94999999999982,-1.0842143254582908,-23.74892857142874,SL,6398.8
2018-02-14,2018,False,17,-1,24.002499999999994,27.75,-1.0833246536819081,-24.002499999999994,SL,6546.5
2018-03-14,2018,True,112,1,16.720714285714653,65.64999999999964,-1.1196121149985023,-16.720714285714653,SL,7033.1
2018-03-15,2018,True,93,-1,16.595357142857523,25.649999999999636,0.30128908687885336,7.0,T,7064.4
2018-03-29,2018,True,18,1,23.377500000000005,26.75,1.058710298363811,26.75,TP,6454.5
2018-04-25,2018,True,56,1,17.87821428571446,47.44999999999982,2.5422002037595286,47.44999999999982,TP,6466.3
2018-04-27,2018,True,58,-1,22.778571428571055,19.350000000000364,0.7616807776732802,19.350000000000364,TP,6653.1
2018-05-01,2018,True,97,1,18.15142857142839,21.550000000000182,1.0770502124980532,21.550000000000182,TP,6592.2
2018-05-22,2018,True,28,-1,11.791785714285528,21.050000000000182,1.6155313929188404,21.050000000000182,TP,6927.3
2018-05-25,2018,True,18,-1,11.624642857142476,14.850000000000364,-1.1720482964146421,-11.624642857142476,SL,6961.1
2018-05-29,2018,True,35,1,11.94964285714302,11.949999999999818,-1.167369018799125,-11.94964285714302,SL,6959.3
2018-06-08,2018,True,27,1,11.034999999999831,30.550000000000182,-1.1812415043044886,-11.034999999999831,SL,7125.7
2018-06-14,2018,True,21,-1,10.89392857142824,9.850000000000364,0.7205848605055793,9.850000000000364,TP,7251.1
2018-06-21,2018,True,22,-1,12.472142857142519,15.850000000000364,1.1104747723498674,15.850000000000364,TP,7294.6
2018-06-26,2018,True,60,-1,12.112857142856967,58.05000000000018,-0.5944097181271313,-5.199999999999818,T,7061.8
2018-07-05,2018,True,44,-1,20.094999999999644,27.350000000000364,-1.0995272455834801,-20.094999999999644,SL,7048.6
2018-07-20,2018,True,34,-1,11.440357142856953,21.050000000000182,-1.1748197171666748,-11.440357142856953,SL,7374.8
2018-08-02,2018,True,48,-1,15.63071428571392,13.350000000000364,-1.1279532056847812,-15.63071428571392,SL,7274.6
2018-08-03,2018,True,37,-1,16.12892857142857,14.25,0.7595048825313877,14.25,TP,7383.0
2018-08-22,2018,True,55,1,10.307857142856976,18.550000000000182,1.6055713394775573,18.550000000000182,TP,7395.2
2018-08-30,2018,True,105,-1,9.961428571428224,15.850000000000364,-0.2810841818441932,-0.7999999999992724,T,7662.1
2018-08-31,2018,True,49,-1,11.825357142857513,29.149999999999636,2.295913744676893,29.149999999999636,TP,7670.4
2018-09-04,2018,True,80,1,10.664999999999823,10.050000000000182,-1.1875293014533552,-10.664999999999823,SL,7636.2
2018-09-06,2018,True,24,1,11.749642857142685,16.550000000000182,-1.1702179397550103,-11.749642857142685,SL,7507.2
2018-09-10,2018,True,66,1,12.853214285714296,11.25,0.7196643418822413,11.25,TP,7427.5
2018-09-12,2018,True,30,1,19.75250000000038,37.649999999999636,-1.101253005948612,-19.75250000000038,SL,7471.1
2018-09-25,2018,True,31,-1,15.356428571428584,19.25,1.123308060840038,19.25,TP,7550.5
2018-10-03,2018,True,36,-1,14.9707142857143,12.75,0.7180686101436131,12.75,TP,7671.5
2018-10-05,2018,True,90,1,14.780000000000193,31.449999999999818,-1.1353179972936382,-14.780000000000193,SL,7439.8
2018-10-09,2018,True,59,-1,14.99000000000038,47.649999999999636,-1.1334222815210104,-14.99000000000038,SL,7408.9
2018-10-19,2018,True,72,-1,22.583928571428398,80.55000000000018,1.5497746501146636,37.0,T,7199.3
2018-10-22,2018,True,82,-1,27.8789285714284,76.05000000000018,1.18010274016477,34.900000000000546,T,7182.3
2018-10-24,2018,True,31,-1,27.20142857142821,63.850000000000364,-1.0735255501286707,-27.20142857142821,SL,7067.6
2018-10-25,2018,True,98,1,30.531428571428204,44.850000000000364,1.4034718323039779,44.850000000000364,TP,6948.9
2018-11-01,2018,True,22,1,32.12285714285696,37.55000000000018,-1.0622609623765902,-32.12285714285696,SL,6966.2
2018-11-02,2018,True,45,1,30.711785714285707,51.25,-1.0651215796634612,-30.711785714285707,SL,7000.0
2018-11-14,2018,False,19,-1,25.285357142857134,58.25,2.224607692199043,58.25,TP,6894.5
2018-11-16,2018,False,21,-1,24.44321428571408,53.55000000000018,-1.0818222994988391,-24.44321428571408,SL,6854.8
2018-12-21,2018,False,47,-1,24.666071428571254,66.05000000000018,2.596684282921911,66.05000000000018,TP,6307.3
2019-01-24,2019,False,111,-1,17.19428571428607,28.149999999999636,-1.116317713526086,-17.19428571428607,SL,6659.4
2019-01-29,2019,False,70,1,14.349999999999989,17.75,-1.1393728222996515,-14.349999999999989,SL,6661.0
2019-02-06,2019,False,33,1,15.62857142857141,16.75,-1.1279707495429618,-15.62857142857141,SL,6999.5
2019-03-05,2019,False,34,-1,10.39249999999981,18.550000000000182,-1.192446475823915,-10.39249999999981,SL,7147.3
2019-03-14,2019,True,19,1,13.49607142857142,18.75,-1.1481912725925534,-13.49607142857142,SL,7252.5
2019-03-20,2019,True,61,1,10.984999999999813,16.050000000000182,-1.1820664542558064,-10.984999999999813,SL,7350.2
2019-03-27,2019,True,35,1,16.35142857142857,42.25,-1.1223134719552683,-16.35142857142857,SL,7339.0
2019-03-28,2019,True,58,-1,14.475714285713918,24.850000000000364,-1.1381624395539363,-14.475714285713918,SL,7328.6
2019-04-10,2019,True,19,-1,14.393571428571262,16.050000000000182,-1.1389509205498505,-14.393571428571262,SL,7584.8
2019-04-12,2019,True,76,-1,9.862857142857523,13.649999999999636,1.1811993047507867,13.649999999999636,TP,7609.9
2019-04-18,2019,True,42,1,12.503571428571629,11.449999999999818,-1.159954298771777,-12.503571428571629,SL,7669.8
2019-04-22,2019,True,16,1,9.403571428571265,12.050000000000182,1.0687428788454614,12.050000000000182,TP,7666.7
2019-04-24,2019,True,69,-1,12.38642857142895,12.149999999999636,0.6700882302057912,10.299999999999272,T,7815.9
2019-05-02,2019,True,18,1,8.610357142857499,18.649999999999636,1.9337176987845641,18.649999999999636,TP,7762.6
2019-05-08,2019,True,63,1,12.948214285713922,50.350000000000364,3.7341056406014292,50.350000000000364,TP,7608.4
2019-05-24,2019,True,109,-1,21.462142857142677,35.05000000000018,-1.0931873398342604,-21.462142857142677,SL,7306.3
2019-05-28,2019,True,92,-1,18.090357142857137,22.75,-0.265334728446499,-2.800000000000182,T,7336.5
2019-06-04,2019,True,51,-1,15.958928571428542,57.25,-1.1253216963186754,-15.958928571428542,SL,7058.5
2019-06-05,2019,True,90,-1,18.415714285714632,17.649999999999636,-1.1086029012489313,-18.415714285714632,SL,7158.9
2019-06-11,2019,True,110,-1,17.427499999999796,15.550000000000182,0.7775068139434996,15.550000000000182,TP,7541.8
2019-07-05,2019,True,67,-1,11.10821428571448,15.449999999999818,-1.180046940809565,-11.10821428571448,SL,7776.7
2019-07-08,2019,True,77,1,11.115357142856801,25.850000000000364,-1.179931240561648,-11.115357142856801,SL,7772.9
2019-07-09,2019,True,31,-1,10.932857142857339,10.949999999999818,-1.1829347968117045,-10.932857142857339,SL,7782.2
2019-07-17,2019,True,41,1,11.207142857142696,30.050000000000182,-1.1784576163161276,-11.207142857142696,SL,7926.2
2019-07-22,2019,True,83,1,11.811071428571275,27.050000000000182,1.0667956820175222,14.600000000000364,T,7874.2
2019-07-25,2019,True,39,1,10.486785714285555,21.050000000000182,-1.1907162074719915,-10.486785714285555,SL,7950.2
2019-07-30,2019,True,15,1,10.443928571428595,25.75,-1.1914988202304821,-10.443928571428595,SL,7953.0
2019-08-01,2019,True,97,-1,14.77928571428592,15.449999999999818,-1.1353245372384109,-14.77928571428592,SL,7976.7
2019-08-06,2019,True,22,-1,17.876071428571258,34.05000000000018,-1.1118814057099484,-17.876071428571258,SL,7500.3
2019-08-09,2019,True,97,1,19.40107142857126,57.05000000000018,-1.1030870901827965,-19.40107142857126,SL,7631.7
2019-08-23,2019,True,34,1,23.28642857142893,48.649999999999636,-1.0858869359835575,-23.28642857142893,SL,7667.6
2019-09-03,2019,True,19,1,20.434642857142478,25.350000000000364,-1.0978730097698255,-20.434642857142478,SL,7648.4
2019-09-20,2019,True,92,1,11.493928571428766,15.449999999999818,-1.1740049094242273,-11.493928571428766,SL,7888.3
2019-09-23,2019,True,41,1,11.566071428571801,35.649999999999636,2.909371622664689,35.649999999999636,TP,7788.1
2019-09-25,2019,True,22,1,16.467857142857152,21.75,-1.1214487096074603,-16.467857142857152,SL,7687.0
2019-10-01,2019,True,50,-1,22.729285714285375,22.850000000000364,0.9173187517677303,22.850000000000364,TP,7741.6
2019-10-03,2019,True,58,1,16.012857142856816,20.850000000000364,-1.1248996342225024,-16.012857142856816,SL,7525.4
2019-10-09,2019,True,36,-1,18.635000000000215,30.449999999999818,-1.107324926214112,-18.635000000000215,SL,7669.2
2019-10-18,2019,True,55,1,15.191428571428235,22.350000000000364,-1.1316531878879095,-15.191428571428235,SL,7921.4
2019-10-21,2019,True,19,-1,21.1357142857145,21.949999999999818,-1.0946265630280492,-21.1357142857145,SL,7900.7
2019-10-25,2019,True,39,-1,12.423571428571465,17.75,-1.1609843040303565,-12.423571428571465,SL,7964.0
2019-10-29,2019,True,24,1,15.370357142857541,12.149999999999636,-1.1301205939075647,-15.370357142857541,SL,8094.1
2019-11-13,2019,False,52,1,9.692857142857152,23.25,-1.2063375092114959,-9.692857142857152,SL,8258.0
2019-11-14,2019,False,54,1,9.413928571428219,13.350000000000364,-1.2124511552031643,-9.413928571428219,SL,8247.9
2019-11-20,2019,False,69,1,8.268214285713594,10.950000000000728,-1.2418901991274878,-8.268214285713594,SL,8332.8
2019-11-21,2019,False,58,1,9.751428571427885,57.45000000000073,-1.2050981541166275,-9.751428571427885,SL,8258.8
2019-12-10,2019,False,95,1,13.977142857142146,14.450000000000728,-0.08585445625503667,0.8000000000010914,T,8374.3
2019-12-13,2019,False,15,-1,16.845357142856443,21.450000000000728,-1.1187270761337424,-16.845357142856443,SL,8460.2
2019-12-17,2019,False,99,1,10.021071428570723,10.950000000000728,0.18960048469312696,3.900000000001455,T,8570.3
2020-01-03,2020,False,30,1,14.82964285714292,22.75,1.0991498687473875,18.299999999999272,T,8798.5
2020-01-07,2020,False,22,-1,10.53999999999971,15.850000000000364,-1.1897533206831172,-10.53999999999971,SL,8832.1
2020-01-13,2020,False,100,-1,14.59392857142825,19.850000000000364,-1.1370432909967483,-14.59392857142825,SL,9018.6
2020-01-14,2020,False,15,-1,13.527499999999307,38.95000000000073,-1.147846978377387,-13.527499999999307,SL,9047.7
2020-01-29,2020,False,90,-1,12.93464285714241,28.350000000000364,-0.9045475881491586,-9.699999999998909,T,9109.6
2020-01-31,2020,False,23,-1,17.74571428571421,33.75,-1.112703268394784,-17.74571428571421,SL,9102.5
2020-02-05,2020,False,99,-1,16.321071428571017,32.850000000000364,-0.35536882645130907,-3.7999999999992724,T,9351.6
2020-02-10,2020,False,23,-1,16.859642857143562,26.049999999999272,-1.118626474887194,-16.859642857143562,SL,9424.8
2020-02-12,2020,False,115,-1,18.900357142857878,38.04999999999927,0.08465448498697589,3.599999999998545,T,9596.8
2020-02-13,2020,False,43,1,21.105357142857525,23.149999999999636,1.0021152381757832,23.149999999999636,TP,9573.1
2020-02-20,2020,False,24,1,16.328571428571486,21.25,-1.1224846894138227,-16.328571428571486,SL,9705.0
2020-03-03,2020,False,115,-1,61.19571428571501,35.04999999999927,-1.0326820272194595,-61.19571428571501,SL,8716.3
2020-03-05,2020,False,19,1,37.632857142857844,97.54999999999927,2.5390046691720096,97.54999999999927,TP,8738.7
2020-03-11,2020,True,36,-1,64.87357142857101,67.85000000000036,1.0150512535371117,67.85000000000036,TP,8191.6
2020-03-19,2020,True,37,1,63.10321428571461,89.14999999999964,1.3810706948366778,89.14999999999964,TP,7269.6
2020-04-08,2020,True,37,1,52.68714285714267,81.55000000000018,1.5098560234267056,81.55000000000018,TP,8064.7
2020-04-17,2020,True,118,-1,36.3614285714289,64.64999999999964,-1.0550033394884684,-36.3614285714289,SL,8733.4
2020-04-24,2020,True,69,1,32.00285714285745,61.149999999999636,-1.0624944201410582,-32.00285714285745,SL,8675.1
2020-04-28,2020,True,18,-1,30.250714285714242,29.75,0.9173337111284281,29.75,TP,8868.5
2020-04-30,2020,True,16,-1,32.27392857142928,52.54999999999927,-1.0619695242732399,-32.27392857142928,SL,8988.8
2020-05-06,2020,True,41,1,31.53892857142893,34.149999999999636,1.0193751486258247,34.149999999999636,TP,8954.6
2020-05-14,2020,True,36,1,38.64214285714323,46.149999999999636,-1.0517569640843634,-38.64214285714323,SL,8905.1
2020-05-15,2020,True,16,-1,35.42214285714249,39.850000000000364,-1.0564618579984277,-35.42214285714249,SL,8988.6
2020-05-19,2020,True,23,-1,27.647142857143603,27.549999999999272,-1.0723402056528684,-27.647142857143603,SL,9361.3
2020-06-08,2020,True,20,1,32.70821428571358,41.45000000000073,1.2061190395597918,41.45000000000073,TP,9782.3
2020-06-15,2020,True,21,1,31.57892857142783,86.45000000000073,2.6742515918165095,86.45000000000073,TP,9532.3
2020-06-18,2020,True,52,1,30.300357142857113,50.25,1.592390471588031,50.25,TP,9963.5
2020-06-29,2020,True,77,1,32.44499999999924,60.95000000000073,-1.0616427800893835,-32.44499999999924,SL,9880.3
2020-07-08,2020,True,106,1,27.39357142857219,48.04999999999927,-1.0730098302521427,-27.39357142857219,SL,10590.7
2020-07-10,2020,True,38,1,34.65285714285791,45.04999999999927,1.2423218040152872,45.04999999999927,TP,10671.2
2020-07-21,2020,True,81,-1,33.59285714285676,140.85000000000036,1.3723155432702796,48.100000000000364,T,10909.6
2020-07-22,2020,True,16,1,39.596428571428554,49.75,1.2059168395418063,49.75,TP,10861.5
2020-08-11,2020,True,23,1,29.554285714284923,47.95000000000073,-1.067672080433103,-29.554285714284923,SL,11028.3
2020-08-12,2020,True,33,-1,34.33642857142851,61.75,-1.0582471760520897,-34.33642857142851,SL,11070.5
2020-08-19,2020,True,24,1,26.66428571428602,28.649999999999636,0.9994642378783569,28.649999999999636,TP,11347.6
2020-08-20,2020,True,72,1,23.977857142857797,65.54999999999927,2.650361941076486,65.54999999999927,TP,11358.2
2020-08-25,2020,True,69,-1,24.752857142856723,28.850000000000364,-1.0807987533906633,-24.752857142856723,SL,11637.6
2020-08-27,2020,True,52,-1,31.581428571429242,48.04999999999927,-1.0633283575338115,-31.581428571429242,SL,11974.3
2020-08-28,2020,True,30,-1,33.55642857142816,40.850000000000364,1.1577513357032116,40.850000000000364,TP,12004.6
2020-09-08,2020,True,36,1,45.24892857142893,219.64999999999964,-1.044199941592934,-45.24892857142893,SL,11249.1
2020-09-16,2020,True,105,1,50.63571428571434,47.75,-0.6299901255466136,-29.899999999999636,T,11428.5
2020-09-18,2020,True,85,1,47.95821428571507,68.54999999999927,-1.041702970591958,-47.95821428571507,SL,10965.2
2020-09-23,2020,True,24,-1,59.27892857142825,67.85000000000036,1.110850037052446,67.85000000000036,TP,11104.1
2020-09-24,2020,True,46,1,60.66714285714328,120.14999999999964,-1.0329667742011441,-60.66714285714328,SL,10928.6
2020-10-05,2020,True,33,-1,38.87428571428503,58.95000000000073,-1.0514478906364848,-38.87428571428503,SL,11402.7
2020-10-07,2020,True,57,1,37.62714285714363,71.04999999999927,1.8351114317171684,71.04999999999927,TP,11387.7
2020-10-19,2020,True,24,1,34.760357142857536,39.649999999999636,-1.0575368081455674,-34.760357142857536,SL,11909.1
2020-10-20,2020,True,36,1,37.54607142857182,69.64999999999964,-1.0532678899257097,-37.54607142857182,SL,11736.6
2020-10-21,2020,True,15,-1,32.39214285714361,52.04999999999927,-1.0617433681007284,-32.39214285714361,SL,11743.3
2020-10-23,2020,True,39,1,33.80714285714253,62.850000000000364,-1.0591590957109662,-33.80714285714253,SL,11603.4
2020-10-27,2020,True,57,-1,35.402142857142174,61.45000000000073,-1.0564937554223928,-35.402142857142174,SL,11525.2
2020-11-13,2020,False,18,-1,61.99250000000003,63.25,0.9880227446868568,63.25,TP,11894.5
2020-11-24,2020,False,68,-1,32.63678571428612,42.649999999999636,-1.061280544521409,-32.63678571428612,SL,11941.4
2020-12-16,2020,False,53,-1,25.216071428572096,32.54999999999927,-1.079314496140498,-25.216071428572096,SL,12581.3
2021-01-05,2021,False,52,-1,31.045714285714997,79.04999999999927,-1.0644211301306812,-31.045714285714997,SL,12732.8
2021-01-19,2021,False,51,-1,28.637857142856788,25.850000000000364,-1.0698376275160262,-28.637857142856788,SL,12879.6
2021-01-28,2021,False,25,1,38.48178571428613,78.14999999999964,1.978858272466535,78.14999999999964,TP,13223.1
2021-02-01,2021,False,42,-1,35.719999999999686,85.35000000000036,-1.055991041433371,-35.719999999999686,SL,13039.1
2021-02-04,2021,False,15,1,37.01678571428649,40.54999999999927,-1.054029542582032,-37.01678571428649,SL,13445.7
2021-02-25,2021,False,70,1,30.3253571428564,147.95000000000073,-1.065951407944791,-30.3253571428564,SL,13098.3
2021-02-26,2021,False,40,1,43.24892857142784,111.45000000000073,-1.0462439201631757,-43.24892857142784,SL,12822.3
2021-03-05,2021,False,71,1,47.45142857142858,128.25,-1.0421483622350673,-47.45142857142858,SL,12325.5
2021-03-09,2021,False,25,-1,51.35535714285716,130.75,-1.0389443304704613,-51.35535714285716,SL,12694.5
2021-03-18,2021,True,16,1,47.72035714285645,56.95000000000073,0.20745863176096213,11.900000000001455,T,12959.3
2021-03-30,2021,True,100,1,39.917857142856775,53.350000000000364,-0.4158539858638404,-14.600000000000364,T,12890.4
2021-04-15,2021,True,21,-1,26.38249999999926,73.95000000000073,-1.0758078271581561,-26.38249999999926,SL,13980.2
2021-04-16,2021,True,23,1,22.917142857143585,38.04999999999927,1.5730582221667304,38.04999999999927,TP,13975.7
2021-04-19,2021,True,30,1,28.243928571428576,21.25,-1.0708116788690363,-28.243928571428576,SL,14012.5
2021-04-20,2021,True,16,-1,25.295357142857156,34.25,1.274937523825659,34.25,TP,13923.0
2021-04-22,2021,True,54,-1,27.200357142856806,38.350000000000364,-1.07352844631767,-27.200357142856806,SL,13904.6
2021-04-27,2021,True,46,1,43.08000000000003,41.75,0.545496750232126,25.5,T,13952.0
2021-04-30,2021,True,47,1,27.09357142857146,61.25,-1.0738182489256807,-27.09357142857146,SL,13907.5
2021-05-03,2021,True,16,1,25.749285714285012,32.95000000000073,1.2019750894616272,32.95000000000073,TP,13868.3
2021-05-17,2021,True,23,1,41.82107142857219,63.54999999999927,-1.0478227824319584,-41.82107142857219,SL,13300.2
2021-06-09,2021,True,47,-1,22.679285714286074,31.149999999999636,0.5511637428742314,14.5,T,13844.9
2021-06-18,2021,True,31,-1,27.37535714285713,29.25,-1.0730584075876375,-27.37535714285713,SL,14093.0
2021-06-21,2021,True,29,1,23.25535714285676,23.850000000000364,-1.0860016893188988,-23.25535714285676,SL,14067.4
2021-06-25,2021,True,24,1,22.743928571429283,34.54999999999927,-1.0879355557998183,-22.743928571429283,SL,14369.2
2021-06-29,2021,True,44,-1,21.18535714285677,25.350000000000364,-1.0944048281326404,-21.18535714285677,SL,14501.6
2021-07-07,2021,True,69,-1,31.162499999999273,23.950000000000728,0.7043722422784192,23.950000000000728,TP,14777.7
2021-07-09,2021,True,82,-1,19.5771428571425,45.350000000000364,-1.1021599532983088,-19.5771428571425,SL,14761.6
2021-07-12,2021,True,22,-1,21.863571428572158,26.049999999999272,1.1000032670129,26.049999999999272,TP,14842.3
2021-07-14,2021,True,16,-1,18.67642857142929,83.04999999999927,-1.1070868550885338,-18.67642857142929,SL,14966.8
2021-07-16,2021,True,22,-1,20.89428571428496,47.45000000000073,2.1752358813073744,47.45000000000073,TP,14816.2
2021-07-21,2021,True,105,-1,23.061071428572145,56.04999999999927,-0.05203574360009808,0.7999999999992724,T,14792.3
2021-08-11,2021,True,23,-1,22.48535714285746,24.649999999999636,1.007322225575344,24.649999999999636,TP,15083.4
2021-08-17,2021,True,24,1,21.829999999999973,41.75,-1.0916170407695833,-21.829999999999973,SL,14989.5
2021-09-02,2021,True,24,1,23.320714285714633,21.649999999999636,-1.0857606664828925,-23.320714285714633,SL,15657.1
2021-09-03,2021,True,29,-1,18.914285714286077,56.649999999999636,-1.10574018126888,-18.914285714286077,SL,15642.9
2021-09-07,2021,True,21,1,22.48821428571357,21.950000000000728,0.8871313545190943,21.950000000000728,TP,15626.8
2021-09-10,2021,True,88,1,19.097142857142508,70.35000000000036,-1.1047277079593076,-19.097142857142508,SL,15588.4
2021-09-14,2021,True,31,-1,32.70750000000001,32.75,-1.061148054727509,-32.70750000000001,SL,15411.5
2021-09-17,2021,True,84,1,28.12214285714289,55.75,-1.0711183358309415,-28.12214285714289,SL,15373.0
2021-09-21,2021,True,31,-1,35.080357142857544,123.64999999999964,-1.0570119623313814,-35.080357142857544,SL,15064.9
2021-09-29,2021,True,65,-1,35.21392857142857,35.75,-1.0567957078672197,-35.21392857142857,SL,14857.0
2021-10-06,2021,True,80,1,33.69428571428641,47.54999999999927,-1.0593572458237925,-33.69428571428641,SL,14683.7
2021-10-21,2021,True,50,-1,33.435357142857825,38.54999999999927,-1.0598169175060606,-33.435357142857825,SL,15417.3
2021-10-25,2021,True,26,-1,34.86571428571354,43.95000000000073,-1.0573629435384755,-34.86571428571354,SL,15397.7
2021-10-27,2021,True,16,-1,28.056785714285706,66.25,2.289998599778511,66.25,TP,15647.5
2021-10-28,2021,True,53,-1,27.95500000000072,42.54999999999927,-1.0715435521373617,-27.95500000000072,SL,15706.3
2021-11-08,2021,False,53,1,29.039285714285732,72.25,-1.0688722174394294,-29.039285714285732,SL,16366.5
2021-12-06,2021,False,22,-1,42.30678571428536,96.85000000000036,-1.047273740281448,-42.30678571428536,SL,15688.1
2021-12-10,2021,False,23,1,48.38571428571431,54.25,1.079864186595807,54.25,TP,16237.0
2021-12-15,2021,False,16,-1,57.57392857142931,106.54999999999927,1.8159261074270607,106.54999999999927,TP,15885.3
2021-12-17,2021,False,23,1,55.45285714285749,150.14999999999964,-1.036066671819048,-55.45285714285749,SL,15806.1
2021-12-30,2021,False,24,-1,43.06214285714277,51.25,-1.0464445071076685,-43.06214285714277,SL,16490.0
2022-01-04,2022,False,22,-1,46.37928571428711,44.849999999998545,0.9239038363800983,44.849999999998545,TP,16461.1
2022-01-05,2022,False,63,1,52.864285714286005,42.649999999999636,-0.48425888393460764,-23.600000000000364,T,16163.6
2022-01-14,2022,False,76,1,47.68499999999952,184.85000000000036,1.6378316032295512,80.10000000000036,T,15473.9
2022-01-20,2022,False,28,-1,56.6192857142849,106.45000000000073,-1.0353236529703413,-56.6192857142849,SL,15287.7
2022-01-27,2022,False,52,1,67.42428571428641,133.54999999999927,-1.029662902303112,-67.42428571428641,SL,14365.2
2022-02-07,2022,False,44,-1,72.70071428571502,128.04999999999927,1.7338206541495682,128.04999999999927,TP,14724.3
2022-02-10,2022,False,30,1,69.37714285714284,75.25,1.0558232435548969,75.25,TP,14913.5
2022-02-14,2022,False,114,1,69.88392857142782,229.45000000000073,-0.07011626421361507,-2.899999999999636,T,14354.3
2022-02-28,2022,False,16,1,59.32250000000073,67.04999999999927,1.0965485271186897,67.04999999999927,TP,14069.2
2022-03-01,2022,False,41,-1,69.34285714285787,69.54999999999927,-1.0288421920065922,-69.34285714285787,SL,14165.8
2022-03-02,2022,False,97,-1,64.14571428571355,147.95000000000073,-1.0311790120707323,-64.14571428571355,SL,14159.2
2022-03-11,2022,False,71,-1,66.73357142857105,119.35000000000036,1.7584852344611455,119.35000000000036,TP,13568.1
2022-03-24,2022,True,114,-1,56.90571428571431,89.75,-1.035145855299493,-56.90571428571431,SL,14593.5
2022-04-07,2022,True,46,-1,46.651428571428184,66.35000000000036,1.379378980891739,66.35000000000036,TP,14530.1
2022-04-12,2022,True,84,-1,44.615000000000705,47.54999999999927,-1.0448279726549359,-44.615000000000705,SL,14101.3
2022-04-13,2022,True,15,1,62.48214285714248,76.35000000000036,1.1899399828522566,76.35000000000036,TP,14027.4
2022-04-14,2022,True,18,1,49.28500000000035,59.649999999999636,-1.040580298265192,-49.28500000000035,SL,14124.1
2022-04-19,2022,True,22,-1,43.041071428570696,101.45000000000073,-1.0464672447413192,-43.041071428570696,SL,13960.2
2022-04-21,2022,True,29,-1,47.4646428571425,51.350000000000364,1.0397212963032787,51.350000000000364,TP,14202.6
2022-04-22,2022,True,21,1,72.63607142857143,187.75,-1.0275345287907918,-72.63607142857143,SL,13706.0
2022-04-27,2022,True,16,-1,51.23892857142929,79.04999999999927,-1.039032822421568,-51.23892857142929,SL,13200.3
2022-05-02,2022,True,17,1,57.94499999999962,225.35000000000036,-1.0345154888256107,-57.94499999999962,SL,12890.9
2022-05-04,2022,True,27,1,60.94321428571391,61.850000000000364,-1.032817435434626,-60.94321428571391,SL,13029.4
2022-05-05,2022,True,40,-1,74.79928571428496,133.45000000000073,1.7573697227819485,133.45000000000073,TP,13094.7
2022-05-06,2022,True,49,1,67.04178571428533,109.35000000000036,-1.0298321409355575,-67.04178571428533,SL,12786.9
2022-05-10,2022,True,113,1,77.81999999999962,71.35000000000036,0.8911590850681149,71.35000000000036,TP,12217.4
2022-05-11,2022,True,40,1,89.41678571428497,169.45000000000073,-0.0961788095076273,-6.599999999998545,T,12291.8
2022-05-12,2022,True,50,1,72.65035714285786,95.54999999999927,1.2876743305754832,95.54999999999927,TP,11948.2
2022-06-01,2022,True,73,1,73.12642857142785,99.45000000000073,-1.0273498930423828,-73.12642857142785,SL,12631.8
2022-06-02,2022,True,56,1,65.28142857142785,110.45000000000073,1.6612687922621034,110.45000000000073,TP,12523.3
2022-06-03,2022,True,19,1,62.638928571428565,190.75,-1.031929026335745,-62.638928571428565,SL,12653.0
2022-06-09,2022,True,90,1,53.42035714285712,49.25,-0.2938954518408716,-13.700000000000728,T,12582.0
2022-06-14,2022,True,26,1,48.32071428571501,68.04999999999927,1.3669086017531316,68.04999999999927,TP,11333.2
2022-06-23,2022,True,17,1,52.57607142857177,63.149999999999636,-1.0380401187395132,-52.57607142857177,SL,11570.6
2022-06-29,2022,True,118,1,52.53642857142824,87.85000000000036,0.28741961360145535,17.100000000000364,T,11640.9
2022-07-01,2022,True,46,1,44.96750000000074,142.04999999999927,-1.0444765664090725,-44.96750000000074,SL,11464.2
2022-07-05,2022,True,34,1,41.13035714285643,45.45000000000073,1.0563973429427702,45.45000000000073,TP,11380.8
2022-07-08,2022,True,17,1,43.850714285714666,89.64999999999964,-1.0456092912641914,-43.850714285714666,SL,12014.1
2022-07-19,2022,True,17,1,54.432500000000736,124.04999999999927,2.2422266109401114,124.04999999999927,TP,11979.7
2022-07-21,2022,True,26,-1,52.69392857142784,46.45000000000073,0.8435506936961006,46.45000000000073,TP,12470.2
2022-07-22,2022,True,115,1,42.2421428571425,112.85000000000036,-1.0473460829571015,-42.2421428571425,SL,12463.4
2022-07-25,2022,True,90,1,43.77285714285643,61.45000000000073,0.5345778532032663,25.400000000001455,T,12319.8
2022-08-16,2022,True,21,1,40.29714285714326,63.649999999999636,-1.0496313102665906,-40.29714285714326,SL,13570.1
2022-08-18,2022,True,30,1,35.35285714285682,62.850000000000364,1.7212187335838947,62.850000000000364,TP,13405.9
2022-08-23,2022,True,32,1,36.57035714285752,39.149999999999636,1.0158500737326086,39.149999999999636,TP,12917.1
2022-08-31,2022,True,86,-1,35.25464285714248,45.850000000000364,1.243807806469283,45.850000000000364,TP,12357.1
2022-09-06,2022,True,72,1,38.40607142857072,95.45000000000073,2.4332090350298676,95.45000000000073,TP,12035.8
2022-09-07,2022,True,32,-1,38.73107142857108,40.350000000000364,0.9901610925152562,40.350000000000364,TP,12081.6
2022-09-08,2022,True,36,-1,39.90499999999965,72.35000000000036,-1.0501190327026693,-39.90499999999965,SL,12198.6
2022-09-14,2022,True,90,1,42.82535714285644,97.45000000000073,0.06538182485345952,4.800000000001091,T,12123.8
2022-09-27,2022,True,114,-1,37.169999999999625,90.35000000000036,1.8428840462738953,70.5,T,11351.6
2022-09-28,2022,True,76,-1,39.62357142857214,153.54999999999927,-1.0504750058587051,-39.62357142857214,SL,11367.3
2022-09-30,2022,True,53,-1,49.982142857143224,40.149999999999636,-1.0400142908181491,-49.982142857143224,SL,11183.9
2022-10-03,2022,True,42,1,45.266428571428925,69.64999999999964,1.4944850330582227,69.64999999999964,TP,11101.6
2022-10-06,2022,True,15,-1,44.53071428571387,104.85000000000036,2.3096418202525038,104.85000000000036,TP,11641.1
2022-10-10,2022,True,16,1,54.52321428571498,73.54999999999927,-1.0366816231618246,-54.52321428571498,SL,11002.7
2022-10-12,2022,True,85,1,42.448928571427814,119.45000000000073,1.5100498918869247,66.10000000000036,T,10791.8
2022-10-20,2022,True,25,-1,44.14285714285785,94.04999999999927,-1.045307443365695,-44.14285714285785,SL,11165.3
2022-10-26,2022,True,75,1,52.32214285714285,51.25,0.9412840780330645,51.25,TP,11595.0
2022-10-28,2022,True,25,-1,47.81214285714248,58.350000000000364,1.1785708950207079,58.350000000000364,TP,11294.6
2022-11-18,2022,False,34,-1,46.613214285713546,49.45000000000073,1.0179516844549303,49.45000000000073,TP,11665.7
2022-12-07,2022,False,100,1,36.07678571428491,87.95000000000073,-1.0554373112904036,-36.07678571428491,SL,11528.3
2022-12-20,2022,False,29,1,45.754999999999605,47.850000000000364,1.0020762758168673,47.850000000000364,TP,11065.9
2022-12-23,2022,False,36,1,45.215714285713894,78.35000000000036,1.6885722410034665,78.35000000000036,TP,10832.9
2023-01-10,2023,False,47,1,37.76821428571496,85.04999999999927,-1.0529545819897674,-37.76821428571496,SL,11198.7
2023-01-13,2023,False,25,1,49.086428571428506,81.25,0.4563379461882035,24.399999999999636,T,11392.5
2023-01-24,2023,False,15,1,47.39035714285636,36.45000000000073,0.7269411347999037,36.45000000000073,TP,11827.3
2023-02-03,2023,False,24,1,48.61107142857105,53.850000000000364,-1.0411428907288907,-48.61107142857105,SL,12689.9
2023-02-07,2023,False,57,1,39.285714285714995,39.54999999999927,0.955818181818146,39.54999999999927,TP,12459.2
2023-02-08,2023,False,59,-1,45.34964285714285,144.25,3.136739145843014,144.25,TP,12620.5
2023-02-09,2023,False,108,-1,41.76964285714249,56.350000000000364,0.5458509683211801,24.80000000000109,T,12562.6
2023-02-14,2023,False,89,1,41.68714285714323,44.149999999999636,1.011103115040591,44.149999999999636,TP,12452.1
2023-02-16,2023,False,19,1,41.321071428571074,41.850000000000364,0.9643990008556856,41.850000000000364,TP,12514.4
2023-02-22,2023,False,32,1,41.23107142857145,53.75,-1.0485071071573968,-41.23107142857145,SL,12070.0
2023-03-01,2023,False,22,1,32.23750000000075,31.549999999999272,-1.0620395502132596,-32.23750000000075,SL,12029.7
2023-03-08,2023,False,42,1,38.171428571428635,47.75,-1.0523952095808382,-38.171428571428635,SL,12168.5
2023-03-13,2023,True,82,1,40.62964285714328,77.64999999999964,1.8619410528906302,77.64999999999964,TP,11848.6
2023-03-15,2023,True,30,1,45.69357142857112,47.350000000000364,0.9924809679386118,47.350000000000364,TP,12073.9
2023-03-17,2023,True,26,-1,34.82178571428576,69.25,-1.0574353083558117,-34.82178571428576,SL,12598.0
2023-03-23,2023,True,47,-1,48.6882142857143,48.75,-1.0410777028761726,-48.6882142857143,SL,12800.0
2023-03-27,2023,True,96,-1,46.82571428571503,41.54999999999927,0.8446213923973107,41.54999999999927,TP,12720.3
2023-04-04,2023,True,117,-1,36.56392857142858,52.25,-0.09025288389218453,-1.2999999999992724,T,13108.5
2023-04-13,2023,True,74,-1,27.85071428571501,42.54999999999927,-1.0718114436664852,-27.85071428571501,SL,13011.3
2023-04-20,2023,True,50,1,26.00071428571388,63.350000000000364,-1.0769209637097894,-26.00071428571388,SL,13042.9
2023-05-09,2023,True,16,1,27.336071428571433,54.25,-1.0731634026208177,-27.336071428571433,SL,13229.5
2023-05-11,2023,True,15,-1,29.821785714284996,50.95000000000073,-1.0670650650890425,-29.821785714284996,SL,13342.2
2023-05-12,2023,True,16,-1,24.859285714286084,30.649999999999636,1.1524868545814697,30.649999999999636,TP,13409.4
2023-05-15,2023,True,68,-1,28.132142857142146,69.95000000000073,-1.0710930557318794,-28.132142857142146,SL,13336.2
2023-05-17,2023,True,45,1,25.493214285713588,31.450000000000728,1.1552093694401073,31.450000000000728,TP,13452.3
2023-06-02,2023,True,26,-1,28.0396428571425,70.85000000000036,-1.071327584669665,-28.0396428571425,SL,14497.1
2023-06-08,2023,True,94,-1,33.15428571428609,120.14999999999964,-1.0603240261978621,-33.15428571428609,SL,14453.9
2023-06-12,2023,True,23,-1,35.59535714285645,42.95000000000073,-1.0561871030531682,-35.59535714285645,SL,14594.2
2023-06-16,2023,True,21,-1,35.89857142857218,76.54999999999927,-1.0557125233793614,-35.89857142857218,SL,15177.8
2023-06-22,2023,True,70,-1,36.458214285714675,49.649999999999636,-1.0548573219830917,-36.458214285714675,SL,14933.4
2023-06-26,2023,True,17,-1,31.585714285713962,44.350000000000364,-1.0633197648123027,-31.585714285713962,SL,14933.1
2023-06-29,2023,True,62,1,36.8592857142861,62.649999999999636,1.645446970137368,62.649999999999636,TP,14893.6
2023-07-10,2023,True,52,1,34.33749999999927,56.95000000000073,-1.05824535857299,-34.33749999999927,SL,15049.3
2023-07-11,2023,True,15,-1,29.766785714286076,29.649999999999636,0.9288876624233391,29.649999999999636,TP,15035.9
2023-07-17,2023,True,17,1,27.84892857142782,62.45000000000073,2.170640060530754,62.45000000000073,TP,15593.8
2023-07-18,2023,True,21,1,32.789642857143534,50.04999999999927,1.4654017492456806,50.04999999999927,TP,15611.2
2023-08-03,2023,True,21,1,37.48500000000065,51.54999999999927,-1.0533546752034137,-37.48500000000065,SL,15349.7
2023-08-07,2023,True,67,1,31.49571428571352,130.95000000000073,-1.0635007030434993,-31.49571428571352,SL,15355.3
2023-09-11,2023,True,15,-1,36.12500000000033,46.649999999999636,0.08304498269896118,5.0,T,15360.4
2023-09-12,2023,True,44,-1,30.14142857142852,74.75,2.413621498649229,74.75,TP,15436.0
2023-09-13,2023,True,23,1,33.545714285714254,30.75,-1.0596201345711609,-33.545714285714254,SL,15320.5
2023-09-22,2023,True,20,1,27.23178571428607,29.649999999999636,1.0153575784600188,29.649999999999636,TP,14761.6
2023-09-27,2023,True,92,1,29.02785714285682,55.850000000000364,-1.0688993331528835,-29.02785714285682,SL,14547.9
2023-09-28,2023,True,15,1,51.81035714285647,48.45000000000073,0.8965388883910672,48.45000000000073,TP,14527.8
2023-10-05,2023,True,51,1,33.22178571428576,82.25,-1.0602014598854022,-33.22178571428576,SL,14641.5
2023-10-06,2023,True,53,1,55.19071428571468,67.14999999999964,1.1804521982217355,67.14999999999964,TP,14669.1
2023-10-11,2023,True,19,-1,47.55714285714289,53.75,0.580354460799046,29.600000000000364,T,15205.0
2023-10-13,2023,True,33,1,38.31857142857217,108.54999999999927,-1.0521940126011249,-38.31857142857217,SL,15185.2
2023-10-24,2023,True,30,-1,40.715357142857144,45.75,1.0745331263212372,45.75,TP,14729.5
2023-10-27,2023,True,28,-1,42.10392857142821,58.350000000000364,-1.0475015056280805,-42.10392857142821,SL,14242.1
2023-10-30,2023,True,46,-1,39.06428571428571,70.75,1.7599195465350157,70.75,TP,14317.0
2023-12-07,2023,False,36,-1,42.498928571428934,39.649999999999636,-1.047060009916216,-42.498928571428934,SL,15895.9
2023-12-08,2023,False,26,1,28.067857142857505,39.649999999999636,1.341392034609971,39.649999999999636,TP,15971.6
2023-12-15,2023,False,18,-1,43.72357142857284,72.34999999999854,-1.0457419175665286,-43.72357142857284,SL,16601.1
2023-12-18,2023,False,15,-1,35.17607142857065,38.45000000000073,-1.0568568324652525,-35.17607142857065,SL,16644.7
2024-01-05,2024,False,27,1,24.185714285713576,39.95000000000073,1.5691080921441989,39.95000000000073,TP,16313.8
2024-01-10,2024,False,60,-1,29.92285714285572,41.150000000001455,-1.0668385371908748,-29.92285714285572,SL,16709.9
2024-01-12,2024,False,118,-1,27.513571428572867,46.849999999998545,1.6301046236920658,46.849999999998545,TP,16850.6
2024-01-26,2024,False,98,1,34.276785714287115,76.84999999999854,-1.058348528262566,-34.276785714287115,SL,17499.4
2024-02-06,2024,False,29,1,30.175000000000036,40.25,-1.0662800331400166,-30.175000000000036,SL,17563.5
2024-02-12,2024,False,96,-1,28.25107142857072,32.95000000000073,-1.070793775204482,-28.25107142857072,SL,17989.2
2024-02-14,2024,False,113,-1,29.21571428571282,65.65000000000146,0.5236907730674576,17.30000000000291,T,17671.9
2024-02-21,2024,False,36,1,31.148214285713557,57.95000000000073,-1.0642091383362968,-31.148214285713557,SL,17450.8
2024-03-08,2024,False,18,-1,30.442142857144297,52.349999999998545,-1.0656983974283738,-30.442142857144297,SL,18336.1
2024-03-12,2024,True,15,1,28.466071428569933,37.650000000001455,1.2523681073961397,37.650000000001455,TP,17928.6
2024-03-13,2024,True,100,1,31.9303571428571,40.75,-1.0626363178793135,-31.9303571428571,SL,18100.5
2024-03-20,2024,True,56,-1,33.898214285713166,35.970000000001164,1.0021176842438646,35.970000000001164,TP,18052.22
2024-04-05,2024,True,88,1,32.65417857142733,240.47000000000116,-1.0612479041732814,-32.65417857142733,SL,18113.28
2024-04-10,2024,True,70,1,35.55346428571323,43.88000000000102,-1.0562533086488475,-35.55346428571323,SL,18034.87
2024-04-15,2024,True,53,-1,33.679821428569774,84.9900000000016,0.8610496959286134,31.0,T,18076.24
2024-04-16,2024,True,15,1,36.49300000000022,43.31999999999971,1.1322719425643126,43.31999999999971,TP,17675.43
2024-04-22,2024,True,119,1,50.07235714285662,75.02000000000044,0.8661465621892777,45.36999999999898,T,17061.23
2024-04-29,2024,True,94,-1,41.7980714285716,43.31999999999971,-0.2540787083477623,-8.619999999998981,T,17754.57
2024-05-02,2024,True,19,-1,57.53914285714419,44.349999999998545,0.7360206964699383,44.349999999998545,TP,17375.6
2024-05-28,2024,True,16,1,27.111035714284117,38.9900000000016,1.3643890403092387,38.9900000000016,TP,18789.76
2024-06-04,2024,True,15,-1,30.55735714285616,66.13000000000102,-1.065450686414076,-30.55735714285616,SL,18589.88
2024-06-11,2024,True,15,1,37.08657142857264,37.529999999998836,-1.0539278753187504,-37.08657142857264,SL,19036.22
2024-06-17,2024,True,20,-1,34.72442857142684,36.580000000001746,-1.0575963401639878,-34.72442857142684,SL,19640.33
2024-06-21,2024,True,15,1,45.8252499999993,61.20000000000073,-1.0436440608616435,-45.8252499999993,SL,19702.55
2024-06-24,2024,True,46,1,40.05364285714448,32.0099999999984,-1.0499330362317658,-40.05364285714448,SL,19696.74
2024-06-25,2024,True,25,1,39.97989285714346,73.88999999999942,1.7981538934303165,73.88999999999942,TP,19569.86
2024-06-26,2024,True,95,-1,32.42342857142904,31.479999999999563,0.9092190832025958,31.479999999999563,TP,19710.23
2024-07-02,2024,True,44,-1,32.400607142857474,41.31999999999971,-1.0617272383564236,-32.400607142857474,SL,19812.57
2024-07-10,2024,True,92,-1,37.58532142856989,50.9900000000016,-1.0532122627659566,-37.58532142856989,SL,20494.74
2024-07-15,2024,True,67,-1,39.10192857142942,77.54999999999927,-1.051148372294387,-39.10192857142942,SL,20513.8
2024-07-16,2024,True,76,1,37.72678571428408,60.330000000001746,-1.053012732522367,-37.72678571428408,SL,20368.42
2024-07-19,2024,True,20,-1,41.72207142857109,95.02000000000044,2.2295153815469657,95.02000000000044,TP,19738.77
2024-07-25,2024,True,104,1,55.38775000000182,80.41999999999825,-1.0361090674381959,-55.38775000000182,SL,19083.33
2024-07-26,2024,True,28,1,57.459178571428204,81.52000000000044,-1.034807319730716,-57.459178571428204,SL,18957.23
2024-07-29,2024,True,118,-1,61.95060714285649,48.70000000000073,0.7538263489865683,48.70000000000073,TP,19024.95
2024-08-09,2024,True,56,-1,71.00599999999928,107.45000000000073,-1.0281666338055941,-71.00599999999928,SL,18406.2
2024-08-14,2024,True,64,1,71.13028571428572,128.75,1.7819413872330852,128.75,TP,18840.0
2024-08-16,2024,True,18,1,71.5645714285707,83.45000000000073,1.1381329947779646,83.45000000000073,TP,19397.8
2024-08-23,2024,True,48,-1,57.44821428571428,186.25,-1.0348139628858288,-57.44821428571428,SL,19742.5
2024-08-27,2024,True,31,1,52.32749999999928,48.95000000000073,0.8972337680951961,48.95000000000073,TP,19479.8
2024-08-30,2024,True,17,1,46.18089285714276,71.09000000000015,1.4960732832456283,71.09000000000015,TP,19495.16
2024-09-04,2024,True,33,1,68.27142857142954,99.70999999999913,1.4311989956057423,99.70999999999913,TP,18901.54
2024-09-09,2024,True,91,-1,58.75585714285689,75.68000000000029,-1.0340391596217764,-58.75585714285689,SL,18491.93
2024-09-12,2024,True,66,-1,66.29267857142906,86.47999999999956,-1.030169244071878,-66.29267857142906,SL,19260.23
2024-09-25,2024,True,119,-1,48.51807142856973,54.9900000000016,-0.1288179809290545,-4.25,T,19981.24
2024-09-27,2024,True,15,-1,43.76667857142981,85.68999999999869,1.9121853138435365,85.68999999999869,TP,20121.94
2024-10-02,2024,True,94,-1,40.43328571428648,104.95999999999913,-1.0494641967544411,-40.43328571428648,SL,19831.21
2024-10-03,2024,True,15,1,42.24796428571504,55.20999999999913,1.2594689684963256,55.20999999999913,TP,19788.54
2024-10-16,2024,True,107,1,40.127857142857344,69.81999999999971,-0.8659819505509132,-32.75,T,20143.93
2024-10-23,2024,True,31,1,35.17800000000118,76.52999999999884,-1.0568537153902988,-35.17800000000118,SL,20269.72
2024-10-24,2024,True,15,-1,57.44800000000145,158.34999999999854,-0.006440607157822901,1.6299999999973807,T,20189.6
2024-11-12,2024,False,15,-1,37.69842857142926,46.04999999999927,-1.0530526092410057,-37.69842857142926,SL,21122.3
2024-11-14,2024,False,80,1,35.676892857144466,99.2599999999984,-1.0560586934520417,-35.676892857144466,SL,21044.49
2024-12-12,2024,False,91,1,37.27578571428526,79.27000000000044,-1.053654133955211,-37.27578571428526,SL,21704.48
2024-12-18,2024,False,32,1,32.98789285714122,49.4900000000016,1.4396190810266005,49.4900000000016,TP,21976.76
2024-12-20,2024,False,59,1,51.322000000000365,55.47999999999956,1.0420482444175827,55.47999999999956,TP,21160.77
2024-12-23,2024,False,20,1,49.483464285714945,99.29999999999927,-1.040417542079352,-49.483464285714945,SL,21284.45
2024-12-31,2024,False,46,1,62.36910714285539,130.08000000000175,-1.0320671577904592,-62.36910714285539,SL,21123.67
2025-01-02,2025,False,22,-1,50.070214285714854,108.38999999999942,-1.039943907341547,-50.070214285714854,SL,21079.64
2025-01-28,2025,False,22,-1,50.665964285713365,51.79000000000087,-1.0394742314331902,-50.665964285713365,SL,21090.54
2025-02-21,2025,False,30,-1,46.893928571428596,45.75,0.9329565965743352,45.75,TP,22019.5
2025-02-27,2025,False,49,1,53.728035714287216,56.849999999998545,1.0208822874463095,56.849999999998545,TP,21029.4
2025-03-06,2025,False,37,1,91.96142857143012,252.84999999999854,-1.021748248489273,-91.96142857143012,SL,20370.9
2025-03-07,2025,False,80,1,73.0357142857129,91.65000000000146,-1.027383863080685,-73.0357142857129,SL,19974.6
2025-03-27,2025,True,39,1,73.64339285714291,58.75,0.7706054514637376,58.75,TP,19857.5
2025-04-01,2025,True,44,-1,54.024642857142965,74.75,-1.0370201429241945,-54.024642857142965,SL,19121.0
2025-04-02,2025,True,32,-1,54.45035714285873,66.84999999999854,1.1909931064337151,66.84999999999854,TP,19435.6
2025-04-07,2025,True,63,1,74.23767857142948,201.54999999999927,-1.0269404975813683,-74.23767857142948,SL,17437.2
2025-04-10,2025,True,20,-1,106.72357142857017,1363.6500000000015,5.281869716825245,565.7000000000007,T,18699.9
2025-04-17,2025,True,55,1,135.493928571428,189.20000000000073,-0.208127406868527,-26.200000000000728,T,18237.05
2025-04-28,2025,True,114,1,115.48857142857011,136.40000000000146,-0.037666064669342865,-2.349999999998545,T,19244.85
2025-04-30,2025,True,111,1,106.34196428571367,137.20000000000073,0.13729293132836737,16.600000000002183,T,19319.05
2025-05-09,2025,True,57,1,61.369642857142246,137.20000000000073,-1.0325894026246112,-61.369642857142246,SL,20054.05
2025-05-16,2025,True,76,1,49.40767857142796,82.70000000000073,1.6333493564838089,82.70000000000073,TP,21268.55
2025-05-20,2025,True,30,1,46.21267857142722,72.15000000000146,0.9813324265527767,47.35000000000218,T,21314.1
2025-05-21,2025,True,29,1,43.41696428571509,42.79999999999927,0.9397248442223115,42.79999999999927,TP,21303.45
2025-05-22,2025,True,99,1,43.63714285714151,262.40000000000146,-1.0458325148955687,-43.63714285714151,SL,21183.85
2025-05-30,2025,True,52,1,41.29517857142937,73.54999999999927,-1.0484318041279455,-41.29517857142937,SL,21317.7
2025-06-04,2025,True,24,-1,43.33053571428436,42.150000000001455,0.926598283130979,42.150000000001455,TP,21703.4
2025-06-12,2025,True,113,1,60.32714285714359,82.79999999999927,0.014918657794370323,2.899999999997817,T,21895.95
2025-06-23,2025,True,18,-1,38.3810714285714,53.75,-1.0521090195129668,-38.3810714285714,SL,21692.5
2025-07-08,2025,True,65,-1,39.22089285714213,50.95000000000073,1.24805929784148,50.95000000000073,TP,22724.7
2025-07-10,2025,True,15,-1,42.204285714284964,43.95000000000073,0.9939748840673267,43.95000000000073,TP,22830.2
2025-07-11,2025,True,86,1,32.744285714286434,68.04999999999927,-1.0610793595392858,-32.744285714286434,SL,22780.7
2025-07-30,2025,True,80,-1,31.16785714285787,52.04999999999927,-0.14117107826290579,-2.400000000001455,T,23390.8
2025-08-06,2025,True,15,-1,53.27750000000078,50.04999999999927,-1.0375392989535914,-53.27750000000078,SL,23083.8
2025-08-13,2025,True,78,-1,37.34607142857219,38.04999999999927,0.9652956421118679,38.04999999999927,TP,23846.8
2025-08-22,2025,True,28,-1,55.27428571428711,45.349999999998545,-1.03618319032358,-55.27428571428711,SL,23176.6
2025-08-25,2025,True,35,1,40.83214285714278,67.25,1.5980057727630574,67.25,TP,23471.5
2025-08-26,2025,True,54,1,39.14499999999997,57.75,-1.051092093498531,-39.14499999999997,SL,23473.5
2025-09-04,2025,True,23,-1,40.98107142857294,50.849999999998545,1.1920137345637871,50.849999999998545,TP,23437.1
2025-09-05,2025,True,108,-1,59.10285714285866,38.849999999998545,-1.0338393116117173,-59.10285714285866,SL,23527.6
2025-09-19,2025,True,40,-1,35.516785714287266,39.849999999998545,1.065693283859657,39.849999999998545,TP,24538.6
2025-09-24,2025,True,17,1,35.113571428572214,116.54999999999927,-1.056958034134135,-35.113571428572214,SL,24589.7
2025-09-25,2025,True,69,1,36.054285714284354,88.15000000000146,-1.0554719074411623,-36.054285714284354,SL,24393.1
2025-10-07,2025,True,16,-1,34.741071428572845,42.849999999998545,1.1758416859418275,42.849999999998545,TP,25034.1
2025-10-09,2025,True,21,-1,67.47678571428709,35.349999999998545,0.49424405218722856,35.349999999998545,TP,25081.6
2025-10-16,2025,True,42,-1,60.24750000000063,88.04999999999927,-1.033196398190796,-60.24750000000063,SL,24854.3
2025-10-17,2025,True,71,1,73.3075000000014,253.34999999999854,-1.0272823380963743,-73.3075000000014,SL,24642.9
2025-11-11,2025,False,47,1,54.399285714284936,89.45000000000073,-1.0367651886185485,-54.399285714284936,SL,25456.8
2025-11-12,2025,False,68,1,45.296785714284226,108.15000000000146,-1.0441532432922564,-45.296785714284226,SL,25455.6
2025-11-19,2025,False,86,-1,70.80714285714431,61.849999999998545,0.845253707253064,61.849999999998545,TP,24695.6
2025-11-21,2025,False,33,1,107.54785714285785,149.04999999999927,-1.0185963723790736,-107.54785714285785,SL,24052.2
2025-11-25,2025,False,116,1,86.2496428571414,86.15000000000146,0.6029010472093155,54.0,T,24775.1
2025-12-04,2025,False,94,1,74.41642857142784,112.45000000000073,1.4842152750448974,112.45000000000073,TP,25486.3
2025-12-11,2025,False,42,1,81.3942857142857,67.75,-1.024571749508565,-81.3942857142857,SL,25533.5
2025-12-15,2025,False,47,1,53.261428571428546,81.75,-1.0375506262908027,-53.261428571428546,SL,25139.5
2026-01-12,2026,False,15,1,42.71607142857219,108.04999999999927,2.4826721290915317,108.04999999999927,TP,25678.2
2026-01-13,2026,False,34,1,57.618214285713606,50.95000000000073,-1.0347112458238037,-57.618214285713606,SL,25765.3
2026-01-21,2026,False,28,-1,47.6014285714286,205.25,-1.0420155457519282,-47.6014285714286,SL,25186.5
2026-01-23,2026,False,27,1,66.38714285714144,50.150000000001455,0.7252910417249842,50.150000000001455,TP,25511.1
2026-02-02,2026,False,35,-1,50.27214285714364,110.54999999999927,-1.039783464287236,-50.27214285714364,SL,25701.8
2026-02-04,2026,False,44,1,53.26999999999859,69.15000000000146,1.2605594143045473,69.15000000000146,TP,25112.1
2026-02-06,2026,False,31,-1,84.21035714285713,129.75,-1.0237500477121495,-84.21035714285713,SL,24723.5
2026-02-11,2026,False,17,-1,61.71000000000002,90.75,1.4381785772160098,90.75,TP,25299.5
2026-02-12,2026,False,29,1,75.21357142857214,97.04999999999927,-1.0265909457829607,-75.21357142857214,SL,25124.2
2026-02-13,2026,False,16,1,78.36964285714355,98.04999999999927,-1.0255200856745732,-78.36964285714355,SL,24728.2
2026-02-18,2026,False,22,-1,71.11642857142782,87.45000000000073,-1.0281228970601533,-71.11642857142782,SL,24783.7
2026-02-23,2026,False,21,1,72.23321428571282,114.65000000000146,-1.0276880936253114,-72.23321428571282,SL,24889.1
2026-02-27,2026,False,36,1,63.42857142857288,116.34999999999854,0.3610360360359934,24.899999999997817,T,24902.4
2026-03-11,2026,True,75,1,72.49535714285784,108.54999999999927,-1.0275879736140736,-72.49535714285784,SL,25017.7
2026-03-13,2026,True,41,-1,72.31749999999919,60.45000000000073,0.8082414353372473,60.45000000000073,TP,24651.7
2026-03-24,2026,True,113,1,56.48249999999851,123.15000000000146,-1.0354091975390618,-56.48249999999851,SL,24133.1
2026-03-26,2026,True,22,1,61.686785714284966,91.45000000000073,-1.0324218546458785,-61.686785714284966,SL,23987.3
2026-03-30,2026,True,18,1,70.65821428571496,93.54999999999927,-1.0283052723624284,-70.65821428571496,SL,23195.2
2026-03-31,2026,True,80,-1,68.01285714285854,136.34999999999854,-1.029406204709193,-68.01285714285854,SL,23255.1
2026-04-02,2026,True,67,1,102.69821428571493,82.04999999999927,-1.019474535306289,-102.69821428571493,SL,24049.2
2026-04-09,2026,True,26,1,66.23428571428565,68.75,1.0077862134414641,68.75,TP,24845.0
2026-04-20,2026,True,32,1,60.05214285714287,71.25,-1.033304390232298,-60.05214285714287,SL,26610.0
2026-04-27,2026,True,22,1,70.14392857142936,87.54999999999927,1.2196351379561172,87.54999999999927,TP,27186.2
2026-04-29,2026,True,25,-1,46.362500000001496,54.849999999998545,-1.0431383122135331,-46.362500000001496,SL,27096.1
2026-04-30,2026,True,22,-1,59.435000000000024,55.75,0.9043492891393956,55.75,TP,27134.5
2026-05-14,2026,True,38,-1,57.50928571428641,77.04999999999927,-1.0347769925353665,-57.50928571428641,SL,29453.3
2026-05-18,2026,True,22,1,54.29142857143,80.34999999999854,-1.0368382275549932,-54.29142857143,SL,29138.4
2026-05-19,2026,True,31,1,68.59178571428569,96.75,-1.0291580103823343,-68.59178571428569,SL,28814.5
2026-05-20,2026,True,31,-1,76.27892857142854,126.75,-1.0262195607287166,-76.27892857142854,SL,29005.5
2026-05-21,2026,True,47,1,63.488928571430016,78.84999999999854,-1.0315015553892968,-63.488928571430016,SL,29142.4
2026-05-28,2026,True,21,1,74.06250000000077,76.54999999999927,1.0065822784809924,76.54999999999927,TP,29897.2
2026-06-01,2026,True,62,-1,58.418214285712835,65.15000000000146,-1.0342358975613044,-58.418214285712835,SL,30358.9
2026-06-09,2026,True,31,-1,65.0996428571443,108.34999999999854,1.6336495153034047,108.34999999999854,TP,29657.1
2026-06-11,2026,True,45,-1,83.80142857142782,210.95000000000073,-1.0238659415966318,-83.80142857142782,SL,28819.7
2026-06-17,2026,True,32,1,98.69678571428713,125.34999999999854,1.2497874080426377,125.34999999999854,TP,30008.4
2026-07-08,2026,True,21,1,93.87392857142858,210.75,-1.0213051699277527,-93.87392857142858,SL,29100.5
2026-07-14,2026,True,50,-1,83.77571428571572,158.34999999999854,-1.0238732670565962,-83.77571428571572,SL,29447.1
2026-07-15,2026,True,20,1,89.6853571428564,83.45000000000073,0.9081750086612479,83.45000000000073,TP,29570.3
2026-07-22,2026,True,32,1,71.80642857142779,76.95000000000073,-1.027852659431607,-71.80642857142779,SL,29091.8
2026-08-05,2026,True,56,-1,84.09071428571269,93.15000000000146,1.0839484570234903,93.15000000000146,TP,29831.9
2026-09-02,2026,True,65,-1,47.81464285714351,88.04999999999927,1.7996579051545378,88.04999999999927,TP,29151.8
2026-09-04,2026,True,62,-1,43.07357142857067,54.45000000000073,1.2176840289869875,54.45000000000073,TP,29535.7
2026-09-25,2026,True,40,-1,57.016071428571465,48.25,0.811174794074352,48.25,TP,30517.0
2026-10-08,2026,True,83,1,50.502142857141486,105.65000000000146,-1.039602279959833,-50.502142857141486,SL,31025.6
