Periodo,Inicio,Fin,N,WR,PF,Neto_pts,MaxDD_pts,Nota
2015-H1,2015-01-01,2015-06-30,118,46.61016949152542,0.7279118673465326,-443.0089999999882,488.0829999999901,
2015-H2,2015-07-01,2015-12-31,123,45.52845528455284,0.7333523384945081,-554.4297499999935,814.7922499999964,
2016-H1,2016-01-01,2016-06-30,114,51.75438596491229,0.8788253333537472,-223.6239999999941,706.5937499999977,
2016-H2,2016-07-01,2016-12-31,113,52.21238938053098,1.0535386523792118,67.37300000000991,292.2574999999958,
2017-H1,2017-01-01,2017-06-30,119,52.94117647058824,1.2153710748233755,247.08775000000756,198.22124999999684,
2017-H2,2017-07-01,2017-12-31,115,53.04347826086957,1.103496050882682,136.47825000001197,184.2617499999991,
2018-H1,2018-01-01,2018-06-30,116,33.62068965517241,0.47847856420951757,-1473.6147499999965,1584.2647499999928,
2018-H2,2018-07-01,2018-12-31,111,38.73873873873874,0.5963326708073322,-1028.4227499999984,1067.5727499999996,
2019-H1,2019-01-01,2019-06-30,110,38.18181818181819,0.538683713882345,-1212.3549999999955,1364.9154999999964,
2019-H2,2019-07-01,2019-12-31,120,39.166666666666664,0.5433246146740126,-1271.720499999994,1365.7929999999956,
2020-H1,2020-01-01,2020-06-30,120,26.666666666666668,0.3480502464453802,-2247.57575,2295.302749999997,
2020-H2,2020-07-01,2020-12-31,117,25.64102564102564,0.3048124020289446,-2453.610749999997,2531.9107499999923,
2021-H1,2021-01-01,2021-06-30,117,29.059829059829063,0.3553705067444931,-2165.8482499999964,2204.99824999999,
2021-H2,2021-07-01,2021-12-31,123,31.70731707317073,0.4250402030342989,-1951.8286718749994,1990.9786718749976,
2022-H1,2022-01-01,2022-06-30,115,13.043478260869565,0.1450538758747616,-3461.2457500000005,3500.395749999993,
2022-H2,2022-07-01,2022-12-31,119,16.80672268907563,0.1947531075308265,-3237.475000000001,3237.474999999993,
2023-H1,2023-01-01,2023-06-30,114,16.666666666666664,0.19691416431234215,-3033.684249999999,3033.684249999992,
2023-H2,2023-07-01,2023-12-31,121,23.96694214876033,0.30468304573486127,-2551.282000000001,2551.2819999999956,
2024-H1,2024-01-01,2024-06-30,115,22.608695652173914,0.2681513793957069,-2660.7454374999984,2660.7454374999925,
2024-H2,2024-07-01,2024-12-31,115,13.043478260869565,0.12852949816401502,-3559.956999999999,3559.956999999991,
2025-H1,2025-01-01,2025-06-30,111,13.513513513513514,0.13759607048143532,-3382.003250000003,3382.003249999996,
2025-H2,2025-07-01,2025-12-31,120,19.166666666666668,0.20077940818639095,-3153.3966249999976,3231.696624999992,
2026-H1,2026-01-01,2026-06-30,113,6.1946902654867255,0.06358679649928056,-4035.807000000002,4035.806999999994,
2026-H2,2026-07-01,2026-12-31,65,13.846153846153847,0.15402605350585766,-1935.25,1935.249999999998,
