Inicio,Fin,N,WR,PF,Neto_pts,MaxDD_pts
2024-05-01,2024-10-31,102,43.13725490196079,0.75010748989595,-581.2,937.1500000000005
2024-06-01,2024-11-30,111,41.44144144144144,0.6992811271925623,-784.3500000000001,1093.8500000000013
2024-07-01,2024-12-31,114,35.08771929824561,0.5337551322608871,-1385.3999999999999,1425.0500000000002
2024-08-01,2025-01-31,114,37.719298245614034,0.5981546125914363,-1145.3999999999996,1264.3500000000006
2024-09-01,2025-02-28,114,41.228070175438596,0.6930400342140988,-825.3999999999999,1066.6000000000008
2024-10-01,2025-03-31,114,37.719298245614034,0.5951271445276369,-1159.8999999999996,1316.4000000000003
2024-11-01,2025-04-30,112,33.92857142857143,0.504604976723936,-1479.1999999999998,1598.149999999999
2024-12-01,2025-05-31,111,33.33333333333333,0.4913258983890955,-1518.8499999999995,1518.8499999999983
2025-01-01,2025-06-30,109,35.77981651376147,0.5474774296335637,-1278.1499999999996,1278.1499999999983
2025-02-01,2025-07-31,111,37.83783783783784,0.5981358762997685,-1118.8499999999995,1312.8999999999999
2025-03-01,2025-08-31,112,39.285714285714285,0.635833515562359,-999.2,1230.7999999999997
2025-04-01,2025-09-30,115,40.0,0.6551011978521275,-960.2499999999999,960.2500000000023
2025-05-01,2025-10-31,118,42.3728813559322,0.722538085866317,-761.3000000000002,800.9500000000019
2025-06-01,2025-11-30,117,42.73504273504273,0.7333222364016351,-720.9500000000002,757.1000000000009
2025-07-01,2025-12-31,120,41.66666666666667,0.7018941405558508,-842.0,944.8500000000012
2025-08-01,2026-01-31,117,41.88034188034188,0.7080873241489906,-800.95,1188.3500000000008
2025-09-01,2026-02-28,115,34.78260869565217,0.5193189259986903,-1468.0,1505.549999999999
2025-10-01,2026-03-31,116,37.06896551724138,0.5734201056065652,-1268.3499999999995,1304.4999999999989
2025-11-01,2026-04-30,116,31.03448275862069,0.4415435774495398,-1805.3499999999997,1844.9999999999984
2025-12-01,2026-05-31,119,28.57142857142857,0.39251710583782207,-2086.399999999999,2086.3999999999983
2026-01-01,2026-06-30,117,27.350427350427353,0.3694278643179502,-2165.6999999999994,2165.6999999999966
2026-02-01,2026-07-31,120,24.166666666666668,0.31274819126366754,-2526.7500000000005,2566.399999999995
2026-03-01,2026-08-31,123,26.82926829268293,0.3626021892753221,-2300.05,2416.1999999999944
2026-04-01,2026-09-30,120,25.0,0.3296383538866565,-2419.0000000000005,2457.949999999993
