SL,TP,MaxTrades,Modo,Trailing,HoraLimite,Total_Trades,Win_Rate,Profit_Factor,Expectancy,Neto_USD,Retorno_Pct,Max_DD_Pct,Max_DD_USD,Sharpe_Ratio,Sortino_Ratio,Calmar_Ratio,Consistencia_Pct,Racha_Max_Perdidas,Racha_Max_Ganancias,Trades_por_Dia_Promedio,Estado,Puntaje_Compuesto
50,0,1,TRAILING,15,12:00,46,54.347826086956516,1.3393756294058412,1.0256521739130435,47.18,4.718,3.3673943334881558,36.25,1.8985325590153113,3.3907072876989597,7.3556873793103446,54.347826086956516,4,5,0.9583333333333334,ok,27.666666666666668
50,0,1,TRAILING,15,14:00,46,54.347826086956516,1.3393756294058412,1.0256521739130435,47.18,4.718,3.3673943334881558,36.25,1.8985325590153113,3.3907072876989597,7.3556873793103446,54.347826086956516,4,5,0.9583333333333334,ok,27.666666666666668
50,0,1,TRAILING,15,15:00,46,54.347826086956516,1.3393756294058412,1.0256521739130435,47.18,4.718,3.3673943334881558,36.25,1.8985325590153113,3.3907072876989597,7.3556873793103446,54.347826086956516,4,5,0.9583333333333334,ok,27.666666666666668
25,40,1,TP_FIJO,0,15:00,46,47.82608695652174,1.3750352211890673,1.8807608695652167,86.51499999999997,8.651499999999997,5.017865677416409,55.11999999999989,2.4602474460398303,4.329442046954042,9.051731935436335,47.82608695652174,5,5,0.9583333333333334,ok,29.0
25,40,1,TP_FIJO,0,14:00,46,47.82608695652174,1.3750352211890673,1.8807608695652167,86.51499999999997,8.651499999999997,5.017865677416409,55.11999999999989,2.4602474460398303,4.329442046954042,9.051731935436335,47.82608695652174,5,5,0.9583333333333334,ok,29.0
25,40,1,TP_FIJO,0,12:00,46,47.82608695652174,1.3750352211890673,1.8807608695652167,86.51499999999997,8.651499999999997,5.017865677416409,55.11999999999989,2.4602474460398303,4.329442046954042,9.051731935436335,47.82608695652174,5,5,0.9583333333333334,ok,29.0
40,40,1,TP_FIJO,0,15:00,46,56.52173913043478,1.2774473358116483,0.9734782608695649,44.77999999999999,4.477999999999999,3.284000000000003,32.84000000000003,1.9315798563738356,2.919026261014143,7.15880024360535,56.52173913043478,3,7,0.9583333333333334,ok,29.333333333333332
40,40,1,TP_FIJO,0,14:00,46,56.52173913043478,1.2774473358116483,0.9734782608695649,44.77999999999999,4.477999999999999,3.284000000000003,32.84000000000003,1.9315798563738356,2.919026261014143,7.15880024360535,56.52173913043478,3,7,0.9583333333333334,ok,29.333333333333332
40,40,1,TP_FIJO,0,12:00,46,56.52173913043478,1.2774473358116483,0.9734782608695649,44.77999999999999,4.477999999999999,3.284000000000003,32.84000000000003,1.9315798563738356,2.919026261014143,7.15880024360535,56.52173913043478,3,7,0.9583333333333334,ok,29.333333333333332
50,0,1,TRAILING,25,12:00,46,50.0,1.3619356620185006,1.139782608695652,52.42999999999999,5.242999999999999,3.8699619423173957,42.200000000000045,1.7682287893701134,3.8255085220301157,7.11266684537914,50.0,4,5,0.9583333333333334,ok,33.333333333333336
50,0,1,TRAILING,25,14:00,46,50.0,1.3619356620185006,1.139782608695652,52.42999999999999,5.242999999999999,3.8699619423173957,42.200000000000045,1.7682287893701134,3.8255085220301157,7.11266684537914,50.0,4,5,0.9583333333333334,ok,33.333333333333336
50,0,1,TRAILING,25,15:00,46,50.0,1.3619356620185006,1.139782608695652,52.42999999999999,5.242999999999999,3.8699619423173957,42.200000000000045,1.7682287893701134,3.8255085220301157,7.11266684537914,50.0,4,5,0.9583333333333334,ok,33.333333333333336
30,40,1,TP_FIJO,0,15:00,46,50.0,1.306425041186162,1.394999999999999,64.16999999999994,6.4169999999999945,4.77066921887653,51.83999999999992,2.099167911550934,3.476086902266203,7.061745104166671,50.0,5,7,0.9583333333333334,ok,40.666666666666664
30,40,1,TP_FIJO,0,12:00,46,50.0,1.306425041186162,1.394999999999999,64.16999999999994,6.4169999999999945,4.77066921887653,51.83999999999992,2.099167911550934,3.476086902266203,7.061745104166671,50.0,5,7,0.9583333333333334,ok,40.666666666666664
30,40,1,TP_FIJO,0,14:00,46,50.0,1.306425041186162,1.394999999999999,64.16999999999994,6.4169999999999945,4.77066921887653,51.83999999999992,2.099167911550934,3.476086902266203,7.061745104166671,50.0,5,7,0.9583333333333334,ok,40.666666666666664
50,0,1,TRAILING,50,12:00,46,43.47826086956522,1.3443950067976762,1.2115217391304345,55.72999999999998,5.572999999999998,4.693424331058391,51.99000000000001,1.7905977649131644,3.7732404013220617,6.233881263704555,43.47826086956522,6,4,0.9583333333333334,ok,42.666666666666664
50,0,1,TRAILING,50,15:00,46,43.47826086956522,1.3443950067976762,1.2115217391304345,55.72999999999998,5.572999999999998,4.693424331058391,51.99000000000001,1.7905977649131644,3.7732404013220617,6.233881263704555,43.47826086956522,6,4,0.9583333333333334,ok,42.666666666666664
50,0,1,TRAILING,50,14:00,46,43.47826086956522,1.3443950067976762,1.2115217391304345,55.72999999999998,5.572999999999998,4.693424331058391,51.99000000000001,1.7905977649131644,3.7732404013220617,6.233881263704555,43.47826086956522,6,4,0.9583333333333334,ok,42.666666666666664
20,0,1,TRAILING,15,12:00,46,43.47826086956522,1.483862849952815,2.5079347826086957,115.36500000000001,11.5365,5.679678399705717,64.84999999999991,2.421584708760294,5.814443168542255,10.66374198284504,43.47826086956522,7,5,0.9583333333333334,ok,43.333333333333336
20,0,1,TRAILING,15,14:00,46,43.47826086956522,1.483862849952815,2.5079347826086957,115.36500000000001,11.5365,5.679678399705717,64.84999999999991,2.421584708760294,5.814443168542255,10.66374198284504,43.47826086956522,7,5,0.9583333333333334,ok,43.333333333333336
