SL,TP,MaxTrades,Modo,Trailing,HoraLimite,Total_Trades_IS,Win_Rate_IS,Profit_Factor_IS,Retorno_Pct_IS,Max_DD_Pct_IS,Sharpe_Ratio_IS,Total_Trades_OOS,Win_Rate_OOS,Profit_Factor_OOS,Retorno_Pct_OOS,Max_DD_Pct_OOS,Sharpe_Ratio_OOS,Estado,Rank_IS,Rank_OOS_Grid
25,100,2,TP_FIJO,0,15:00,56,33.92857142857143,2.0216398985629755,36.257999999999996,8.621104986467538,6.530501720399425,36,13.88888888888889,0.648406840318022,-8.645500000000004,15.022214528878894,-3.7845805229063276,ok,1,513.0
25,100,2,TP_FIJO,0,14:00,56,33.92857142857143,2.0216398985629755,36.257999999999996,8.621104986467538,6.530501720399425,36,13.88888888888889,0.648406840318022,-8.645500000000004,15.022214528878894,-3.7845805229063276,ok,2,513.0
25,100,2,TP_FIJO,0,12:00,56,33.92857142857143,2.0216398985629755,36.257999999999996,8.621104986467538,6.530501720399425,35,14.285714285714285,0.6691006756473206,-7.885000000000002,14.290866078125905,-3.470838609383789,ok,3,482.0
25,100,1,TP_FIJO,0,15:00,29,34.48275862068966,1.9924076625867986,18.365,6.654198247859034,4.43376094994581,18,5.555555555555555,0.28588847050385513,-9.956500000000002,13.408054930471405,-7.50824972845475,ok,4,625.0
25,100,1,TP_FIJO,0,14:00,29,34.48275862068966,1.9924076625867986,18.365,6.654198247859034,4.43376094994581,18,5.555555555555555,0.28588847050385513,-9.956500000000002,13.408054930471405,-7.50824972845475,ok,5,625.0
25,100,1,TP_FIJO,0,12:00,29,34.48275862068966,1.9924076625867986,18.365,6.654198247859034,4.43376094994581,18,5.555555555555555,0.28588847050385513,-9.956500000000002,13.408054930471405,-7.50824972845475,ok,6,625.0
25,80,1,TP_FIJO,0,12:00,29,37.93103448275862,1.8944483118691264,15.418499999999998,5.570390610445254,4.342328584422987,18,16.666666666666664,0.6412269049631685,-4.456500000000001,7.406528017366694,-2.6802296610117935,ok,7,520.0
25,80,1,TP_FIJO,0,15:00,29,37.93103448275862,1.8944483118691264,15.418499999999998,5.570390610445254,4.342328584422987,18,16.666666666666664,0.6412269049631685,-4.456500000000001,7.406528017366694,-2.6802296610117935,ok,8,520.0
25,80,1,TP_FIJO,0,14:00,29,37.93103448275862,1.8944483118691264,15.418499999999998,5.570390610445254,4.342328584422987,18,16.666666666666664,0.6412269049631685,-4.456500000000001,7.406528017366694,-2.6802296610117935,ok,9,520.0
20,100,1,TP_FIJO,0,14:00,29,27.586206896551722,1.848794063079777,16.9275,6.279743679995361,3.687280876947436,18,5.555555555555555,0.33539766416478745,-9.873,14.150453647036414,-6.122831159757633,ok,10,622.0
