evento,n_eventos,horizonte,baseline,unidad,n,media_evento,media_base,diferencia,t,p_t,p_bloques,ic90_lo,ic90_hi,pct_pos_evento
ORB_crudo,2161,30m,B1,pts,2160,0.15922685185183894,0.18808055555555342,-0.02885370370371468,-0.021380073523004785,0.982944444611087,0.9524,-2.8052505555555642,2.623842407407431,51.48148148148148
ORB_crudo,2161,30m,B1,ATR,1944,0.003305219837462601,0.0021428726873611746,0.0011623471501014256,0.21155706550251846,0.832474795046406,0.838,-0.009357609095995551,0.011693876652788223,51.59465020576132
ORB_crudo,2161,30m,B2,pts,2160,0.15922685185183894,2.1882583333333394,-2.0290314814815003,-1.5030982826857557,0.1329599524315701,0.1936,-4.6065608333333605,0.5599268518518232,51.48148148148148
ORB_crudo,2161,30m,B2,ATR,2160,0.004767383003443301,0.010359837721222105,-0.005592454717778807,-1.1953370519884354,0.2320866476233303,0.2672,-0.013654142510758716,0.0027089969883193838,51.48148148148148
ORB_crudo,2161,1h,B1,pts,2160,1.4967870370370289,0.2389203703703771,1.2578666666666516,0.7179390705121765,0.4728725323160332,0.5856,-2.395790185185201,4.8771818055555025,51.342592592592595
ORB_crudo,2161,1h,B1,ATR,1951,0.011079011371072568,0.0006685958749743257,0.010410415496098245,1.4084068080816503,0.15917005870001288,0.17,-0.002019197737704204,0.02292744385791421,51.56330087134803
ORB_crudo,2161,1h,B2,pts,2160,1.4967870370370289,3.3410643518518546,-1.8442773148148255,-1.0929200350039594,0.27455084253010875,0.386,-5.435669259259284,1.4800020370369968,51.342592592592595
ORB_crudo,2161,1h,B2,ATR,2160,0.011364764731951178,0.013936988170451308,-0.0025722234385001266,-0.43123125887127384,0.6663432797116973,0.7272,-0.013412653873543507,0.008765090796078718,51.342592592592595
ORB_crudo,2161,2h,B1,pts,2155,1.9035220417633416,0.028985614849190953,1.8745364269141507,0.8635816280152114,0.38791390765088474,0.4676,-2.601881484918775,6.02617132250579,52.01856148491879
ORB_crudo,2161,2h,B1,ATR,1956,0.017812773612157017,0.0017697936065748454,0.016042980005582172,1.8924591880554913,0.058577438279755985,0.0632,0.0016966209353521677,0.029290199633642093,52.19836400817995
ORB_crudo,2161,2h,B2,pts,2155,1.9035220417633416,4.520988012374318,-2.617465970610976,-1.3523266658960675,0.1764127920354558,0.26,-6.703489369682875,1.1172562374323067,52.01856148491879
ORB_crudo,2161,2h,B2,ATR,2155,0.015918271304731627,0.020904091177460133,-0.0049858198727285065,-0.7005215275959462,0.4836773240119424,0.4968,-0.0170019210289471,0.007331855173586738,52.01856148491879
ORB_crudo,2161,cierre,B1,pts,2160,2.798449074074054,0.10117407407406805,2.697274999999984,0.8296180866617623,0.406846464047236,0.432,-2.8466057870370585,7.959604305555539,52.175925925925924
ORB_crudo,2161,cierre,B1,ATR,1959,0.016662377169877698,0.002925596119634058,0.013736781050243643,1.0476391456641092,0.2949341964455102,0.23,-0.005211583766947706,0.030955645236269223,52.62889229198571
ORB_crudo,2161,cierre,B2,pts,2160,2.798449074074054,4.963640277777778,-2.1651912037037238,-1.1531050614352625,0.24899490925392292,0.2768,-5.787198055555568,1.144833564814797,52.175925925925924
ORB_crudo,2161,cierre,B2,ATR,2160,0.013599012767161035,0.014334797931377962,-0.0007357851642169307,-0.10910117920767702,0.9131323783817942,0.8756,-0.01183357707095033,0.009599891094249302,52.175925925925924
+VWAP,928,30m,B1,pts,928,0.6207327586206749,-0.22528017241378012,0.8460129310344547,0.38464956315165916,0.7005852939586805,0.7524,-3.065649999999999,5.073751185344787,51.831896551724135
+VWAP,928,30m,B1,ATR,928,0.005683325488010802,-0.001080975805048838,0.006764301293059639,0.9241338646700586,0.35565711024675883,0.318,-0.004784494289643477,0.020132118770177485,51.831896551724135
+VWAP,928,30m,B2,pts,928,0.6207327586206749,3.2472112068965675,-2.6264784482758916,-1.3134352358682286,0.1893613191394783,0.2604,-6.352103125000028,1.2578994612068326,51.831896551724135
+VWAP,928,30m,B2,ATR,928,0.005683325488010802,0.01465193144567659,-0.008968605957665791,-1.3611012243651188,0.17381247350983306,0.2672,-0.02029367498120872,0.0035819716284443168,51.831896551724135
+VWAP,928,1h,B1,pts,928,1.2482866379310362,0.8152650862069093,0.4330215517241257,0.1542195237011612,0.8774702165213056,0.9504,-4.838944396551718,5.1669274784482475,50.9698275862069
+VWAP,928,1h,B1,ATR,928,0.008858297471175934,0.0023434070820778584,0.006514890389098074,0.6674337167016795,0.5046612464317664,0.5676,-0.010893500970258587,0.023305167329549493,50.9698275862069
+VWAP,928,1h,B2,pts,928,1.2482866379310362,4.560172413793092,-3.3118857758620552,-1.4409049933278677,0.14994920302105214,0.1556,-7.1866743534482485,0.44272392241381964,50.9698275862069
+VWAP,928,1h,B2,ATR,928,0.008858297471175934,0.018281851473694793,-0.009423554002518859,-1.1108291357659654,0.2669299398105121,0.26,-0.022404434446159496,0.004508535882579144,50.9698275862069
+VWAP,928,2h,B1,pts,923,1.3196099674972768,1.582851570964216,-0.26324160346693964,-0.07843354712527682,0.9375002073985275,0.964,-6.076423293607771,5.202426327193949,51.89599133261105
+VWAP,928,2h,B1,ATR,923,0.012600472108587252,0.005260200821745978,0.007340271286841272,0.6028214236253023,0.546775734191625,0.5664,-0.014112547661203506,0.026812205720304485,51.89599133261105
+VWAP,928,2h,B2,pts,923,1.3196099674972768,5.061996027446719,-3.742386059949444,-1.3010101949861317,0.19358000223868013,0.228,-8.769709795955228,1.331064391477048,51.89599133261105
+VWAP,928,2h,B2,ATR,923,0.012600472108587252,0.0204074789200405,-0.0078070068114532475,-0.775179335156385,0.4384324601834134,0.4212,-0.024965270112721677,0.008902446906455712,51.89599133261105
+VWAP,928,cierre,B1,pts,928,1.345528017241367,1.991553879310365,-0.6460258620689985,-0.12432709111676057,0.9010832513987452,0.8988,-8.39821066810345,7.6233864224137236,51.400862068965516
+VWAP,928,cierre,B1,ATR,928,-0.0016950347841042887,0.00023285819981452562,-0.001927892983918818,-0.09897630113343468,0.9211784849396949,0.9104,-0.03321728510702126,0.028234119534552963,51.400862068965516
+VWAP,928,cierre,B2,pts,928,1.345528017241367,6.209247844827582,-4.863719827586216,-1.9929798516306214,0.046556434769758105,0.0568,-9.293653124999981,-0.5528598060344996,51.400862068965516
+VWAP,928,cierre,B2,ATR,928,-0.0016950347841042887,0.012542892453835669,-0.014237927237939964,-1.5347214589779226,0.12519347439413236,0.1316,-0.029242188446282954,0.001205245062893676,51.400862068965516
+VWAP+volumen,60,30m,B1,pts,60,-1.2925000000000788,-0.6215666666665918,-0.6709333333334869,-0.15253520319335717,0.8792852776899329,0.7016,-2.5639750000001644,2.164709999999916,48.333333333333336
+VWAP+volumen,60,30m,B1,ATR,60,0.0026344997390417304,0.006171611958352721,-0.003537112219310996,-0.14185685060747263,0.8876763681448842,0.3908,-0.04018336471432082,0.01548304608051725,48.333333333333336
+VWAP+volumen,60,30m,B2,pts,60,-1.2925000000000788,1.1570000000000136,-2.449500000000092,-0.7585805428191157,0.4511233221875446,0.0536,-7.281999999999979,-0.8292416666667723,48.333333333333336
+VWAP+volumen,60,30m,B2,ATR,60,0.0026344997390417304,0.013857977326344601,-0.011223477587302876,-0.4426079499804024,0.6596677922437402,0.0884,-0.06519893075605449,-0.0008707253097116334,48.333333333333336
+VWAP+volumen,60,1h,B1,pts,60,-1.2204999999999775,2.3069666666667095,-3.5274666666666876,-0.6261963713646462,0.5336013961825308,0.5296,-7.089616666666546,3.600499999999931,41.66666666666667
+VWAP+volumen,60,1h,B1,ATR,60,-0.009583153078347836,-0.0018351021639200734,-0.007748050914427758,-0.22983292444168082,0.819016566626536,0.5672,-0.049020967463700105,0.030920149922312144,41.66666666666667
+VWAP+volumen,60,1h,B2,pts,60,-1.2204999999999775,0.36556666666660964,-1.5860666666665872,-0.4948979562429613,0.6225101778827953,0.1648,-7.063216666666526,0.5908666666667668,41.66666666666667
+VWAP+volumen,60,1h,B2,ATR,60,-0.009583153078347836,0.004076992889805128,-0.01366014596815296,-0.5405232526274036,0.5908710121478533,0.1144,-0.06309459771552102,0.0018994744153191321,41.66666666666667
+VWAP+volumen,60,2h,B1,pts,57,-7.814912280701751,-1.494105263157968,-6.320807017543784,-0.826019543143491,0.4122984141714344,0.5536,-9.255070175438522,12.860171929824688,45.614035087719294
+VWAP+volumen,60,2h,B1,ATR,57,-0.04098417031541776,0.004229201823070722,-0.045213372138488486,-0.8661724056028388,0.39009160001692544,0.932,-0.08462560240089682,0.06675591292903334,45.614035087719294
+VWAP+volumen,60,2h,B2,pts,57,-7.814912280701751,0.9579532163742956,-8.772865497076047,-1.701176198462229,0.09445692248647931,0.7128,-11.660706140350936,2.0956973684210967,45.614035087719294
+VWAP+volumen,60,2h,B2,ATR,57,-0.04098417031541776,0.015562001971298579,-0.05654617228671633,-1.4364393774609032,0.15644070727201623,0.6344,-0.06989455720796152,0.02123448048257796,45.614035087719294
+VWAP+volumen,60,cierre,B1,pts,60,-2.008333333333318,22.900266666666734,-24.908600000000057,-2.3072580136308045,0.024567529668955645,0.0124,-33.32223500000003,-7.2139333333333235,45.0
+VWAP+volumen,60,cierre,B1,ATR,60,-0.020723501574330457,0.058571711707202816,-0.0792952132815333,-1.2203173508762568,0.22719970352867305,0.0956,-0.14108745329674494,-0.0010096067921776747,45.0
+VWAP+volumen,60,cierre,B2,pts,60,-2.008333333333318,8.526866666666695,-10.535200000000012,-2.013413976936217,0.04863994967209442,0.0136,-14.882466666666684,-1.4771333333333143,45.0
+VWAP+volumen,60,cierre,B2,ATR,60,-0.020723501574330457,0.04230393025881249,-0.06302743183314295,-1.6531939648581446,0.10360336309105912,0.1344,-0.11532773688674954,0.00479587636022143,45.0
completo(+retest),18,30m,B1,pts,18,3.266666666666677,0.8986666666666073,2.368000000000069,0.29884453658077575,0.7686809682181202,0.0002,2.368000000000069,2.368000000000069,44.44444444444444
completo(+retest),18,30m,B1,ATR,18,0.01945199133466041,0.007106604650844828,0.012345386683815579,0.29757852086078296,0.7696307034420657,0.0002,0.012345386683815579,0.012345386683815579,44.44444444444444
completo(+retest),18,30m,B2,pts,18,3.266666666666677,5.060000000000037,-1.7933333333333599,-0.27956144322469645,0.7831868562366583,0.0002,-1.7933333333333599,-1.7933333333333599,44.44444444444444
completo(+retest),18,30m,B2,ATR,18,0.01945199133466041,0.022736817787713966,-0.0032848264530535645,-0.08589815864943606,0.9325509590429353,0.0002,-0.0032848264530535645,-0.0032848264530535645,44.44444444444444
completo(+retest),18,1h,B1,pts,18,-8.696111111110945,2.6933333333332588,-11.389444444444207,-2.101123993363465,0.050849087932471844,0.0002,-11.389444444444207,-11.389444444444207,44.44444444444444
completo(+retest),18,1h,B1,ATR,18,-0.0706368232581629,0.028611062308989507,-0.0992478855671524,-2.918004178536159,0.009589394168653727,0.0002,-0.0992478855671524,-0.0992478855671524,44.44444444444444
completo(+retest),18,1h,B2,pts,18,-8.696111111110945,1.2435555555555666,-9.939666666666515,-1.937941499620718,0.06942243568205507,0.0002,-9.939666666666515,-9.939666666666515,44.44444444444444
completo(+retest),18,1h,B2,ATR,18,-0.0706368232581629,0.0031676382115261355,-0.07380446146968905,-2.0157097565693394,0.059919119846982206,0.0002,-0.07380446146968905,-0.07380446146968905,44.44444444444444
completo(+retest),18,2h,B1,pts,17,-15.348823529411515,-6.493294117647082,-8.855529411764431,-0.5771552339042706,0.5718669470065741,0.0002,-8.855529411764431,-8.855529411764431,41.17647058823529
completo(+retest),18,2h,B1,ATR,17,-0.08872409524514846,0.0052682999262381,-0.09399239517138656,-1.3511807128898772,0.1954355617388599,0.0002,-0.09399239517138656,-0.09399239517138656,41.17647058823529
completo(+retest),18,2h,B2,pts,17,-15.348823529411515,3.3269803921569467,-18.675803921568466,-2.1917633853694247,0.0435358590416101,0.0002,-18.675803921568466,-18.675803921568466,41.17647058823529
completo(+retest),18,2h,B2,ATR,17,-0.08872409524514846,0.020191915774391195,-0.10891601101953963,-1.8600768475786011,0.0813587230206809,0.0002,-0.10891601101953963,-0.10891601101953963,41.17647058823529
completo(+retest),18,cierre,B1,pts,18,-9.76555555555534,3.7866666666665054,-13.552222222221847,-0.6797361639410981,0.5058228916763902,0.0002,-13.552222222221847,-13.552222222221847,38.88888888888889
completo(+retest),18,cierre,B1,ATR,18,-0.08826331825544394,-0.015042164406548323,-0.07322115384889562,-0.644634194662791,0.5277679968464304,0.0002,-0.07322115384889562,-0.07322115384889562,38.88888888888889
completo(+retest),18,cierre,B2,pts,18,-9.76555555555534,-2.720222222222219,-7.045333333333121,-1.2610655561275816,0.22431739058283728,0.0002,-7.045333333333121,-7.045333333333121,38.88888888888889
completo(+retest),18,cierre,B2,ATR,18,-0.08826331825544394,-0.04237018299677176,-0.04589313525867218,-1.2146088537084125,0.2411177689581187,0.0002,-0.04589313525867218,-0.04589313525867218,38.88888888888889
