fecha,d,ts_entrada,precio,orh,orl,vwap,atr_d,ret_30m,ret_1h,ret_2h,ret_cierre,base_30m,base_1h,base_2h,base_cierre
2018-01-26,1,2018-01-26 10:10:00,6960.7,6956.9,6940.9,6952.868308395678,66.94285714285739,0.001163676067062273,0.001939460111770368,0.0007039521887167305,0.008260663439021938,0.001304482229123159,0.0012522513781571237,0.0010616559946631464,0.00789660913204337
2018-02-07,1,2018-02-07 10:25:00,6668.7,6666.5,6622.1,6656.503779080285,113.82142857142851,0.0029241081470151604,0.005773239162055573,0.0009447118628818483,-0.013315938638715219,0.004699797520404918,0.0032284457451019605,-0.0032198351977598544,-0.013621986275141227
2018-03-28,1,2018-03-28 10:10:00,6526.6,6522.3,6426.1,6491.369437428243,137.58571428571435,-0.009361689087733332,-0.009269757607330002,-0.00546992308399484,-0.010556798332975905,-0.002503738090322825,-0.000286531965428458,0.008049182019705517,-0.0008639321228904477
2018-04-18,-1,2018-04-18 10:10:00,6804.6,6832.1,6809.4,6813.574247787611,155.00714285714275,-0.0016900332128266173,-0.005084795579460872,-0.0057461129236104184,-0.004291214766481471,-0.0027564965138002356,-0.003177122132290925,-0.004245118052463744,-0.0029495219201530025
2018-04-19,1,2018-04-19 10:20:00,6811.8,6806.1,6783.5,6795.151242015614,149.01428571428565,-0.003317772101353587,-0.005769400158548428,-0.00745764702428142,-0.0055638744531549,-0.0026074487766212942,-0.0033212254895997224,-0.0046597568449355045,-0.0032214316563398634
2018-04-25,-1,2018-04-25 10:05:00,6440.4,6519.8,6449.4,6469.237710864327,126.85714285714279,-0.006521334078628657,-0.013617166635612809,-0.007266629401900532,-0.011924725172349573,-0.005733329007630564,-0.005755787011242228,-0.004319573039042373,-0.006074551160268209
2018-05-10,1,2018-05-10 10:35:00,6931.9,6928.0,6908.6,6921.277301480484,123.90714285714297,0.0011973629163721609,0.0013560495679396046,0.0032602893867482744,0.004587486836220976,0.001126784733242277,0.0012003484053602356,0.0027734285666442845,0.004133870911783908
2018-05-31,-1,2018-05-31 11:00:00,6964.8,6994.7,6968.0,6981.309213131361,72.42857142857143,-0.003287962324833396,-0.005915460601883732,-0.00486733287388003,-0.0009045485871812804,,,,
2018-06-22,-1,2018-06-22 10:05:00,7199.0,7245.7,7203.4,7210.233441868114,73.15714285714284,0.0018474788165023172,8.334490901519152e-05,-0.0010695929990276174,0.0010140297263509074,5.936681161743197e-05,-0.0014627796021177515,-0.002450022770688836,0.0001342694085538796
2018-07-18,-1,2018-07-18 10:30:00,7379.9,7411.4,7383.3,7388.467449950469,90.25714285714295,-0.00020325478665022563,-0.0015989376549817996,-0.0014092331874416384,-0.0013414815918915632,-0.0013637923820420093,-0.0018594466864943473,-0.001887057625443263,-0.0014131641846060875
2018-08-09,1,2018-08-09 10:15:00,7481.2,7481.0,7456.9,7472.463567218102,94.1714285714286,0.0011094476821900472,-0.0001871357536223649,0.00024060311180027028,-0.0018980912153130271,-0.0004876028352724916,-0.0007608614226813148,-0.0002193572883767669,-0.0026961819620387457
2018-08-30,1,2018-08-30 10:25:00,7657.6,7654.6,7635.1,7646.437950064703,75.12142857142875,0.001684600919348051,-0.00045706226493940656,0.001971897200167083,-0.0019588382783117426,-0.0006271105912817092,-0.0009475737507230631,0.0018264957721707603,-0.0029965124914949942
2018-10-03,1,2018-10-03 10:20:00,7672.0,7671.7,7650.3,7664.371338968269,86.03571428571442,-0.0014598540145985164,-0.0024244004171011945,-0.0009254431699687648,-0.004679353493222059,-0.001639814589760929,-0.0010031159051634808,-0.00026814379352483296,-0.0034391990529211176
2018-11-05,-1,2018-11-05 10:10:00,6883.2,6965.5,6896.0,6910.6869978917,216.78571428571428,0.002774872152487136,-0.002832984658298466,0.00011622501162252759,-0.007830660158066095,-0.002386082266901376,-0.0017618573951321678,-0.0017710820906196357,-0.008512312177776298
2018-11-29,-1,2018-11-29 10:25:00,6863.7,6903.6,6872.1,6882.670938448351,165.76428571428556,0.0028410332619432667,-2.9138802686571105e-05,-0.002374812418957732,-0.004283403994929928,0.0002890183315281692,-0.0031268265234839993,-0.004851015087106139,-0.005026531420313853
2018-12-20,1,2018-12-20 10:15:00,6362.2,6356.9,6297.3,6337.786978030996,179.0642857142857,-0.001210273175945399,-0.010373770079532238,-0.022838012008424786,-0.01886140014460407,-0.0053340654134085164,-0.012967931704201595,-0.013210723430323921,-0.01436264759965854
2018-12-28,-1,2018-12-28 10:30:00,6254.2,6333.4,6271.4,6296.356911527949,214.4714285714286,-0.0011991941415368872,-0.005260464967541899,-0.00847430526686067,-0.00473281954526564,-0.0017662795130915729,-0.006197778932324866,-0.0082541985546756,-0.00353326396221648
2019-01-14,1,2019-01-14 10:25:00,6542.8,6542.3,6511.3,6529.291493684788,184.12142857142862,0.0017423732958365891,0.001222718102341505,0.0027511157302683867,-0.00027511157302686644,6.705328990269885e-05,0.0007706052746590462,0.0007568522566828492,-0.0019286212106300995
2019-01-24,1,2019-01-24 10:40:00,6693.7,6691.4,6664.4,6687.80336847207,130.53571428571428,-0.0019122458431062317,-0.0006423950879185178,-0.0017628516366135594,0.000866486397657526,-0.0018095679760207406,0.00264670497535265,-7.959344354925894e-05,0.0034474651970200594
2019-02-14,1,2019-02-14 10:05:00,7005.6,6993.4,6964.5,6987.060694785696,101.17857142857136,0.0021982414068744483,-0.001955578394427419,0.0015273495489322567,0.0023124357656731497,-0.0010617762309803114,-0.0004992491986766288,0.003909628244124455,0.002031527317005483
2019-02-19,1,2019-02-19 10:05:00,7065.4,7060.6,7030.5,7055.662068779647,93.65714285714284,-0.0006510600956774499,0.0004529113709062088,0.002123022051122371,0.00018399524443063123,2.4900242937619525e-06,0.0008235200922098601,0.0019256871439930034,0.00035975571467940703
2019-02-20,1,2019-02-20 10:05:00,7083.9,7083.5,7066.6,7077.981712285534,91.11428571428567,0.0009881562416183176,0.00016939821284895718,-0.00035291294343511344,-0.002936235689380041,0.00011693699360520249,-0.0003228187106243813,-0.005205561610934588,-0.00346852829318927
2019-02-25,-1,2019-02-25 12:25:00,7128.4,7161.1,7141.7,7150.14477014095,77.16428571428573,0.0013607541664328346,0.00039279501711453796,-0.0004769653779249966,0.0019078615116996038,0.00023965939988118123,0.00030036005680449796,-0.0010530003237772462,0.0015287149959289676
2019-03-28,1,2019-03-28 10:20:00,7330.1,7327.3,7295.0,7320.821377025243,98.06428571428576,-0.0003137747097584183,-0.004883971569282845,-0.00521138865772646,-0.001323310732459411,-0.00395847104976652,-0.00530227532859516,-0.003309021173735217,-0.0010865101655176232
2019-06-27,-1,2019-06-27 11:30:00,7642.2,7668.9,7646.1,7658.821831162954,97.62857142857145,-0.0005103242521787634,-0.002224490330009683,-0.002931093140718713,-0.0017795922640077941,-0.0017581763719724678,-0.002482219244743767,-0.002878191348170094,-0.0016035846632468773
2019-07-02,1,2019-07-02 10:35:00,7777.3,7770.7,7751.3,7763.395527217359,84.17142857142868,-0.0001928689905237036,-0.001992979568744937,-0.003870237743175699,0.002905892790557064,-0.0003711087945155264,-0.0019766461114421856,-0.00321458210447072,0.0032871008408704885
2019-07-11,-1,2019-07-11 10:45:00,7901.0,7924.4,7905.7,7913.251140822554,84.99285714285732,-0.002506011897228222,-0.003189469687381321,-0.003354005822047842,0.0006075180356917077,-0.002132317571473338,-0.0024404743031289314,-0.001983858170371424,0.001724610578044483
2019-07-17,-1,2019-07-17 10:20:00,7919.1,7940.4,7923.4,7931.965952556841,79.71428571428591,0.001654228384538693,0.000732406460330111,8.839388314337837e-05,0.00406611862459127,0.00030806387974602925,-0.00038420703033553374,-0.0006925076788879378,0.0034519946659070373
2019-08-08,1,2019-08-08 10:10:00,7621.1,7610.4,7577.0,7599.187174662904,139.25000000000014,0.002545564288619705,0.0036608888480665043,0.007662935796669724,0.013659445486871901,0.0019964111807113097,0.003876326876183102,0.006429849875389726,0.011575692020268327
2019-08-20,1,2019-08-20 11:05:00,7718.8,7712.1,7676.1,7693.216524574158,182.67142857142855,-0.000194330724983158,-0.0005441260299528188,-0.0009327874799191348,-0.006905218427734904,-0.0002743283303151139,-0.00032194417924461807,-0.0017448691958676923,-0.006607148513130569
2019-08-21,-1,2019-08-21 15:05:00,7717.8,7756.2,7721.4,7736.416893765939,172.59999999999997,-0.0013086630905179526,,,-0.0018139884423022104,-0.0004974432052200149,,,-0.0008234513416926203
2019-08-27,-1,2019-08-27 10:30:00,7607.7,7635.0,7611.7,7622.357260558616,154.04999999999987,0.001169867371215957,0.005836192278875303,0.005454999539939798,0.0058230477016706994,0.0039318762550723555,0.003826801295596672,0.008226849078871215,0.005994181281905582
2019-09-09,-1,2019-09-09 10:05:00,7853.3,7880.3,7855.8,7862.030395445767,120.04285714285717,-0.0009550125424980581,-0.00197369258782932,-3.8200501699945484e-05,0.002610367616161359,-0.0007744602113684977,-0.0005150597979163574,0.004456179731259606,0.0033486030472522207
2019-09-26,-1,2019-09-26 10:20:00,7744.2,7794.7,7752.9,7761.2570173897775,91.0000000000002,-0.004002995790397975,0.0025438392603496576,-0.0008005991580795716,-0.003718912218176207,0.0030334246133732696,0.003929729192422771,0.0012838138489374398,-0.001419021036846327
2019-10-03,-1,2019-10-03 10:30:00,7525.1,7569.8,7534.7,7522.035502769492,110.17857142857163,-0.0015149300341523216,-0.007946738249325493,-0.010338733040092394,-0.015109433761677562,-0.007932484182884983,-0.006583312691178693,-0.011797836055356916,-0.015179790513483603
2019-11-04,-1,2019-11-04 10:10:00,8203.4,8228.8,8209.2,8215.432765151514,82.72857142857154,-0.0004632225662531501,-0.0009630153351049121,0.000182851012994612,-0.0007070239169126327,0.00016099180805635276,0.0005605770336529069,0.00031742760246857184,-7.269769105453273e-05
2019-11-07,1,2019-11-07 10:40:00,8259.2,8251.2,8225.3,8244.850652017662,77.81428571428576,-2.4215420379785884e-05,-0.0003632313056954668,-0.00016950794265806072,-0.0047098992638513965,8.724267209702436e-05,-0.00020284720862334847,-7.881752562622816e-05,-0.004592162786147414
2019-12-09,-1,2019-12-09 12:55:00,8383.0,8423.0,8384.0,8404.170444958987,79.97857142857167,-0.00042944053441493067,-0.0007038053202910218,0.0004890850530836651,0.002528927591554423,0.0001072986957246997,0.00016690908223844587,0.0010610648799446382,0.0030997400987148012
2019-12-10,1,2019-12-10 10:15:00,8374.9,8366.1,8335.4,8356.911220101645,80.5714285714289,0.0010149374917909468,0.00017910661619840236,-0.0005850816129147376,-0.0023642073338188247,-0.0004997141413573585,-0.0006598975888676343,-0.0016928522379796162,-0.0032933639742507835
2019-12-18,-1,2019-12-18 10:05:00,8584.2,8596.7,8584.4,8588.694243986254,79.56428571428602,-0.00034947927587894033,-0.0010950350644206373,-0.002050278418489614,0.00030288203909512403,-0.000730520868351806,-0.0013565301172966588,-0.0014435544412016571,0.0008219463963294516
2020-01-07,1,2020-01-07 11:10:00,8861.0,8860.1,8817.9,8842.210598682326,82.7142857142861,-0.00018056652748000947,-0.0008464055975623519,0.00034984764699247985,-0.0016815257871571647,-0.0004561110616628968,-0.00023577230685354535,0.0006408948458022847,-0.0014612203571713813
2020-01-13,1,2020-01-13 10:10:00,9014.5,9012.7,8988.2,9007.538731148046,84.35000000000024,-0.0009429252870375506,0.0006877807976039412,0.003350158078651143,0.006101281269066504,0.0008110445385123695,0.0018408053880934036,0.003896929552881539,0.006323818471577709
2020-01-23,1,2020-01-23 10:20:00,9190.3,9188.4,9139.7,9166.762482577684,90.1785714285713,-0.0007399105578707194,-0.0014580590405100637,-9.792933854168376e-05,0.002926999118636112,-0.0014161311518054104,-0.0012122471895100954,-3.336109091325482e-05,0.003083132879060488
2020-01-30,-1,2020-01-30 11:10:00,9029.8,9106.6,9036.8,9068.347500927544,99.5428571428569,-0.003898203725442505,-0.0036213426653968783,-0.0005537221200912534,-0.011794281157943698,-0.0006369052437171139,0.0017905783650871757,0.0020467778125692992,-0.008157865576036
2020-04-02,1,2020-04-02 10:35:00,7575.0,7535.9,7433.2,7503.791039180909,500.7142857142857,0.0022046204620461804,0.00047524752475252327,0.001188118811881188,0.007933993399339982,-0.00044523861119649054,0.0024293185744246955,0.0036479314260254724,0.007685149198307987
2020-04-20,1,2020-04-20 10:35:00,8810.6,8796.6,8742.1,8774.468955746577,269.9428571428568,0.0024742923296936954,0.0019748938778289373,0.003087190429709544,-0.009840419494699649,0.0011364484095518247,0.0028971792346808405,0.0020791047823696214,-0.010993444239406432
2020-04-23,1,2020-04-23 10:25:00,8764.9,8755.9,8675.3,8739.253131301151,259.8928571428568,0.001175141758605471,3.422742986241616e-05,3.422742986241616e-05,-0.014386929685449962,-0.0012048078979789302,-0.00393315329549697,-0.005185230968337809,-0.016213302101244574
2020-05-06,-1,2020-05-06 10:10:00,8956.0,9039.2,8983.6,9005.568401737568,218.78571428571428,-0.0063197856185797634,-0.009200535953550651,-0.00744752121482813,-0.0029254131308620733,-0.0023659844030172734,-0.001122299873806959,-0.0028336779315758956,0.003320839162258138
2020-05-13,1,2020-05-13 10:30:00,9186.7,9148.9,9051.7,9127.077947571126,194.24999999999986,-0.0069557077078822045,-0.010558742529961791,-0.024481043247303325,-0.020573219981059574,-0.0064543871638677195,-0.015048320493063693,-0.02095200418438511,-0.0190505975710429
2020-05-19,1,2020-05-19 10:05:00,9382.5,9375.5,9321.3,9358.357359907568,212.46428571428584,0.0006181721289634183,0.0014068745003997579,0.0010977884359178547,-0.009059419131361577,0.0005144065204610544,0.0008055759927894468,-3.142133023189851e-06,-0.00986634313192949
2020-05-28,1,2020-05-28 10:15:00,9471.7,9464.9,9385.3,9437.558441029598,195.8285714285716,0.0023860553015824554,0.0017842625927763373,0.005078285840978762,-0.005490038747004233,0.0006825044137642777,0.0008008744453530442,0.0058932689025689424,-0.006544659963252926
2020-06-01,1,2020-06-01 10:15:00,9570.1,9561.3,9509.5,9551.693654551364,203.25000000000026,0.0004179684642793701,-0.0007941400821308412,-0.00011494132767686479,0.0028630839803136473,-0.0011964475787910964,-0.0010686862090391633,0.001401659513418898,0.0029077982381868566
2020-06-23,1,2020-06-23 10:50:00,10216.2,10211.8,10171.4,10206.129042120103,207.6785714285713,0.003328047610657583,0.004864822536755242,0.0059709089485327225,-0.0006656095221316234,0.003668714550922144,0.003587678593246081,0.004322219685510539,-0.0017542535487972985
2020-07-08,1,2020-07-08 10:10:00,10634.2,10626.7,10578.1,10621.64727474092,194.71428571428572,-9.403622275334656e-06,-0.004316262624363041,-0.002567188881157124,0.00304677361719731,-0.0033012228123189334,-0.0052119801351537985,-0.0019235045262132155,0.0030105141346115677
2020-07-21,-1,2020-07-21 10:35:00,10912.1,11014.8,10918.2,10945.756938589966,237.49999999999974,-0.0005865048890680653,0.001347128417078356,0.0037298045289175068,0.0070747152243840076,0.0002095939370994481,0.003019834559931106,0.002922906435681716,0.005980731137083826
2020-08-13,1,2020-08-13 11:00:00,11245.1,11235.9,11171.4,11216.84721362592,195.24285714285648,4.4463810904304985e-05,-0.0005335657308516598,0.0017963379605338244,-0.006224933526602698,,,,
2020-08-27,1,2020-08-27 11:15:00,12020.5,12018.5,11916.0,11975.841663292165,186.81428571428543,0.001331059440123123,-0.002129695104197027,-0.009400607295869556,-0.0073457842851794245,-0.001724472847116755,-0.007964929660150522,-0.00878316987292349,-0.007342589535766478
2020-09-01,1,2020-09-01 10:20:00,12234.6,12204.9,12128.4,12197.92881470149,172.00714285714275,0.0008827423863468583,8.990894675758617e-05,0.0016183610416359564,0.005141157046409333,-0.0011727614725432062,-0.0017505888640327633,1.0833058062361994e-05,0.0041234775519061765
2020-09-11,-1,2020-09-11 10:10:00,11140.8,11280.9,11169.0,11196.249261719,326.44285714285735,-0.0018939393939394267,-0.010726339221599886,0.0006283211259514577,0.004793192589401088,-0.0023062124058991994,0.0022592181409257267,0.00956574188372758,0.009937944714658432
2020-10-13,1,2020-10-13 11:30:00,12163.4,12161.0,12051.0,12100.011720409346,259.357142857143,-0.0017758192610619042,-0.0035680812930594767,-0.004332670141572168,-0.0067333146981929095,-0.003417222634086875,-0.003435366646895946,-0.005924216096781354,-0.006370688084161926
2020-11-11,1,2020-11-11 10:35:00,11840.0,11832.4,11712.7,11805.253795030381,317.75714285714326,-0.0035388513513513204,-0.0007432432432431818,0.0035050675675675678,0.004282094594594656,0.0018804061453804306,0.004145240960712738,0.006047355152145395,0.007220801515179451
2020-11-13,-1,2020-11-13 10:10:00,11862.9,11927.5,11875.6,11895.472186507057,327.6285714285718,0.002360299758069275,0.0009104013352552304,-0.0012391573729864306,-0.006339090778814685,0.0001612065755277916,-0.0008085775555307871,-0.003117792395847886,-0.007341650572100894
2020-11-17,-1,2020-11-17 10:05:00,11981.4,12046.0,11992.8,12002.96525127872,314.13571428571464,-0.0019112958418882298,-0.0039394394645033744,-0.0017861017911095227,-3.3385080207624837e-05,-0.0004187163068829357,0.0012105970643790476,-0.00011910274224710651,0.0025856683657885854
2020-12-11,-1,2020-12-11 11:45:00,12264.7,12355.8,12278.4,12318.974808101819,169.07142857142804,-1.6306962257446866e-05,0.0012067152070577422,-0.004500721583079807,-0.009237894118894002,0.0017334300546457911,0.0008659621955624613,-0.004273709857657363,-0.008084006726701988
2020-12-15,-1,2020-12-15 10:45:00,12533.1,12576.8,12534.6,12552.770498873262,173.29285714285666,0.00311973893130992,0.0023218517366015083,0.0006941618593963765,-0.004843175271879974,0.003174365768412469,0.003551771004590669,0.00020534640310379781,-0.004934929335791604
2020-12-30,-1,2020-12-30 10:10:00,12858.9,12913.1,12864.3,12870.146546921775,169.84999999999985,0.0023874514927403516,2.3330144880143122e-05,-0.0008943222204076555,0.0006376906267253737,-0.00020498859864002568,-0.0009526773413222402,-0.0009048570181020345,0.0001063340700804536
2021-02-08,1,2021-02-08 10:10:00,13693.4,13679.4,13639.0,13663.787560549314,241.3285714285716,-0.0022346531905881933,-0.0018695137803613686,-0.003877780536608904,-7.302788204536492e-05,-0.0003117477315193803,-0.002341542960730709,-0.001300960124354057,0.0018142825587195363
2021-02-25,-1,2021-02-25 10:25:00,13177.6,13294.6,13184.5,13213.26833247834,212.76428571428576,0.005532115104419593,0.004135806216610005,0.014183159300631347,0.02632497571636714,-0.0010558902658931613,0.005222646350808338,0.015383467406129753,0.022174343969704836
2021-04-15,1,2021-04-15 10:55:00,13995.0,13985.3,13931.4,13976.517251635149,194.2428571428571,-0.00021436227224008573,-0.0014862450875312092,0.0010289389067523855,0.002029296177206119,-0.0007863770892609489,-0.001501265352225447,0.001901602779485462,0.0025164066856349573
2021-04-30,1,2021-04-30 10:10:00,13915.0,13904.4,13853.3,13895.595795474792,179.17142857142866,0.0010779734099892202,-0.0008623787279913762,0.00041681638519577954,-0.003090190441969098,-0.0016568760219764637,-0.0020189996541478327,-0.0018510239626258337,-0.00425310724454881
2021-05-17,-1,2021-05-17 10:10:00,13253.0,13345.7,13269.6,13298.613986546516,241.55000000000004,-0.004874368067607362,-0.0012676375160340506,0.001033728212480248,-0.004512185920168964,0.000855906610576417,0.0025676087571638168,0.0031517304106872808,-0.0012801269931560148
2021-06-22,1,2021-06-22 11:10:00,14198.4,14184.7,14116.2,14165.629437177728,164.3428571428571,0.0014719968447148718,0.0018452783412215973,0.0024861956276764348,0.0050076064908722365,0.0005557953000541184,0.0013086121091406301,0.0010996629271329136,0.0039427158828359305
2021-06-24,1,2021-06-24 10:15:00,14396.0,14395.8,14354.3,14384.3493485985,159.6499999999999,0.0014795776604611887,0.0003681578216170653,0.002146429563767688,-0.002236732425673849,-0.00036633847460635103,-0.0005037401356868212,-0.00023863731388318926,-0.003143963446914441
2021-06-28,1,2021-06-28 10:25:00,14474.0,14468.1,14401.3,14461.852518971331,151.4285714285713,0.000932706922758049,0.00042835429045189494,0.0015199668370871908,0.003171203537377341,-0.000404204105363408,0.00016314532464889114,0.0006812987448651431,0.002655957718888119
2021-07-15,-1,2021-07-15 11:00:00,14788.0,14908.7,14804.1,14840.404479554649,140.20714285714243,-0.0025358398701649985,0.00030430078441979986,-4.733567757646251e-05,-0.0006221260481471955,,,,
2021-07-21,1,2021-07-21 10:05:00,14758.1,14755.4,14703.1,14740.787228710073,167.9857142857141,8.808721989953127e-05,0.001965022597759874,0.0020802135776284824,0.005481735453750797,0.0012342210293027583,0.0015793498349504823,0.0009659078635026906,0.0053490654501204635
2021-07-27,-1,2021-07-27 10:05:00,15047.0,15113.3,15058.5,15069.540350877194,170.06428571428543,0.00693161427527077,0.007855386455771962,0.01424204160297729,0.005815112647039277,0.003296952834753128,0.005678713212217843,0.007418542819760033,-0.00032833511406798766
2021-07-29,1,2021-07-29 11:00:00,15081.3,15079.9,14993.5,15060.821763245925,177.04999999999978,-8.619946556326527e-05,-0.0012863612553294236,-0.001160377421044605,-0.00238043139517148,,,,
2021-08-02,1,2021-08-02 11:25:00,15055.9,15052.1,14960.8,15009.663146117317,178.3357142857142,-0.0011822607748456933,-0.003606559554726006,-0.002284818576106353,-0.006070709821398896,-0.0030729099209141175,-0.0026198120053833734,-0.002678901281031869,-0.005219826295781159
2021-08-04,-1,2021-08-04 10:40:00,15033.2,15078.1,15046.7,15048.766170048166,179.96428571428558,-0.0019756272782906438,-0.0,-0.002554346380012215,-0.003312667961578325,-3.7536478123492025e-05,-0.0005881460679835282,-0.0018049126744834197,-0.0025525787074506083
2021-09-02,-1,2021-09-02 10:05:00,15632.5,15679.3,15650.9,15659.887533526447,156.13571428571427,-0.0004349912042219269,-0.0003134495442187517,0.0005117543579082041,0.001771949464257203,-0.000348262034146377,-0.0003549328456339232,0.0013724717809778782,0.0020049935762685147
2021-09-13,-1,2021-09-13 10:05:00,15415.4,15564.8,15452.0,15472.272259837111,135.45000000000022,0.0015244495763976284,-0.00042165626581210997,0.0028802366464703894,-0.0013687611090208729,-5.678136941375523e-05,0.0012096431454583674,-0.0009459113374155188,-0.002283588687354362
2021-09-15,-1,2021-09-15 10:25:00,15335.3,15437.2,15337.3,15359.318110669126,140.20000000000007,-0.001023781732343073,-0.0020540843674398284,-0.002934406239199755,-0.011013804751129843,-0.0004755223460337349,0.0002599958119851683,-0.004075580531793303,-0.009524881119583965
2021-09-24,1,2021-09-24 10:10:00,15254.7,15254.5,15202.7,15239.62532764672,198.31428571428594,-0.000491651753230152,-3.9332140258436005e-05,0.0005834267471664232,0.004831297895074888,0.00010992638773468559,0.00042614470075261744,0.003368128930972741,0.0058049006702399555
2021-10-07,1,2021-10-07 10:05:00,14981.0,14959.0,14870.0,14940.63458153066,269.32142857142844,0.0016420799679594394,0.0009678926640411188,0.0014151258260463738,-0.005760630131499851,-0.00042011304988582947,-0.0003133659804243458,-0.000165522613894338,-0.006539188677560301
2021-10-08,-1,2021-10-08 10:50:00,14854.4,14953.0,14859.4,14886.818289228218,270.6142857142856,-0.001810911245152927,0.001507970702283474,-0.0002962085308056627,0.00212731581214996,0.0005601990108070831,0.002575292578806642,0.0011869485144043695,0.0031695973652590198
2021-11-01,-1,2021-11-01 10:05:00,15788.0,15878.6,15815.6,15827.275480745464,180.59999999999997,-0.002102862933873874,-0.0029389409678236404,-0.004921459336204759,-0.0072650114010641455,-0.0008842405934602254,-0.002247605026655357,-0.0031878746602323985,-0.005358083135400715
2021-11-11,-1,2021-11-11 10:35:00,16056.0,16117.0,16060.7,16078.334348046677,193.22142857142885,-0.0017750373692077728,-0.0015072247135027857,-6.228201295465869e-05,0.0015881913303437967,0.0005188575213903482,-0.00042935587742048265,0.0012064731852531492,0.003392173504714169
2021-11-16,1,2021-11-16 11:10:00,16258.5,16258.4,16156.2,16232.759621861154,185.67857142857156,0.0027062767167942924,0.0019189962173632702,0.002958452501768328,0.0031122182243134584,-0.00013949099011860837,0.00025636456890421066,0.00045829067181614225,0.0007366160464676752
2021-11-29,1,2021-11-29 10:10:00,16290.9,16281.2,16211.7,16266.860324483778,207.5214285714289,-0.0026149568163821744,3.68303776955456e-05,0.004996654574025968,0.006322548171064939,0.0004586560621628305,0.0029893157651982275,0.007365900516959534,0.0074351886808691064
2021-12-06,1,2021-12-06 10:25:00,15765.7,15761.9,15561.8,15673.041384020693,286.20000000000033,-0.005638823521949641,-0.0048015628865195155,0.0002981155292818529,0.005175793019022216,-0.0007657967861087247,0.0006905706524696076,0.005272687361383867,0.008317486710181482
2021-12-09,-1,2021-12-09 10:20:00,16336.4,16413.3,16336.5,16362.941045942285,316.7785714285719,0.0021118483876496658,0.0025954310619230453,0.003825812296466786,0.011495800788423353,-0.0010167370346913732,-0.0013740690768804277,-0.0001551641365338878,0.008745123023617418
2022-01-05,-1,2022-01-05 12:40:00,16075.6,16220.5,16110.3,16162.82748339149,297.7142857142852,0.001772873174251661,-0.00024882430515812785,0.008603100350842338,0.018792455647067628,-0.00011363224599542272,-0.00019915612488483918,0.009474473306178554,0.018348270909235204
2022-01-12,1,2022-01-12 10:20:00,16002.3,16002.0,15905.8,15966.79931657631,290.6428571428565,-0.007436431013041875,-0.009254919605306647,-0.005855408285058955,-0.0059741412171999365,-0.0035862682111838574,-0.0010642603732054945,0.0011932550091094227,-0.0007171454665310117
2022-01-28,1,2022-01-28 11:00:00,14157.6,14113.9,13908.1,13982.71336918326,446.2857142857143,0.005226874611516076,0.010185342148386655,0.0036234955077131203,0.020603774651070727,,,,
2022-02-08,-1,2022-02-08 10:10:00,14508.6,14599.0,14513.1,14542.094528429154,476.3000000000002,-0.002171126090732393,-0.010896985236342608,-0.011917069875797777,-0.016314461767503338,-0.005988875589326893,-0.009212937115103986,-0.011741858883306236,-0.012829286649130626
2022-02-25,-1,2022-02-25 10:05:00,13854.6,14018.4,13878.1,13926.019322566173,415.9285714285713,-0.009996679803097888,-0.01613904407200499,-0.022086527218396778,-0.024042556262901877,-0.005889649683287988,-0.009297599806362557,-0.009649545823167028,-0.013330511942868164
2022-04-07,-1,2022-04-07 10:50:00,14437.1,14570.1,14453.1,14513.554818877705,299.47142857142836,0.0004987151159166818,0.00324164825345818,0.00815953342430274,-0.007044351012322344,0.0026438483264006004,0.006978961191326973,0.00819061998656828,-0.0050050919418407015
2022-05-25,1,2022-05-25 10:25:00,11847.5,11840.5,11706.3,11800.649008311837,458.49285714285696,0.0006668073433213451,0.002565942181894884,-0.0024815361890693933,0.00819582190335517,-0.0011441125473822162,-0.0030086327372692238,-0.005908156173163418,0.00508062946967067
2022-05-31,-1,2022-05-31 10:10:00,12481.4,12686.3,12519.6,12550.819430124287,414.35714285714283,-0.009349912670053098,-0.00960629416571856,-0.019845530148861566,-0.012971301296328909,-0.0013588089345162129,-0.0029328369931841294,-0.009992134218834983,-0.0044040099567883625
2022-08-04,-1,2022-08-04 10:35:00,13185.4,13305.3,13222.9,13259.280624890027,310.1214285714286,-0.002631698697043755,-0.0016685121422179078,-0.006962246120709352,-0.009237489951006499,1.4648079269778256e-05,-0.002222085329362901,-0.003166457744458555,-0.008049823448138227
2022-08-12,1,2022-08-12 10:30:00,13415.0,13411.4,13339.5,13391.712986756833,293.9285714285717,-0.00021617592247481448,0.002541930674617992,0.0045396943719716466,0.010629891912038789,0.003211726634667335,0.003900170196342426,0.00523790978395536,0.011991269469709465
2022-08-18,1,2022-08-18 11:10:00,13490.3,13474.7,13413.9,13458.660727538512,261.5571428571432,0.003624826727352354,0.003224539113288808,0.001823532464066801,0.0011415609734402835,-0.0003299500529336586,-0.002554782878591731,-0.0007720262856114574,-0.001959280300719808
2022-08-24,1,2022-08-24 10:20:00,12924.7,12890.3,12837.8,12878.721540622002,247.4642857142861,-0.0013230481171710262,0.002560987875927375,0.004255417920725433,-0.0002243765812747263,0.002038974878313481,0.004492192654465024,0.0027328364370227424,0.000719329967648898
2022-09-07,1,2022-09-07 11:20:00,12123.9,12119.1,12031.2,12078.07667051986,277.2357142857146,0.0008248170968087827,-0.0008000725839044291,0.0027466409323733364,0.010838096652067374,3.2093636314042086e-05,0.0006291814060543637,0.004570104233002199,0.010627625667681124
2022-09-20,1,2022-09-20 11:00:00,11884.9,11872.5,11814.1,11850.883183807657,295.07142857142856,0.0013883162668596287,0.004972696446751791,-0.0004375299750102154,-0.002549453508233075,,,,
2022-09-30,1,2022-09-30 10:30:00,11204.8,11189.4,11088.2,11165.989213194502,307.9999999999999,0.003525274882193346,0.005845708981864916,-0.0031772097672424808,-0.020794659431672143,0.0033717850874089733,-0.0022578656318111147,-0.0047281817619396396,-0.023629492090981495
2022-11-08,1,2022-11-08 10:30:00,11054.4,11045.4,10977.4,11023.43011307768,295.08571428571423,0.0033289911709365586,0.008621001592126311,0.009543711101461861,0.00022615429150383559,0.0032830800786167237,0.00775298509265373,0.007146623038388066,-0.0023518675705437417
2022-11-09,1,2022-11-09 10:15:00,10990.6,10979.7,10931.9,10962.162724597274,300.2357142857142,-0.005595690863101195,-0.004203592160573647,-0.005741269812385162,-0.01767874365366778,-0.0007233114606421349,0.0010127290996457252,-0.0018977768838394438,-0.013605765977749875
2022-11-22,1,2022-11-22 11:20:00,11617.1,11597.0,11497.0,11568.278560285686,305.6714285714285,-0.001032960033054721,0.001601088051234849,0.00394246412615879,0.00921056029473793,0.0013013908506040314,0.001615101835864407,0.004851820301484745,0.009934666341947559
2022-12-05,-1,2022-12-05 10:10:00,11871.8,11955.8,11896.1,11920.86801324207,247.27857142857115,-0.001625701241597828,-0.003958961572802777,0.0032766724506814162,0.007092437541063605,-0.0010783753530045743,0.001966977245904043,0.005072471850132829,0.008416347081409984
2022-12-09,1,2022-12-09 10:40:00,11659.1,11633.1,11540.9,11613.69222115786,240.4357142857139,0.0012779717130824537,0.0015438584453345454,0.0037824531910696678,-0.00830252763935476,0.0014357819964052343,0.003423579897911582,0.0021199580397845094,-0.007860812776546242
2023-02-06,1,2023-02-06 10:10:00,12538.3,12514.4,12452.9,12497.554961268905,277.1714285714285,-0.008174951947233677,-0.0038362457430431993,-0.0032779563417687043,-0.00573442970737657,0.003030432753024061,0.004649017482301258,0.0026620397909332644,0.0003724784585562519
2023-02-13,1,2023-02-13 10:10:00,12392.0,12385.3,12309.0,12375.71127935594,284.0142857142856,0.0015332472562943835,0.0059312459651387995,0.008336023240800457,0.008941252420916661,0.0034338202789938547,0.005176254727567892,0.006549031165078839,0.006593630749106748
2023-03-24,-1,2023-03-24 11:20:00,12609.7,12716.1,12616.5,12663.59655861044,276.1571428571429,-0.005955732491653135,-0.002839084197086312,-0.0043220695179108145,-0.012672783650681559,-0.0015886750064586592,-0.0014746201321822643,-0.0034895292613169857,-0.009505729131487704
2023-03-28,-1,2023-03-28 11:05:00,12561.7,12655.2,12561.8,12574.530973327748,274.3857142857144,-0.0018707658995199693,-0.0019503729590740107,0.0002149390607959693,-0.004051999331300671,0.00045565326886754345,0.0015230760164546822,0.00280083314687427,-0.0022982468487239664
2023-04-17,-1,2023-04-17 11:05:00,13029.4,13105.6,13045.7,13054.55748353698,196.3357142857141,0.0016654642577554537,0.0024176094064193286,0.0010898429705127565,-0.004674044852410674,0.0015848630342205517,0.0016168914879643808,0.00012720690193192085,-0.00565803768267803
2023-04-19,1,2023-04-19 10:45:00,13049.4,13035.7,12984.7,13016.506978420843,191.0142857142855,0.0008965929468022076,0.0011188253866078414,0.004245405919046059,0.0028813585298941226,0.0012791936227675082,0.0026964432796532365,0.004745516038754911,0.0038645717221702006
2023-04-28,1,2023-04-28 10:40:00,13176.6,13168.0,13097.0,13157.833130620094,197.29285714285677,-0.0032557715951003776,-0.00247408284382924,-0.001100435620721582,0.00525173413475395,-0.0025022384445519056,6.342678357910622e-05,0.001712811089316888,0.005865282379295121
2023-05-02,-1,2023-05-02 10:15:00,13165.2,13238.2,13191.2,13207.814203269038,193.05714285714268,0.004960046182359637,0.008218637012730587,0.006661501534348185,0.003919423935830854,0.003086947192866815,0.003111823570760987,0.001500229053788109,-0.0004784169364037409
2023-05-04,-1,2023-05-04 10:40:00,12949.9,13015.4,12965.7,12975.653135610146,185.8428571428571,-0.005675719503625511,-0.005034787913420237,-0.004247137043529294,-0.0024092850137839464,-0.0027211630965169723,-0.0009258557457597933,-0.002236314903403444,-0.00038275300746356514
2023-06-01,1,2023-06-01 10:20:00,14275.7,14273.2,14211.7,14268.232178797904,193.0071428571429,0.0047283145484984974,0.005260687742107115,0.010178134872545604,0.011663175886296293,0.0028629233431382937,0.004731941374142943,0.008748794887739381,0.010002414702771837
2023-06-08,1,2023-06-08 10:20:00,14379.7,14372.8,14304.5,14351.04788215523,217.89285714285714,0.0028651501769855355,0.005160052017774982,0.006829071538349125,0.007058561722428145,0.0031567282544889526,0.004368624640466664,0.004592268028352043,0.004999383828301474
2023-06-29,-1,2023-06-29 10:20:00,14910.6,14977.9,14917.9,14935.678411902025,232.4142857142859,0.0012071948814937024,-0.0031856531594972705,-0.002608882271672477,-0.0022601370836853587,-0.0021437868277458627,-0.0036486089341145698,-0.0031374242599288057,-0.0025072906169723197
2023-07-18,1,2023-07-18 11:45:00,15701.0,15682.2,15619.9,15649.959451955026,210.44285714285706,0.00318451054072989,0.005827654289535698,0.007165148716642252,0.008891153429717875,0.0008140731718602701,0.0020501677914757117,0.004672259893385311,0.006050970667890837
2023-08-21,1,2023-08-21 10:20:00,14835.3,14831.1,14752.8,14826.443038873822,224.48571428571464,-0.0025749395024029786,-0.005062250173572395,-0.0026221242576826647,0.006572162342520879,-0.0012501304726231113,-0.0022697066111900207,0.002564349367980177,0.009613890115516775
2023-08-31,1,2023-08-31 10:10:00,15521.1,15514.2,15450.6,15502.099611586298,240.82857142857134,0.003279406743078753,0.0017782244815122874,0.0016300391080528618,-0.001237025726269448,-0.000597854871768557,-0.0013385201938446595,-0.0034633584703959194,-0.003283598782104207
2023-09-13,-1,2023-09-13 10:15:00,15271.7,15356.6,15286.7,15317.584451145543,225.21428571428547,-0.005389052954156988,-0.0069671352894569456,-0.005559302500703892,-0.005172966991232148,-0.0025767548589383953,-0.00299786287064708,-0.0033786329444968127,-0.001249216494635494
2023-10-11,-1,2023-10-11 10:10:00,15183.9,15249.0,15185.8,15204.519718617554,251.53571428571453,-0.0012183958008153374,-0.0031480713123769976,0.0010866773358623278,-0.0038000777138943705,-0.000955552200879856,0.0005680535867371242,0.0023136437601492454,-0.003255033183447077
2023-10-12,1,2023-10-12 10:35:00,15293.1,15281.0,15231.5,15272.379176391682,240.87142857142877,-0.00034002262458237556,-0.00020924469205071093,0.0016674186397787236,-0.006970463803937747,0.0011134169401142255,0.0007572947547378091,0.0019072450662510326,-0.006695249633965309
2023-10-13,-1,2023-10-13 10:25:00,15141.9,15238.9,15175.6,15192.651168331347,246.37857142857152,0.004068181668086592,0.0077467160660154456,0.006273981468639999,0.009523243450293484,0.004807066939555048,0.006924151443718388,0.004989918606015694,0.008595947595763945
2023-10-16,1,2023-10-16 10:25:00,15159.0,15137.3,15047.6,15104.748924336876,256.75,0.000527739296787387,0.00023088594234448183,-0.00018470875387553747,0.0006728676034039665,-0.0002546034558331622,-0.001196101907221959,-0.001727272744015007,-0.0006707612415411704
2023-10-24,1,2023-10-24 10:35:00,14745.5,14738.4,14664.9,14711.01767601801,257.0142857142856,0.0010172595028991895,-0.0028483266081177306,-0.007256451120680886,0.00012207114034785342,-0.0020219642556269226,-0.003662810666276688,-0.00910585966039576,-0.0006731983169326169
2023-12-14,-1,2023-12-14 10:30:00,16574.7,16643.2,16592.6,16611.196359345584,193.97142857142833,-0.0011040923817625219,0.001628988759977556,-0.0008989604638393344,0.0017677544691607854,0.0017050709832786488,0.0011744084766958192,0.00015727299880501425,0.001712677944018983
2023-12-18,1,2023-12-18 10:05:00,16684.6,16666.5,16622.0,16653.61077221683,198.74285714285685,3.5961305635267424e-05,-0.0021816525418648226,0.0010189036596622036,0.00267911726981772,-0.00044185246499380085,0.0007327063884061871,0.002660814554062111,0.003231915253897019
2023-12-28,-1,2023-12-28 10:20:00,16924.2,16968.0,16929.0,16933.304510158923,178.99285714285725,-0.0016544356601789153,0.00014771746965883172,-0.000549508987130811,0.001187648456057136,0.0005935558566535158,0.0008826900677526888,0.0003514985421370453,0.0022821373361167937
2024-01-03,-1,2024-01-03 10:30:00,16406.8,16467.3,16407.3,16432.654525838523,181.03571428571416,-0.0009752054026379306,-0.0006643586805471789,-2.438013506603696e-05,0.00228563766243265,-0.0015240828642655896,-0.0002641283865924386,-0.0008791803163357651,0.0017483136284080689
2024-01-04,1,2024-01-04 10:15:00,16359.1,16335.2,16277.7,16317.78914604093,182.28571428571428,0.00011614330861719998,0.003050290052631235,-0.00014059453148407256,-0.004706860401855847,0.001914345166368208,0.0019864718515633225,-0.0005975183336842232,-0.004637066559800973
2024-01-09,1,2024-01-09 10:35:00,16573.2,16558.5,16505.0,16550.007404802833,186.73571428571435,0.0018463543552240088,0.0034634228754855923,0.005526995390147862,0.006263123597132676,0.0019167585677021938,0.003707164014305439,0.005685367365699799,0.005450128079575638
2024-01-16,1,2024-01-16 10:20:00,16829.7,16806.4,16732.2,16773.039578011165,188.9785714285711,0.0037433822349774502,0.0014854691408640677,-0.0020974824269000204,3.5651259380651155e-05,-0.0008575083192193747,-0.0012720124017516082,-0.0057200530229909565,-0.0025513446969278016
2024-01-18,-1,2024-01-18 10:10:00,16867.7,16925.4,16868.1,16893.036749680716,201.43571428571354,-0.0036875211202476166,-0.003029458669528065,-0.001363552825815019,-0.006604338469382181,-0.0010984952331762742,-0.0019431690109921757,0.0018654848356199438,-0.003574377778867602
2024-01-25,-1,2024-01-25 10:05:00,17552.7,17608.3,17558.4,17569.1368538203,218.61428571428536,-0.002079452164054533,-0.0008089923487555036,-0.0019882980965890045,0.001919932545990117,7.803096055574059e-05,-0.0007458176785903248,0.0023404275560263855,0.003969374852389367
2024-01-30,-1,2024-01-30 10:10:00,17542.3,17573.3,17543.9,17554.461052131883,208.95714285714243,-0.00030212685907773056,0.0009234820975585144,0.0004845430758794457,0.0038421415663851275,0.0006102973655353627,0.00030901957059037145,0.0032730291518830034,0.0036331969867230427
2024-02-08,1,2024-02-08 10:05:00,17770.5,17768.1,17724.4,17752.5455608951,220.50000000000026,-0.000106918769871498,0.0017219549252974618,0.0013167890605217329,0.0008215863369065892,0.0011155976159364232,0.001093650921724771,0.0008427899543678494,0.0005314970545033553
2024-03-04,-1,2024-03-04 13:30:00,18251.0,18297.7,18251.8,18271.950662316594,236.57857142857134,-0.0009259766588132955,-0.0008109144704399361,-0.0020218070242727223,0.001342392197687798,-0.0002079910614385402,-0.0019448417218779362,0.0007538586438018349,0.002025225919273146
2024-04-01,-1,2024-04-01 11:00:00,18279.92,18403.17,18280.2,18343.366445249747,208.18071428571395,0.0006154293891876989,0.003118175571884341,0.0007111628497280077,-0.0006181646309175812,,,,
2024-04-11,-1,2024-04-11 10:35:00,18039.12,18096.14,18046.12,18056.779639217104,221.93499999999975,-0.0026886012177977643,-0.002168620198768156,-0.0050096678773688865,-0.014838306968410982,-0.00039103577086674004,-0.0018277777132537907,-0.0037178905258187654,-0.013287305149876439
2024-04-18,1,2024-04-18 10:45:00,17547.28,17521.93,17396.16,17477.2587157889,282.4449999999994,0.0009830583429454593,8.548333416917038e-05,-0.0028636916946672077,-0.00899398653238563,0.0009898305356384847,-0.0006594402993182626,-0.005025290418817305,-0.009083840674441374
2024-04-24,-1,2024-04-24 10:45:00,17567.17,17647.3,17574.67,17603.606240405235,316.55357142857093,0.0027323695279319322,0.0047104912174243205,0.006930541458869016,0.0026794298683282345,0.0029086744001434284,0.004521760174318985,0.005363836971226731,0.0023128439952841686
2024-05-07,-1,2024-05-07 10:05:00,18092.68,18131.93,18093.71,18105.063262049927,307.1628571428568,9.672420006322998e-05,-0.00267400959946238,-0.003067538916291008,6.632516575768363e-05,-0.0014370064434934876,-0.0020773420689350983,-0.0021446009621127783,0.0008317521906656301
2024-05-24,1,2024-05-24 10:10:00,18721.0,18709.63,18667.15,18695.56916455112,169.52571428571432,0.0022968858501148442,0.005548848886277497,0.005782276587789114,0.0046231504727311185,0.0026480265848301023,0.0039919758252098475,0.003751528940139941,0.002343244660688651
2024-05-30,-1,2024-05-30 10:40:00,18617.73,18718.48,18647.11,18673.300881640815,174.7157142857143,0.0008792693846134293,-0.0008056836144900587,-0.001403500856441737,0.0034966668868867765,0.00028862200896553035,-0.0008166440189445038,-0.0014747785103193089,0.0033081782417148453
2024-06-10,1,2024-06-10 10:35:00,19000.58,18998.2,18952.6,18983.130502537566,224.10714285714312,0.002216774435306658,0.003637783688708396,0.004407760184162799,0.0046735415445212335,0.0016696352606669401,0.0026757188401026377,0.0032549098810498436,0.0035786249026638632
2024-07-08,1,2024-07-08 11:40:00,20428.07,20424.82,20380.82,20405.25753182392,235.24857142857218,-0.00135842495154951,-0.0016212985367682303,0.0007709979454740462,0.0008409996636980533,-0.0017617074824597433,-0.0017296084854967382,-0.00048340241821682046,6.129885352049588e-05
2024-07-29,1,2024-07-29 10:05:00,19202.58,19191.7,19072.35,19168.86025412088,367.9085714285715,-0.004621774782346955,-0.007570857666001183,-0.0037562660850782035,-0.007516177513646694,-0.002967346583962195,-0.004653715785265579,0.0021231825964756414,-0.0034269447909273374
2024-08-22,-1,2024-08-22 10:10:00,19821.5,19937.3,19882.6,19889.00919558141,430.28571428571456,0.00014126075221346883,0.0014025174684054826,0.007834926720984752,0.016229851423958868,0.0016097425868918118,0.00688208235169644,0.00597344563523767,0.015619613142462341
2024-09-09,1,2024-09-09 10:05:00,18644.43,18641.68,18575.2,18628.73561018842,348.2385714285717,-0.00496126725247165,-0.007328193996813044,-0.0009992260423086691,0.0008045298247251324,-0.0033292499617888576,-0.0013800535081666524,0.004309692072540642,0.004821602409846342
2024-09-30,-1,2024-09-30 10:20:00,19950.5,20052.5,19961.4,20005.092200353,300.5692857142853,-0.0011277912834264806,-0.0022430515525926667,-0.004097641663116213,-0.005698102804441006,-0.0009099648076848179,-0.0014671135497189174,-0.0022745388375250706,-0.0046198295008795754
2024-10-09,1,2024-10-09 10:20:00,20136.08,20114.58,20055.33,20090.53828546383,279.1849999999995,0.00018623287154202802,0.003426684836373316,0.002718999924513609,0.00695269387090238,0.0016894103334510625,0.0036637637745266477,0.003329902018844603,0.0059604255901063025
2024-11-12,-1,2024-11-12 11:15:00,21083.42,21151.17,21092.32,21121.239161951034,298.0042857142856,0.0008357277898936217,0.001209481194227502,0.003225283184606672,-0.0006132781114259589,0.0005671988572636586,0.0015853242844799916,0.00094688115048069,-0.000717890329751781
2024-11-19,1,2024-11-19 10:35:00,20539.12,20512.37,20434.62,20486.203647118928,299.14500000000015,0.002111580242970615,0.0035356918894286914,0.004436412076077389,0.007412683698230499,0.0016794631070785025,0.0023535818988998126,0.0028965158377454565,0.006456019406058492
2024-11-20,-1,2024-11-20 10:05:00,20534.12,20684.89,20565.87,20588.824828265548,306.3142857142861,0.00225234877365088,-0.0012355046137844047,-0.003713331761964964,-0.007185601330858068,-0.001796502894227909,-0.002632281055537441,-0.0031534899820652713,-0.009039174750597002
2024-11-22,-1,2024-11-22 10:20:00,20697.25,20787.87,20706.4,20743.920523664652,297.5878571428576,-0.002518208940801265,-6.619236855132838e-05,-0.0029651282175167707,-0.003991834664025365,3.7824133929968064e-05,0.0006467910667792311,-0.0014336202161755005,-0.0023284485253235415
2024-12-03,1,2024-12-03 10:05:00,21171.18,21163.31,21095.46,21152.10038701313,284.4042857142857,-0.0007793613771173831,0.0005375231800967645,0.00011808505713899745,0.003241670988579806,0.0007184058445109199,0.00125267221625909,0.000832828995445125,0.0038975408918475824
2024-12-04,1,2024-12-04 10:20:00,21410.45,21399.32,21352.32,21385.699688281737,281.6235714285714,0.0013250538872372594,0.0011732588525696088,0.001546908168674595,0.004244189169307464,0.00030581669841363843,-0.0002481111908236975,0.0002396935841237789,0.0031354565486479526
2024-12-10,1,2024-12-10 10:10:00,21568.66,21551.54,21481.06,21528.20287994615,251.22928571428565,-0.0013445434255071943,-0.0054824917264215765,-0.005018856062453578,-0.008568914341456527,-0.002437245491008359,-0.0039905361375225,-0.003964880465006014,-0.007068825818567184
2024-12-12,-1,2024-12-12 10:15:00,21630.48,21676.38,21637.48,21652.264197136195,261.422857142857,-0.002386909583143833,-0.0032708474338063696,-0.0032130586098875293,0.00014424090450137868,-0.0008114151951122519,8.017508648644489e-05,-0.00038849117299257006,0.00272656892269078
2025-01-23,1,2025-01-23 10:40:00,21749.83,21735.58,21686.23,21719.466520373906,379.7721428571427,-0.0004942567367193214,0.0007356379337217808,-0.0010919625578682682,0.0051784312796926395,0.00025737544286493294,0.001167795257210075,-7.205508098151021e-05,0.005172654380748319
2025-02-11,1,2025-02-11 10:25:00,21714.0,21701.9,21607.3,21691.68630741179,354.38571428571464,0.002661877129962203,0.0012434374136501797,-0.0011743575573362806,-0.000851984894538086,-0.0005538289589833518,-0.001147635011807728,-0.003296131074220357,-0.002574932042256993
2025-03-17,-1,2025-03-17 11:05:00,19643.4,19827.35,19665.1,19731.51263481314,565.8928571428577,0.0011708767321339482,-0.0012141482635388244,-0.00047344146125412464,-0.008552490912978404,-0.0002118494519925341,-0.0006745771174756583,-0.00485492451525176,-0.007851315592802083
2025-03-25,1,2025-03-25 10:30:00,20249.25,20221.25,20163.75,20202.079882774087,486.74285714285753,0.0011309060829414153,0.0010469523562601443,-0.0010716446288134489,0.001671666851858639,0.0005904550758309346,-0.0005835678106176744,-0.0013049619307045823,0.0009696675087605564
2025-03-28,-1,2025-03-28 10:10:00,19562.0,19743.9,19643.05,19670.313969713858,426.48928571428615,0.006328596258051287,0.009372763521112286,0.010249463245066967,0.015271955832736939,0.002523251244544207,0.002745017154695767,0.00692147416017192,0.009622383923944888
2025-04-09,1,2025-04-09 13:15:00,17461.7,17416.1,17065.05,17284.960300958588,666.8928571428579,0.052388942657358634,0.07272774128521282,0.08181906687206862,0.0952284141864766,0.018398316214547628,0.020175821834269615,0.03718661587722701,0.039332977016549704
2025-05-05,1,2025-05-05 10:10:00,19967.7,19953.8,19886.75,19941.71602137988,496.7250000000009,0.00010516984930655733,0.0015750436955683793,0.002090876765977053,-5.759301271560846e-05,0.0014541960625724854,0.001083013394024027,0.002947319907634131,-0.00024767112970533727
2025-06-04,-1,2025-06-04 10:15:00,21672.05,21753.45,21678.3,21698.498549379852,305.221428571429,-0.0006459933416543428,-0.002780078488191011,8.074916770679285e-05,-0.0021294709083820615,-0.0011597369913174818,-0.0009953525189713795,-4.468331199767912e-05,-0.001066289644804031
2025-06-17,1,2025-06-17 10:20:00,21873.7,21873.5,21794.7,21847.171035197618,277.34999999999985,-0.00032916241879520737,0.00018286801044176338,0.0006491814370682933,-0.00701755990070267,0.00032517850625222506,0.0002920566960979749,-0.0002855999002131582,-0.006287977321808306
2025-06-24,1,2025-06-24 10:50:00,22111.2,22108.3,22041.9,22088.53235254493,271.88214285714275,0.0008728608126198159,0.0024512464271500742,0.003107022685335971,0.0032743586960453444,0.0020800157556337055,0.0018563778556562316,0.0033112504235864757,0.0035997193456230193
2025-06-25,-1,2025-06-25 10:20:00,22258.2,22326.9,22272.2,22289.446279768086,280.5142857142855,-0.0007817343720515503,0.001015356138412009,0.0020082486454430603,0.0007592707406709193,0.0012311830700118772,0.0019338022829241948,0.0027309589374295284,0.001470618140423714
2025-06-26,1,2025-06-26 10:30:00,22350.1,22347.2,22275.8,22319.43120850865,280.45714285714297,5.369103493947355e-05,-0.0002639809217854872,0.0018791862228804347,0.004474252911620082,0.0005517092182213594,0.0010304069946487715,0.0012721341946060108,0.004238959809296664
2025-07-15,-1,2025-07-15 11:05:00,22939.4,23045.5,22947.1,22978.792017808417,221.53571428571377,-0.0015257591741719486,-0.0019180972475304496,-0.0003923380733585011,0.0026373837153543683,-7.865326829813179e-05,0.0007019565384549644,0.0009610956307583246,0.0043260917843548526
2025-07-23,-1,2025-07-23 10:10:00,23017.7,23110.5,23031.3,23042.617533910914,202.52142857142775,0.0002563244807257656,-0.0011643213700760402,-0.003671087901918958,-0.006638369602523244,-0.000771491311151645,-0.0017046684005509122,-0.001991856468060825,-0.006368799001144201
2025-08-25,1,2025-08-25 10:05:00,23473.3,23448.4,23375.8,23424.062715707965,270.62142857142834,0.00014484542011568272,0.0016231207371780782,0.0025134940549475363,-0.002023575722203525,0.0010165825307121112,0.0017644498931836997,0.002136067824520156,-0.0024058871227062503
2025-09-03,1,2025-09-03 10:25:00,23407.9,23393.7,23329.1,23368.262617799803,259.5642857142861,0.002533332763725036,0.0008159638412672022,-0.0007219784773517255,2.9904433973021483e-05,-0.0002220062533739566,-0.0027605987738599765,-0.0031223114112923695,-0.001632183568386724
2025-09-04,-1,2025-09-04 10:15:00,23395.2,23506.1,23415.7,23433.564739511694,264.58571428571486,-0.0027270551224182426,-0.0029236766516207518,-0.004693270414443957,-0.00967719874162212,-0.0012217899390969738,-0.0017507073295042039,-0.0016819082849970281,-0.0070665862623686465
2025-09-11,1,2025-09-11 10:40:00,23984.3,23969.8,23884.8,23939.76453944083,264.10000000000065,-0.00023348607213879684,0.0004711415384230214,0.00016260637166819357,-5.42021238893473e-05,0.001056932301897623,0.0006404631449688709,0.0002972123818804191,0.0002900572951194658
2025-09-23,-1,2025-09-23 10:05:00,24698.6,24767.1,24700.6,24719.69771060633,226.6357142857149,-0.00044536937316285135,-0.00010122031208246622,4.0488124832986487e-05,0.004482035419011487,-0.00011129538890475425,-9.448782031776065e-05,0.0006339049462002225,0.004898813936507861
2025-10-09,-1,2025-10-09 11:00:00,25051.2,25134.0,25059.2,25063.886608690173,246.09999999999985,0.0007424794021844136,-0.000674618381554489,0.0017045091652296387,-0.001944018649805228,,,,
2025-10-16,1,2025-10-16 10:40:00,24953.7,24933.2,24866.2,24901.510884998515,352.5785714285713,-6.01113261760781e-05,-0.003169870600351939,-0.013789538224792402,-0.011849946100177557,-0.0019340007212388347,-0.006308099586351822,-0.011831112507085344,-0.012383255588597684
2025-10-21,-1,2025-10-21 10:10:00,25063.2,25139.7,25068.6,25086.38674038604,396.7928571428573,-0.0008977305372019534,-0.0023061700022343223,-0.0038702160937150883,-0.002553544639152223,-0.0006127697744850717,-0.0012888214599586342,-0.0026675713375347693,-0.0013814968486160247
2025-10-24,1,2025-10-24 10:15:00,25390.4,25382.7,25283.3,25356.716719520788,410.1214285714289,-0.0002441867792551802,-0.0013824122502994116,2.7569475077079902e-05,-0.001224872392715443,-0.00015053277139716147,0.0008284282084703807,0.001340872387869461,5.954839409229193e-05
2025-11-26,-1,2025-11-26 10:05:00,25115.0,25207.1,25126.6,25157.0424856393,576.2428571428572,-0.0017280509655584891,-0.004499303205255823,-0.00634282301413495,-0.004634680469838799,-0.0025665405261163315,-0.004768421335608078,-0.005074110447789675,-0.0032221677547784548
2025-12-02,1,2025-12-02 10:15:00,25584.7,25562.9,25422.2,25541.487325595564,541.342857142857,-0.0005120247648009233,-0.0035841733536058945,-0.0033144809202374573,-0.0013211020649059504,-0.0015293305816366934,-0.004830091761682045,-0.0012406826334732915,-0.000447254538457183
2025-12-09,1,2025-12-09 10:35:00,25621.7,25619.1,25526.2,25595.329857622746,461.3142857142858,0.001366029576491802,0.002025626714854901,0.0018695090489701236,0.001791450216027735,0.0009917444136206945,0.0011739080636652562,0.001441601180330419,0.001300729870223345
2025-12-16,1,2025-12-16 10:05:00,25093.9,25087.3,24949.5,25056.159789875837,354.8142857142856,-0.0036223942870578685,-0.0017773243696676156,-0.0005778296717528961,0.0009444526358994452,-0.0001860196366569435,-0.0004308562479527365,-1.5651620295336644e-05,0.0039688175403967295
2026-01-07,1,2026-01-07 10:35:00,25701.7,25680.2,25587.6,25666.38694666915,305.05000000000007,0.001490173801732931,0.0007703770567705355,0.003867448456716786,-0.0019064886758463448,0.0011600664633900635,0.002398208651169436,0.0038127626342698735,-0.002010172671522706
2026-01-08,-1,2026-01-08 10:05:00,25433.4,25624.0,25436.4,25476.480451841308,294.65000000000015,-0.0022214882791919285,-0.0025360352921748566,-0.0016002579285505315,-0.0027601500389250783,0.000938994136585971,0.0012280369247673296,0.00019338321938206784,-0.0003584642477407978
2026-01-13,-1,2026-01-13 10:10:00,25747.3,25876.5,25765.7,25799.235165455208,264.50714285714326,0.002932346304272681,0.0004660682867718169,-0.0035149316627374524,0.0003029443864016527,-0.0011573523117898844,-0.0036343726853832583,-0.003436306818354215,-0.0018632355862480228
2026-02-05,-1,2026-02-05 10:20:00,24539.9,24835.5,24554.3,24675.131171049845,416.0928571428568,0.0020945480625431012,-0.0015403485751775382,-0.004649570699147044,8.149992461256972e-05,-0.0009651669064961109,-0.007252320498533365,-0.008338116680302337,-0.0008748086515014113
2026-02-11,-1,2026-02-11 10:05:00,25199.9,25380.3,25255.6,25281.98782039845,418.8285714285713,0.006027801697625842,0.00299604363509379,0.005317481418577057,0.00019841348576780064,-0.0018477637190336806,-0.0022169349089580168,-0.0038104442976244486,-0.00443104787804895
2026-02-23,-1,2026-02-23 10:10:00,24800.8,24981.3,24822.3,24869.94390000804,465.39285714285717,0.0005685300474177666,0.007072352504757823,0.004645011451243537,0.003564401148349965,0.0037960074215100895,0.004025076588023587,0.004667577702009421,0.002716152243131388
2026-03-04,1,2026-03-04 10:15:00,24943.2,24934.2,24803.5,24886.549471819948,435.42857142857144,0.0033155328907277623,0.0036883799993585424,0.00712819525962985,0.0057370345424804575,0.0002142309347798617,0.0014266722240113446,0.0028083343646449275,0.0014616848848947302
2026-03-24,1,2026-03-24 11:25:00,24154.3,24103.2,23928.5,24028.132520656247,438.4999999999997,-0.0007327887788096003,-0.001229594730544902,-0.0076715119047125885,-0.006164533851115446,-0.0011453934329731011,-0.0018867796240451269,-0.005793452773503734,-0.0049099237430653845
2026-04-01,1,2026-04-01 10:45:00,24024.3,24012.6,23864.2,23969.122789803263,461.14285714285637,0.0025182835712174757,0.0034922973822338822,0.004982455264045184,-0.00034132107907413445,0.0007346172774426118,0.002232834102033138,0.0031683588114938613,-0.0020871057896576857
2026-04-09,-1,2026-04-09 10:15:00,24841.0,24935.9,24847.0,24873.647445835817,509.81428571428506,0.0010587335453483865,-0.0024314641117507934,-0.007866027937683727,-0.009597037156314216,-0.0020514122369856896,-0.005038468035951199,-0.008106229593699868,-0.010102134277889505
2026-04-10,-1,2026-04-10 10:10:00,25121.0,25203.8,25127.5,25153.830346108283,505.44285714285667,-0.0023565940846304177,-0.002762628876239061,0.0009792603797618943,5.174953226381403e-05,-0.00055874183160264,0.0003838086434519683,0.002683832600709965,0.0019703058270752706
2026-04-14,1,2026-04-14 10:15:00,25613.6,25592.2,25493.8,25572.25735958408,461.36428571428536,0.000429459349720461,0.0004177468220008405,0.004509323172064841,0.008647749633007466,0.00031605884928404747,0.002275414749439449,0.004858505075816548,0.007852468024041845
2026-04-15,1,2026-04-15 10:05:00,25911.4,25896.3,25821.0,25874.87474352003,475.6642857142854,0.002354176154125211,0.0036933550483569813,0.004974644365028436,0.011122517501948837,0.0015822541986630736,0.002469981815915672,0.0026546719314845535,0.009200512503613254
2026-04-21,1,2026-04-21 10:05:00,26671.7,26670.9,26572.7,26629.182202323154,434.6857142857142,0.0005886388944087076,-0.0050427981718450645,-0.002984436687575302,-0.006966185132556203,-0.002068235179366311,-0.0031097196475785268,-0.004098960579434044,-0.006852067210207926
2026-05-05,1,2026-05-05 10:05:00,27981.4,27963.4,27853.9,27946.673236345618,360.6428571428566,0.0009291886753343292,0.0007504985454623428,0.0012150928831295073,0.0012508309091039047,0.0006142038612102111,0.0011568479792019835,0.001019755313337832,0.0014352704438188493
2026-05-11,1,2026-05-11 11:55:00,29354.8,29326.0,29175.4,29272.46028744929,411.1857142857139,-0.00018054968863692728,-0.0018565958548516768,-0.00027252783190483327,-0.0011718696771907088,-6.812801253580214e-06,-0.0020370275748130486,-0.0007936913460391827,-0.001229710626266706
2026-05-22,-1,2026-05-22 10:25:00,29435.3,29632.7,29472.7,29519.419546981735,470.49285714285776,-0.0037064341114241128,-0.005676857378725618,-0.004423260506942369,-0.0013521180351482496,-0.0023564701373968606,-0.002744285101906665,-0.001510985898740398,0.001959024860124527
2026-06-12,1,2026-06-12 10:25:00,29472.6,29468.2,29236.9,29400.790611089502,643.3285714285713,0.0036270977110944218,0.008380665431621234,0.003138508309412811,0.0052591220319890344,0.005866072525524261,0.002591659092386521,0.0037228852608891137,0.004680946453453799
2026-07-01,1,2026-07-01 10:05:00,29997.3,29991.6,29822.0,29927.156348567212,733.6285714285716,-0.0009000810072906562,-0.00010667626753076869,-0.0006900621055895273,-0.006097215416054039,-0.0001036062903760491,0.0010020472301553887,-0.0005943010702001799,-0.0056286856038892785
2026-08-03,1,2026-08-03 10:05:00,28435.4,28419.9,28195.4,28376.405706913305,607.5642857142853,0.004568249435562637,0.008320614445374377,0.0087742743200377,0.012048362252684982,0.0026041514434552737,0.0031751920912917314,0.005015509272956879,0.007421466521373698
2026-08-14,-1,2026-08-14 10:30:00,30063.1,30167.8,30070.7,30119.64406748008,566.8642857142853,0.0012340710039882297,0.0029271765054169397,0.0018893593807690916,0.00047233984519218214,0.001913571312199333,0.003209237740061669,0.002503173719852073,4.859460972302906e-05
2026-08-24,-1,2026-08-24 10:10:00,28900.8,29164.8,28901.3,28953.32235761268,400.9857142857142,-0.003615816863201019,-0.002854592260421857,-0.006293943420251393,-0.00418673531528539,-0.0010054595621864692,-0.002771675557022852,-0.004736680369220047,-0.0015728946728900994
2026-08-27,1,2026-08-27 10:30:00,29542.2,29523.0,29380.6,29469.441770192578,328.5642857142858,-0.00017263440095870256,-0.0009850315819404844,-0.00013201454190958883,0.003093879264238879,0.0012759161042018702,-0.00031586982712036415,0.002253138508739546,0.00417580442357418
2026-09-08,-1,2026-09-08 10:15:00,29436.1,29658.5,29440.7,29486.527282182575,339.2785714285715,-0.002293102686836911,-0.00476625639945519,-0.004290649916259386,-0.0027143541433818155,-0.0018172002885182058,-0.0031167308337782616,-0.0018520140556173082,-0.000622604874152465
2026-09-30,1,2026-09-30 10:15:00,30556.7,30534.8,30410.6,30520.71868125972,414.32142857142935,-0.0011028677834975873,-8.836032686778112e-05,0.001963562819283496,-0.004565283554834128,0.0005023552538759593,0.0008957164469544256,0.0006778401641239336,-0.004528874145557248
