time_server,open,high,low,close,tick_volume,spread,real_volume
2012-08-06,2700.9,2703.4,2700.1,2701.2,397,0,0
2012-08-07,2691.9,2726.7,2689.8,2712.9,9630,0,0
2012-08-08,2713.1,2720.4,2704.4,2708.2,9588,0,0
2012-08-09,2708.4,2724.5,2705.2,2719.6,9479,0,0
2012-08-10,2719.5,2719.6,2712.6,2714.1,8713,0,0
2012-08-13,2723.0,2731.1,2707.3,2727.8,8201,0,0
2012-08-14,2727.9,2743.3,2721.7,2724.7,9437,0,0
2012-08-15,2724.6,2742.7,2719.1,2741.3,7843,0,0
2012-08-16,2741.4,2773.8,2738.9,2766.3,8548,0,0
2012-08-17,2766.4,2767.7,2763.4,2765.4,7742,0,0
2012-08-20,2776.9,2784.2,2767.2,2782.7,7835,0,0
2012-08-21,2782.4,2802.4,2761.8,2771.1,9088,0,0
2012-08-22,2771.2,2789.2,2759.2,2782.1,10331,0,0
2012-08-23,2781.9,2791.8,2754.4,2761.8,10781,0,0
2012-08-24,2761.9,2763.7,2760.2,2762.6,9514,0,0
2012-08-27,2786.8,2795.7,2776.7,2783.6,8009,0,0
2012-08-28,2783.4,2790.7,2771.3,2784.4,9453,0,0
2012-08-29,2784.6,2790.3,2771.2,2780.9,7835,0,0
2012-08-30,2780.6,2781.9,2750.4,2752.8,8289,0,0
2012-08-31,2752.9,2757.9,2752.3,2755.8,9963,0,0
2012-09-03,2773.3,2781.2,2759.7,2777.6,4403,0,0
2012-09-04,2777.3,2782.6,2743.2,2773.1,9433,0,0
2012-09-05,2772.9,2780.6,2757.2,2767.7,10166,0,0
2012-09-06,2767.4,2830.1,2767.2,2826.6,10018,0,0
2012-09-07,2826.4,2827.4,2823.9,2826.4,9390,0,0
2012-09-10,2821.8,2823.4,2781.9,2785.9,7839,0,0
2012-09-11,2786.4,2799.7,2777.9,2778.3,9060,0,0
2012-09-12,2778.4,2800.2,2774.7,2795.4,12296,0,0
2012-09-13,2795.6,2840.9,2784.4,2831.3,10661,0,0
2012-09-14,2831.4,2835.4,2831.1,2833.8,9831,0,0
2012-09-17,2853.0,2857.6,2844.9,2852.8,7689,0,0
2012-09-18,2853.1,2858.9,2843.1,2858.6,7692,0,0
2012-09-19,2858.4,2870.8,2849.1,2861.9,8477,0,0
2012-09-20,2862.2,2862.4,2841.9,2860.7,9249,0,0
2012-09-21,2860.6,2866.7,2860.4,2865.7,9481,0,0
2012-09-24,2860.5,2861.4,2831.4,2845.6,10157,0,0
2012-09-25,2845.4,2857.9,2803.7,2811.1,9659,0,0
2012-09-26,2810.9,2812.1,2767.1,2784.9,10233,0,0
2012-09-27,2785.2,2826.2,2783.2,2821.3,10697,0,0
2012-09-28,2821.2,2821.9,2817.6,2819.3,10709,0,0
2012-10-01,2789.9,2827.4,2783.1,2793.6,12534,0,0
2012-10-02,2793.4,2812.6,2777.4,2799.3,12078,0,0
2012-10-03,2799.4,2823.7,2792.9,2820.4,10905,0,0
2012-10-04,2820.3,2834.7,2812.9,2828.7,11747,0,0
2012-10-05,2828.8,2832.4,2828.3,2831.1,10125,0,0
2012-10-08,2807.9,2808.1,2779.7,2782.4,10204,0,0
2012-10-09,2782.8,2791.9,2735.6,2738.1,12337,0,0
2012-10-10,2738.3,2748.8,2720.5,2723.1,11936,0,0
2012-10-11,2723.0,2750.8,2717.8,2721.7,10183,0,0
2012-10-12,2722.0,2733.6,2713.0,2717.6,11463,0,0
2012-10-15,2714.7,2741.6,2712.2,2739.1,10494,0,0
2012-10-16,2738.8,2782.7,2735.5,2770.4,10459,0,0
2012-10-17,2770.3,2784.3,2759.3,2776.1,10192,0,0
2012-10-18,2775.9,2779.6,2733.2,2739.6,11708,0,0
2012-10-19,2739.7,2742.9,2738.7,2739.9,10736,0,0
2012-10-22,2670.7,2699.4,2663.6,2697.9,11796,0,0
2012-10-23,2697.8,2700.9,2657.8,2668.9,13632,0,0
2012-10-24,2668.7,2685.9,2652.1,2659.6,12712,0,0
2012-10-25,2659.8,2678.9,2610.1,2652.2,13841,0,0
2012-10-26,2652.3,2653.7,2644.8,2645.7,15147,0,0
2012-10-29,2657.2,2662.6,2638.4,2640.2,5042,0,0
2012-10-30,2640.1,2668.2,2632.4,2663.4,5462,0,0
2012-10-31,2663.7,2682.9,2635.6,2639.2,11805,0,0
2012-11-01,2639.4,2694.9,2633.7,2690.9,10828,0,0
2012-11-02,2691.1,2693.1,2689.8,2689.9,11322,0,0
2012-11-05,2643.2,2678.2,2641.2,2661.9,10439,0,0
2012-11-06,2662.2,2695.7,2661.2,2675.9,9926,0,0
2012-11-07,2675.8,2689.9,2601.2,2619.9,17712,0,0
2012-11-08,2619.7,2625.1,2570.8,2578.8,15443,0,0
2012-11-09,2578.7,2586.2,2577.3,2583.9,14772,0,0
2012-11-12,2583.2,2599.7,2574.4,2578.4,11303,0,0
2012-11-13,2578.6,2586.2,2553.6,2571.8,14491,0,0
2012-11-14,2571.6,2586.3,2527.8,2533.8,13482,0,0
2012-11-15,2533.7,2541.9,2513.7,2523.1,14412,0,0
2012-11-16,2522.9,2523.2,2517.7,2522.8,15500,0,0
2012-11-19,2543.9,2596.2,2538.8,2586.1,11833,0,0
2012-11-20,2585.9,2598.2,2569.7,2593.2,12540,0,0
2012-11-21,2593.3,2604.2,2578.8,2603.6,12003,0,0
2012-11-22,2603.4,2607.9,2598.9,2603.2,4002,0,0
2012-11-23,2603.3,2603.9,2601.6,2602.4,6432,0,0
2012-11-26,2628.7,2651.7,2624.7,2650.9,10147,0,0
2012-11-27,2651.1,2658.7,2637.6,2638.7,11631,0,0
2012-11-28,2638.8,2665.5,2611.7,2660.3,11960,0,0
2012-11-29,2660.4,2688.3,2659.9,2673.2,11850,0,0
2012-11-30,2673.0,2682.0,2671.7,2679.2,10775,0,0
2012-12-03,2678.2,2697.9,2666.1,2668.9,11153,0,0
2012-12-04,2668.6,2675.1,2650.2,2660.8,11718,0,0
2012-12-05,2660.7,2679.2,2623.4,2637.2,12960,0,0
2012-12-06,2637.3,2661.4,2620.7,2655.4,13211,0,0
2012-12-07,2655.2,2656.3,2653.8,2654.9,12455,0,0
2012-12-10,2639.7,2660.4,2625.9,2646.4,10474,0,0
2012-12-11,2646.3,2695.4,2644.3,2685.4,10419,0,0
2012-12-12,2685.6,2694.9,2667.1,2671.9,11052,0,0
2012-12-13,2672.1,2687.8,2641.7,2656.9,10710,0,0
2012-12-14,2657.2,2657.9,2647.8,2657.6,9846,0,0
2012-12-17,2638.7,2673.2,2613.3,2666.5,10673,0,0
2012-12-18,2666.7,2708.2,2665.9,2703.8,10325,0,0
2012-12-19,2703.9,2714.9,2686.4,2688.3,10421,0,0
2012-12-20,2688.2,2702.8,2678.9,2691.6,19776,0,0
2012-12-21,2692.1,2694.0,2691.1,2692.4,32598,0,0
2012-12-24,2661.5,2664.8,2648.9,2653.3,11235,0,0
2012-12-26,2656.4,2660.7,2627.9,2633.2,12938,0,0
2012-12-27,2632.9,2639.2,2595.7,2630.3,24576,0,0
2012-12-28,2629.7,2633.7,2627.9,2630.9,23858,0,0
2012-12-31,2593.2,2663.8,2584.3,2661.4,23645,0,0
2013-01-02,2690.8,2745.9,2690.8,2745.1,22921,0,0
2013-01-03,2744.6,2749.2,2727.7,2730.3,19848,0,0
2013-01-04,2730.8,2731.2,2726.7,2727.4,22771,0,0
2013-01-07,2719.8,2724.7,2705.7,2721.4,19023,0,0
2013-01-08,2721.7,2728.2,2704.2,2717.6,20399,0,0
2013-01-09,2718.4,2734.7,2715.4,2727.4,20061,0,0
2013-01-10,2727.7,2747.9,2723.2,2743.9,22008,0,0
2013-01-11,2744.2,2748.6,2744.2,2746.2,19286,0,0
2013-01-14,2747.6,2753.9,2723.9,2735.7,20343,0,0
2013-01-15,2735.4,2736.8,2709.9,2722.2,21475,0,0
2013-01-16,2722.4,2741.9,2715.2,2730.7,20246,0,0
2013-01-17,2730.9,2756.4,2721.4,2740.7,20138,0,0
2013-01-18,2741.8,2742.2,2738.7,2739.2,19097,0,0
2013-01-21,2738.4,2747.4,2737.2,2746.6,6748,0,0
2013-01-22,2745.9,2758.7,2726.7,2758.2,21541,0,0
2013-01-23,2759.9,2773.1,2736.3,2736.8,19106,0,0
2013-01-24,2734.4,2746.7,2713.7,2718.4,23788,0,0
2013-01-25,2718.7,2720.9,2717.7,2719.9,22691,0,0
2013-01-28,2733.9,2751.7,2731.9,2739.2,18980,0,0
2013-01-29,2739.3,2751.7,2721.7,2750.4,18157,0,0
2013-01-30,2751.2,2756.7,2737.2,2740.2,18963,0,0
2013-01-31,2739.8,2750.9,2729.2,2735.0,17970,0,0
2013-02-01,2735.8,2739.4,2735.7,2739.2,19363,0,0
2013-02-04,2762.4,2762.6,2713.7,2714.7,19453,0,0
2013-02-05,2713.8,2762.7,2712.4,2757.4,18786,0,0
2013-02-06,2757.8,2760.4,2737.2,2744.9,21273,0,0
2013-02-07,2742.3,2750.6,2714.9,2747.8,21148,0,0
2013-02-08,2745.4,2745.8,2744.1,2744.7,16587,0,0
2013-02-11,2772.9,2782.4,2764.9,2772.7,15922,0,0
2013-02-12,2772.8,2775.4,2761.9,2766.3,19389,0,0
2013-02-13,2766.7,2782.7,2763.9,2770.9,17768,0,0
2013-02-14,2769.8,2775.7,2756.9,2769.7,17629,0,0
2013-02-15,2769.9,2772.6,2769.9,2770.3,17263,0,0
2013-02-18,2760.7,2765.9,2759.8,2762.1,7099,0,0
2013-02-19,2763.7,2784.6,2759.8,2783.1,16404,0,0
2013-02-20,2782.9,2785.4,2725.7,2734.9,19611,0,0
2013-02-21,2735.7,2739.9,2699.2,2715.6,24311,0,0
2013-02-22,2715.7,2717.9,2715.4,2717.2,19972,0,0
2013-02-25,2736.3,2764.2,2694.9,2698.5,26262,0,0
2013-02-26,2698.8,2717.7,2690.7,2710.6,31089,0,0
2013-02-27,2710.8,2756.4,2702.9,2740.6,26679,0,0
2013-02-28,2739.7,2760.4,2732.2,2732.6,20872,0,0
2013-03-01,2733.2,2738.8,2728.7,2731.1,25381,0,0
2013-03-04,2744.9,2762.9,2732.3,2762.9,20894,0,0
2013-03-05,2762.7,2803.2,2760.7,2799.2,20481,0,0
2013-03-06,2798.6,2808.2,2787.9,2789.9,17412,0,0
2013-03-07,2790.2,2800.7,2787.7,2798.8,17122,0,0
2013-03-08,2798.1,2799.4,2795.8,2796.2,18300,0,0
2013-03-11,2797.9,2810.9,2790.3,2809.7,14164,0,0
2013-03-12,2809.6,2810.8,2789.2,2802.4,16975,0,0
2013-03-13,2802.6,2807.4,2786.8,2799.8,14242,0,0
2013-03-14,2799.7,2811.7,2796.4,2804.1,12219,0,0
2013-03-15,2803.5,2804.0,2802.6,2804.0,14120,0,0
2013-03-18,2757.5,2803.2,2753.9,2794.6,22335,0,0
2013-03-19,2794.7,2805.9,2761.4,2783.2,23242,0,0
2013-03-20,2783.7,2812.2,2777.9,2793.2,19407,0,0
2013-03-21,2793.1,2793.8,2766.7,2776.1,22079,0,0
2013-03-22,2775.9,2776.1,2773.2,2773.4,18749,0,0
2013-03-25,2799.1,2816.9,2776.7,2792.6,22498,0,0
2013-03-26,2791.9,2807.7,2790.2,2807.6,18016,0,0
2013-03-27,2807.4,2810.7,2782.2,2807.7,19190,0,0
2013-03-28,2807.9,2819.1,2797.1,2818.2,19264,0,0
2013-03-29,2818.4,2819.2,2818.2,2818.3,22,0,0
2013-04-01,2817.4,2820.7,2792.8,2794.2,13254,0,0
2013-04-02,2794.9,2827.9,2791.4,2818.9,20405,0,0
2013-04-03,2819.3,2824.1,2787.4,2792.9,21014,0,0
2013-04-04,2793.2,2806.4,2777.9,2788.7,24169,0,0
2013-04-05,2789.2,2790.6,2788.7,2789.2,21300,0,0
2013-04-08,2769.3,2792.7,2762.7,2792.2,19492,0,0
2013-04-09,2793.4,2815.2,2780.9,2804.7,19947,0,0
2013-04-10,2805.4,2861.9,2800.4,2856.4,18378,0,0
2013-04-11,2856.7,2860.7,2847.9,2858.9,19664,0,0
2013-04-12,2859.8,2860.4,2858.3,2859.9,21996,0,0
2013-04-15,2851.3,2855.9,2774.8,2790.1,29792,0,0
2013-04-16,2789.6,2837.9,2788.4,2833.9,27448,0,0
2013-04-17,2833.8,2835.2,2764.4,2779.4,30209,0,0
2013-04-18,2777.8,2793.9,2729.9,2756.7,31607,0,0
2013-04-19,2755.2,2758.2,2751.2,2755.4,26003,0,0
2013-04-22,2778.1,2815.4,2777.8,2807.9,25672,0,0
2013-04-23,2808.2,2848.2,2790.7,2845.9,28491,0,0
2013-04-24,2847.2,2847.3,2821.7,2828.4,25660,0,0
2013-04-25,2828.2,2859.2,2822.0,2849.9,24325,0,0
2013-04-26,2848.9,2849.8,2827.4,2838.8,24616,0,0
2013-04-29,2838.4,2876.7,2832.7,2866.1,9770,0,0
2013-04-30,2865.2,2888.4,2858.8,2887.9,10391,0,0
2013-05-01,2887.8,2891.7,2867.2,2871.9,8583,0,0
2013-05-02,2871.8,2915.4,2871.8,2908.1,11321,0,0
2013-05-03,2907.8,2952.2,2905.2,2942.4,9055,0,0
2013-05-06,2941.2,2958.9,2941.2,2953.1,7442,0,0
2013-05-07,2953.0,2961.4,2941.9,2952.2,8978,0,0
2013-05-08,2951.9,2969.4,2946.4,2966.6,8237,0,0
2013-05-09,2963.9,2980.2,2952.4,2965.1,9540,0,0
2013-05-10,2965.2,2979.6,2961.1,2978.6,10872,0,0
2013-05-13,2971.9,2989.4,2962.4,2982.9,9901,0,0
2013-05-14,2981.6,3005.4,2972.1,2997.7,8825,0,0
2013-05-15,2997.8,3005.2,2982.7,3004.9,9996,0,0
2013-05-16,3006.7,3018.4,2995.9,3000.7,10906,0,0
2013-05-17,3000.6,3027.7,2997.7,3023.7,10200,0,0
2013-05-20,3020.6,3031.9,3010.2,3021.9,9593,0,0
2013-05-21,3021.2,3036.7,3010.3,3021.7,10169,0,0
2013-05-22,3021.8,3053.3,2983.6,3006.8,14826,0,0
2013-05-23,3005.9,3008.1,2961.3,2995.4,19011,0,0
2013-05-24,2995.7,3002.7,2963.2,2992.4,15146,0,0
2013-05-27,2991.3,3004.2,2984.7,2999.9,5331,0,0
2013-05-28,2999.6,3036.4,2997.9,3006.2,12937,0,0
2013-05-29,3005.4,3008.2,2978.4,2994.1,14987,0,0
2013-05-30,2994.2,3025.4,2981.7,3010.2,14255,0,0
2013-05-31,3009.8,3022.7,2977.1,2977.1,14501,0,0
2013-06-03,2981.4,2994.9,2950.1,2987.4,16557,0,0
2013-06-04,2987.0,3006.6,2960.9,2976.3,15475,0,0
2013-06-05,2970.9,2977.3,2931.9,2938.9,18352,0,0
2013-06-06,2939.4,2953.9,2910.4,2949.7,17376,0,0
2013-06-07,2949.2,2991.9,2941.8,2985.1,18254,0,0
2013-06-10,2979.2,3004.1,2976.4,2988.0,13830,0,0
2013-06-11,2988.1,2989.4,2950.1,2966.6,16231,0,0
2013-06-12,2966.5,2978.4,2919.1,2921.7,14764,0,0
2013-06-13,2920.7,2968.4,2897.2,2962.6,17923,0,0
2013-06-14,2962.3,2967.2,2937.9,2940.8,12816,0,0
2013-06-17,2940.7,2988.6,2940.0,2971.7,13016,0,0
2013-06-18,2971.5,3000.7,2969.4,2996.2,12602,0,0
2013-06-19,2996.1,3001.9,2957.4,2959.0,13753,0,0
2013-06-20,2958.9,2960.9,2880.9,2883.9,19267,0,0
2013-06-21,2884.2,2904.4,2851.2,2870.6,19391,0,0
2013-06-24,2871.8,2876.7,2824.2,2852.7,20923,0,0
2013-06-25,2852.3,2879.2,2836.4,2865.3,18581,0,0
2013-06-26,2865.2,2898.7,2851.8,2891.7,15369,0,0
2013-06-27,2891.4,2923.7,2888.1,2905.7,13201,0,0
2013-06-28,2905.6,2926.9,2889.9,2905.9,14126,0,0
2013-07-01,2910.3,2950.6,2898.2,2923.1,14130,0,0
2013-07-02,2923.3,2945.2,2911.6,2926.8,13910,0,0
2013-07-03,2927.2,2952.9,2901.2,2940.7,12481,0,0
2013-07-04,2939.7,2971.1,2939.3,2969.6,5684,0,0
2013-07-05,2968.7,2975.1,2932.4,2967.1,14419,0,0
2013-07-08,2965.8,2982.4,2953.4,2967.3,12412,0,0
2013-07-09,2966.9,2989.4,2963.7,2980.7,11521,0,0
2013-07-10,2980.9,3009.8,2973.7,3008.8,13044,0,0
2013-07-11,3009.4,3061.7,3009.4,3058.1,13564,0,0
2013-07-12,3058.2,3074.4,3053.4,3069.2,10333,0,0
2013-07-15,3067.2,3081.1,3067.2,3077.9,8544,0,0
2013-07-16,3078.6,3084.7,3067.9,3077.3,9298,0,0
2013-07-17,3077.2,3090.2,3069.7,3079.2,11713,0,0
2013-07-18,3079.7,3090.9,3050.2,3053.7,10534,0,0
2013-07-19,3052.7,3053.7,3034.7,3047.7,10417,0,0
2013-07-22,3048.4,3059.2,3042.9,3053.4,9233,0,0
2013-07-23,3053.9,3064.4,3028.2,3048.4,9174,0,0
2013-07-24,3048.2,3061.7,3033.2,3057.4,10452,0,0
2013-07-25,3057.7,3062.8,3032.2,3058.9,10911,0,0
2013-07-26,3057.9,3077.9,3042.2,3077.2,10303,0,0
2013-07-29,3075.4,3082.9,3061.3,3072.4,9892,0,0
2013-07-30,3071.9,3098.9,3070.2,3088.9,9369,0,0
2013-07-31,3089.1,3109.4,3083.7,3097.2,11957,0,0
2013-08-01,3097.3,3127.9,3094.4,3123.4,11053,0,0
2013-08-02,3123.3,3142.4,3116.9,3140.8,9666,0,0
2013-08-05,3138.9,3143.7,3131.7,3140.2,7746,0,0
2013-08-06,3139.7,3142.9,3109.9,3121.4,8230,0,0
2013-08-07,3121.2,3122.9,3094.4,3121.4,9792,0,0
2013-08-08,3121.6,3137.0,3109.5,3130.6,9733,0,0
2013-08-09,3130.7,3135.6,3108.0,3114.6,10635,0,0
2013-08-12,3114.7,3130.3,3095.3,3127.6,9406,0,0
2013-08-13,3126.1,3147.9,3105.2,3138.2,9640,0,0
2013-08-14,3137.9,3143.7,3118.8,3118.8,10596,0,0
2013-08-15,3119.2,3119.2,3066.7,3072.9,12151,0,0
2013-08-16,3073.2,3089.9,3068.4,3069.8,10700,0,0
2013-08-19,3068.9,3100.7,3065.7,3070.9,10994,0,0
2013-08-20,3070.8,3096.9,3063.7,3082.1,11166,0,0
2013-08-21,3082.4,3098.2,3059.9,3061.2,12020,0,0
2013-08-22,3060.7,3106.4,3054.9,3104.4,10449,0,0
2013-08-23,3104.6,3126.4,3095.9,3121.7,10768,0,0
2013-08-26,3120.4,3147.2,3117.4,3122.9,8406,0,0
2013-08-27,3123.1,3124.8,3052.7,3061.8,13932,0,0
2013-08-28,3061.7,3084.7,3056.7,3066.4,12692,0,0
2013-08-29,3067.3,3108.9,3064.1,3092.7,11835,0,0
2013-08-30,3092.6,3102.8,3061.7,3078.4,13596,0,0
2013-09-02,3088.9,3112.9,3088.9,3108.8,5621,0,0
2013-09-03,3108.2,3112.6,3075.2,3088.2,14233,0,0
2013-09-04,3088.3,3130.4,3082.6,3130.1,11216,0,0
2013-09-05,3129.9,3136.7,3123.2,3128.7,11205,0,0
2013-09-06,3128.6,3148.2,3096.2,3133.7,13203,0,0
2013-09-09,3131.7,3174.2,3131.3,3168.9,10998,0,0
2013-09-10,3169.2,3188.2,3166.4,3183.4,11575,0,0
2013-09-11,3183.6,3186.9,3159.1,3182.7,11287,0,0
2013-09-12,3182.8,3185.7,3169.4,3177.8,9771,0,0
2013-09-13,3177.9,3181.4,3160.9,3180.7,7779,0,0
2013-09-16,3206.8,3218.1,3161.4,3166.7,10363,0,0
2013-09-17,3164.9,3194.2,3161.4,3191.7,7849,0,0
2013-09-18,3191.2,3233.9,3188.4,3229.9,10579,0,0
2013-09-19,3229.7,3242.2,3229.4,3237.2,10117,0,0
2013-09-20,3237.9,3247.8,3224.1,3225.6,10014,0,0
2013-09-23,3229.7,3243.4,3204.2,3216.4,11174,0,0
2013-09-24,3216.7,3236.2,3208.4,3219.7,9940,0,0
2013-09-25,3219.9,3225.9,3201.3,3207.2,11241,0,0
2013-09-26,3207.4,3240.2,3207.4,3233.9,9767,0,0
2013-09-27,3234.2,3238.4,3208.7,3228.6,9527,0,0
2013-09-30,3217.3,3228.9,3184.4,3225.4,12858,0,0
2013-10-01,3225.3,3256.8,3219.2,3254.6,12185,0,0
2013-10-02,3255.4,3256.7,3226.4,3245.7,12488,0,0
2013-10-03,3245.3,3254.2,3195.7,3206.8,14072,0,0
2013-10-04,3206.9,3245.4,3205.4,3240.7,10445,0,0
2013-10-07,3229.3,3238.7,3207.9,3213.2,11368,0,0
2013-10-08,3213.1,3220.5,3150.2,3152.7,14731,0,0
2013-10-09,3151.3,3169.7,3116.4,3139.2,15132,0,0
2013-10-10,3139.1,3214.8,3138.4,3198.3,13025,0,0
2013-10-11,3198.4,3236.4,3181.9,3235.4,13286,0,0
2013-10-14,3206.2,3260.4,3203.4,3259.2,12637,0,0
2013-10-15,3258.7,3269.3,3240.2,3248.8,14572,0,0
2013-10-16,3249.4,3282.4,3240.7,3268.9,15293,0,0
2013-10-17,3268.7,3312.7,3261.6,3312.4,12500,0,0
2013-10-18,3315.2,3354.4,3312.9,3352.4,11519,0,0
2013-10-21,3350.9,3368.4,3349.2,3360.3,10139,0,0
2013-10-22,3359.9,3383.2,3344.4,3364.4,12575,0,0
2013-10-23,3364.2,3364.7,3328.4,3348.7,12754,0,0
2013-10-24,3349.2,3385.7,3341.7,3383.7,12425,0,0
2013-10-25,3383.9,3398.4,3368.1,3382.7,11437,0,0
2013-10-28,3381.6,3396.2,3366.9,3376.7,10403,0,0
2013-10-29,3376.8,3397.9,3374.7,3394.0,11069,0,0
2013-10-30,3394.5,3407.2,3371.0,3394.4,12171,0,0
2013-10-31,3394.1,3399.4,3366.9,3383.2,12682,0,0
2013-11-01,3383.3,3393.9,3363.1,3373.1,11456,0,0
2013-11-04,3373.2,3392.7,3372.4,3383.9,9506,0,0
2013-11-05,3382.9,3394.9,3360.4,3385.3,10421,0,0
2013-11-06,3382.9,3399.9,3372.4,3378.8,10903,0,0
2013-11-07,3378.7,3389.9,3317.5,3325.8,14495,0,0
2013-11-08,3325.0,3365.9,3313.5,3363.2,14769,0,0
2013-11-11,3364.3,3368.4,3349.2,3358.3,9816,0,0
2013-11-12,3358.7,3369.7,3347.4,3367.4,11281,0,0
2013-11-13,3366.9,3409.2,3341.4,3402.7,11396,0,0
2013-11-14,3399.9,3417.9,3389.4,3413.7,11786,0,0
2013-11-15,3413.4,3423.2,3407.4,3419.2,9452,0,0
2013-11-18,3418.6,3427.7,3382.2,3388.4,10632,0,0
2013-11-19,3388.7,3399.9,3370.3,3375.9,11778,0,0
2013-11-20,3375.8,3397.7,3357.7,3367.2,13530,0,0
2013-11-21,3367.4,3404.9,3359.4,3401.9,10998,0,0
2013-11-22,3401.4,3421.4,3398.9,3420.2,9907,0,0
2013-11-25,3421.2,3436.2,3419.3,3427.7,8999,0,0
2013-11-26,3427.6,3454.6,3421.9,3446.6,7950,0,0
2013-11-27,3446.9,3470.7,3444.6,3468.7,7716,0,0
2013-11-28,3469.2,3482.6,3467.6,3481.4,3253,0,0
2013-11-29,3480.7,3495.4,3479.2,3490.4,5195,0,0
2013-12-02,3493.8,3499.9,3476.2,3482.9,9433,0,0
2013-12-03,3483.2,3487.7,3464.4,3474.7,10630,0,0
2013-12-04,3474.9,3491.9,3451.7,3481.7,12756,0,0
2013-12-05,3481.9,3489.9,3467.7,3476.4,12627,0,0
2013-12-06,3475.8,3509.3,3475.4,3503.7,11628,0,0
2013-12-09,3506.3,3523.2,3504.7,3517.8,8809,0,0
2013-12-10,3517.2,3522.9,3506.4,3515.4,8794,0,0
2013-12-11,3514.9,3520.4,3462.9,3469.2,10933,0,0
2013-12-12,3469.7,3477.9,3454.2,3454.7,12107,0,0
2013-12-13,3454.9,3476.9,3448.9,3458.1,9589,0,0
2013-12-16,3456.8,3494.2,3433.7,3471.2,11046,0,0
2013-12-17,3471.1,3482.4,3460.1,3463.1,9037,0,0
2013-12-18,3463.0,3512.9,3431.1,3510.6,11867,0,0
2013-12-19,3510.9,3515.9,3481.4,3496.3,11542,0,0
2013-12-20,3496.4,3540.2,3496.4,3536.4,9616,0,0
2013-12-23,3544.8,3570.2,3544.4,3569.4,7961,0,0
2013-12-24,3568.9,3575.0,3563.8,3573.8,4426,0,0
2013-12-26,3574.7,3585.8,3571.0,3585.5,4605,0,0
2013-12-27,3585.3,3589.5,3569.8,3572.6,6476,0,0
2013-12-30,3572.8,3575.9,3558.4,3569.9,6536,0,0
2013-12-31,3569.8,3590.4,3567.3,3581.2,3597,0,0
2014-01-02,3590.2,3590.2,3551.8,3562.9,8019,0,0
2014-01-03,3563.2,3568.9,3531.9,3532.3,7837,0,0
2014-01-06,3532.2,3543.7,3509.7,3520.7,9632,0,0
2014-01-07,3520.6,3561.7,3520.6,3554.3,7379,0,0
2014-01-08,3554.2,3573.9,3548.6,3567.9,8776,0,0
2014-01-09,3568.2,3581.2,3540.2,3553.7,9390,0,0
2014-01-10,3553.8,3576.2,3534.7,3567.9,9961,0,0
2014-01-13,3567.8,3571.7,3497.7,3514.4,10077,0,0
2014-01-14,3515.4,3580.9,3508.4,3578.3,9598,0,0
2014-01-15,3578.2,3614.4,3575.4,3603.4,8582,0,0
2014-01-16,3603.2,3613.2,3598.7,3601.2,8600,0,0
2014-01-17,3601.6,3613.7,3579.4,3589.6,9011,0,0
2014-01-20,3589.4,3593.9,3582.7,3593.3,3235,0,0
2014-01-21,3593.2,3616.9,3584.7,3612.6,9388,0,0
2014-01-22,3612.7,3634.9,3610.1,3631.9,9245,0,0
2014-01-23,3632.1,3640.7,3587.7,3621.2,12970,0,0
2014-01-24,3621.7,3627.1,3534.4,3534.8,15764,0,0
2014-01-27,3534.9,3551.4,3480.3,3484.4,19910,0,0
2014-01-28,3483.9,3511.4,3473.7,3507.9,15008,0,0
2014-01-29,3507.8,3534.1,3460.4,3481.7,20442,0,0
2014-01-30,3481.8,3543.2,3477.2,3516.4,17168,0,0
2014-01-31,3516.7,3538.7,3485.8,3520.7,18596,0,0
2014-02-03,3520.9,3535.7,3431.7,3443.7,36606,0,0
2014-02-04,3443.9,3480.2,3437.7,3459.2,32710,0,0
2014-02-05,3457.6,3468.7,3418.7,3454.8,33769,0,0
2014-02-06,3454.9,3502.2,3450.9,3493.4,29439,0,0
2014-02-07,3493.6,3564.2,3482.3,3563.4,28356,0,0
2014-02-10,3564.3,3582.9,3552.9,3582.8,21788,0,0
2014-02-11,3582.4,3629.4,3581.4,3616.9,23315,0,0
2014-02-12,3617.2,3636.9,3613.9,3624.4,20553,0,0
2014-02-13,3624.3,3657.2,3598.9,3654.6,20431,0,0
2014-02-14,3654.7,3670.4,3639.7,3664.1,20877,0,0
2014-02-17,3663.1,3675.1,3659.1,3669.8,6915,0,0
2014-02-18,3665.1,3684.9,3654.1,3676.6,18473,0,0
2014-02-19,3676.4,3679.6,3645.7,3656.9,22134,0,0
2014-02-20,3656.7,3676.4,3638.7,3669.3,23728,0,0
2014-02-21,3669.4,3686.2,3660.9,3664.9,19150,0,0
2014-02-24,3666.2,3700.9,3655.0,3687.2,18399,0,0
2014-02-25,3686.9,3697.4,3668.2,3690.3,20176,0,0
2014-02-26,3690.4,3701.4,3662.2,3677.4,20042,0,0
2014-02-27,3677.7,3704.2,3660.9,3704.2,23748,0,0
2014-02-28,3703.9,3722.4,3665.2,3697.9,22058,0,0
2014-03-03,3676.9,3679.8,3636.4,3669.2,35258,0,0
2014-03-04,3669.6,3722.2,3668.8,3716.7,25866,0,0
2014-03-05,3716.8,3732.4,3711.7,3729.9,17106,0,0
2014-03-06,3729.4,3737.2,3708.9,3723.3,17837,0,0
2014-03-07,3723.2,3739.9,3685.4,3704.2,23023,0,0
2014-03-10,3703.8,3710.7,3683.7,3708.6,20936,0,0
2014-03-11,3708.7,3725.4,3680.7,3686.4,20413,0,0
2014-03-12,3686.2,3708.7,3661.4,3708.2,22097,0,0
2014-03-13,3708.1,3721.4,3635.2,3653.4,28255,0,0
2014-03-14,3653.8,3659.7,3625.1,3626.2,28317,0,0
2014-03-17,3627.5,3678.6,3607.9,3659.4,25174,0,0
2014-03-18,3659.7,3707.9,3645.4,3702.1,21191,0,0
2014-03-19,3702.4,3711.2,3658.7,3675.9,22700,0,0
2014-03-20,3678.2,3703.4,3663.4,3698.1,24408,0,0
2014-03-21,3698.4,3719.5,3641.4,3649.8,24990,0,0
2014-03-24,3649.7,3664.4,3583.2,3621.6,29847,0,0
2014-03-25,3621.7,3659.9,3599.2,3632.2,28070,0,0
2014-03-26,3632.6,3655.4,3578.9,3583.7,30718,0,0
2014-03-27,3584.4,3593.4,3543.4,3565.4,36175,0,0
2014-03-28,3566.4,3608.7,3559.2,3571.3,25823,0,0
2014-03-31,3584.1,3618.7,3581.7,3590.4,24273,0,0
2014-04-01,3590.7,3659.1,3586.2,3658.4,19714,0,0
2014-04-02,3657.7,3674.9,3649.7,3667.2,21249,0,0
2014-04-03,3666.7,3675.8,3615.8,3641.4,23305,0,0
2014-04-04,3641.7,3664.2,3530.4,3548.1,36310,0,0
2014-04-07,3548.3,3550.2,3481.7,3507.2,37873,0,0
2014-04-08,3507.3,3542.9,3497.9,3535.8,32849,0,0
2014-04-09,3535.9,3601.4,3533.6,3601.1,25449,0,0
2014-04-10,3600.7,3606.8,3477.9,3492.7,37470,0,0
2014-04-11,3492.9,3501.2,3438.9,3450.4,45205,0,0
2014-04-14,3440.9,3492.4,3433.2,3478.6,35425,0,0
2014-04-15,3478.7,3508.2,3412.9,3506.7,42824,0,0
2014-04-16,3506.9,3531.8,3487.4,3508.7,38016,0,0
2014-04-17,3510.7,3550.4,3500.2,3534.2,29354,0,0
2014-04-18,3533.6,3533.6,3531.7,3531.8,60,0,0
2014-04-21,3534.7,3562.2,3524.9,3560.7,16779,0,0
2014-04-22,3560.9,3596.4,3553.7,3593.2,20022,0,0
2014-04-23,3592.9,3599.4,3553.7,3596.7,24830,0,0
2014-04-24,3598.4,3625.7,3551.7,3599.7,29138,0,0
2014-04-25,3599.4,3599.4,3524.2,3537.4,31295,0,0
2014-04-28,3537.3,3569.9,3488.4,3548.9,35383,0,0
2014-04-29,3549.3,3578.4,3537.7,3564.6,28321,0,0
2014-04-30,3564.2,3585.4,3546.2,3584.7,27888,0,0
2014-05-01,3585.4,3612.4,3578.2,3596.4,18929,0,0
2014-05-02,3598.2,3611.3,3576.7,3585.8,27707,0,0
2014-05-05,3586.8,3603.9,3554.4,3600.4,22684,0,0
2014-05-06,3600.9,3609.7,3553.4,3557.9,24302,0,0
2014-05-07,3558.7,3573.1,3504.4,3547.9,30771,0,0
2014-05-08,3547.7,3583.7,3522.7,3536.9,29073,0,0
2014-05-09,3537.4,3555.7,3514.2,3553.6,29552,0,0
2014-05-12,3553.2,3613.9,3553.1,3613.7,19000,0,0
2014-05-13,3613.9,3624.7,3604.4,3610.4,21785,0,0
2014-05-14,3609.9,3615.4,3584.1,3598.7,21238,0,0
2014-05-15,3599.2,3607.4,3541.4,3563.9,31967,0,0
2014-05-16,3564.2,3590.4,3544.2,3584.4,28227,0,0
2014-05-19,3589.4,3618.4,3566.4,3612.1,22598,0,0
2014-05-20,3612.2,3624.7,3585.7,3600.3,26749,0,0
2014-05-21,3599.9,3636.2,3594.4,3632.9,23122,0,0
2014-05-22,3632.6,3660.2,3631.7,3649.7,19304,0,0
2014-05-23,3649.8,3677.4,3645.7,3677.3,14013,0,0
2014-05-26,3679.2,3692.9,3678.2,3691.2,4021,0,0
2014-05-27,3689.7,3723.4,3686.7,3723.4,15314,0,0
2014-05-28,3723.2,3730.7,3708.2,3716.7,17114,0,0
2014-05-29,3716.9,3737.2,3713.4,3736.3,15402,0,0
2014-05-30,3736.4,3740.4,3715.8,3729.6,17835,0,0
2014-06-02,3735.4,3741.9,3708.2,3728.7,18427,0,0
2014-06-03,3728.9,3735.4,3714.1,3732.4,15912,0,0
2014-06-04,3732.8,3749.0,3713.7,3744.0,13924,0,0
2014-06-05,3743.5,3781.9,3734.0,3776.6,20926,0,0
2014-06-06,3776.3,3798.4,3775.8,3798.2,18722,0,0
2014-06-09,3798.9,3802.7,3783.0,3792.5,13928,0,0
2014-06-10,3792.4,3802.4,3784.7,3802.4,15814,0,0
2014-06-11,3802.7,3803.9,3778.7,3798.8,14854,0,0
2014-06-12,3798.7,3805.8,3751.4,3773.7,17977,0,0
2014-06-13,3773.4,3784.3,3759.9,3775.7,15552,0,0
2014-06-16,3775.8,3789.0,3755.9,3778.3,20521,0,0
2014-06-17,3778.4,3790.7,3768.6,3779.8,16652,0,0
2014-06-18,3779.6,3806.7,3763.0,3801.9,17436,0,0
2014-06-19,3802.2,3809.7,3781.3,3794.4,15159,0,0
2014-06-20,3794.7,3806.4,3791.8,3802.7,12907,0,0
2014-06-23,3800.1,3814.2,3793.4,3802.3,14210,0,0
2014-06-24,3802.2,3835.9,3789.4,3800.6,15317,0,0
2014-06-25,3800.4,3831.1,3791.2,3821.9,19090,0,0
2014-06-26,3821.6,3829.6,3796.9,3826.7,18487,0,0
2014-06-27,3826.8,3845.2,3816.2,3839.9,17153,0,0
2014-06-30,3839.2,3859.2,3835.4,3855.1,14281,0,0
2014-07-01,3855.2,3902.4,3853.1,3893.9,13862,0,0
2014-07-02,3893.8,3903.7,3890.7,3898.9,13498,0,0
2014-07-03,3899.1,3925.4,3895.8,3923.4,11974,0,0
2014-07-04,3921.8,3923.9,3919.2,3921.4,2164,0,0
2014-07-07,3920.7,3923.2,3903.3,3911.2,14156,0,0
2014-07-08,3911.4,3913.7,3846.9,3867.8,20325,0,0
2014-07-09,3868.2,3895.4,3861.9,3892.4,20056,0,0
2014-07-10,3892.7,3894.9,3836.9,3878.7,27097,0,0
2014-07-11,3878.6,3904.9,3877.4,3904.7,19448,0,0
2014-07-14,3904.4,3936.7,3903.9,3927.4,13698,0,0
2014-07-15,3927.2,3939.7,3886.2,3923.9,22008,0,0
2014-07-16,3924.4,3946.9,3919.3,3926.4,18351,0,0
2014-07-17,3926.9,3933.2,3865.4,3873.1,29626,0,0
2014-07-18,3873.6,3941.7,3860.4,3937.6,23827,0,0
2014-07-21,3937.4,3940.8,3915.9,3930.6,21141,0,0
2014-07-22,3929.8,3965.8,3929.8,3950.8,19000,0,0
2014-07-23,3949.8,3989.6,3949.8,3983.6,19055,0,0
2014-07-24,3984.1,3997.6,3969.4,3972.4,19587,0,0
2014-07-25,3971.9,3972.4,3943.4,3961.8,19862,0,0
2014-07-28,3961.4,3976.4,3935.7,3965.4,22190,0,0
2014-07-29,3964.2,3983.4,3954.8,3964.2,22304,0,0
2014-07-30,3962.9,3989.2,3959.7,3975.4,27318,0,0
2014-07-31,3975.7,3976.2,3886.9,3892.7,29397,0,0
2014-08-01,3893.1,3906.2,3853.4,3879.6,32517,0,0
2014-08-04,3879.4,3921.7,3873.4,3902.1,21747,0,0
2014-08-05,3901.9,3905.0,3857.1,3879.3,26889,0,0
2014-08-06,3879.0,3896.5,3847.4,3874.4,25633,0,0
2014-08-07,3871.9,3895.1,3843.6,3857.3,28061,0,0
2014-08-08,3859.0,3888.9,3829.4,3877.0,28734,0,0
2014-08-11,3876.3,3920.2,3876.3,3909.6,16320,0,0
2014-08-12,3909.4,3919.6,3885.9,3909.6,18715,0,0
2014-08-13,3910.2,3951.2,3905.2,3950.3,15308,0,0
2014-08-14,3950.1,3975.2,3941.9,3973.7,14709,0,0
2014-08-15,3974.4,3996.4,3949.4,3986.9,21628,0,0
2014-08-18,3995.9,4021.4,3994.4,4017.4,12996,0,0
2014-08-19,4015.6,4040.4,4015.4,4034.7,11497,0,0
2014-08-20,4034.6,4046.4,4028.9,4039.9,13221,0,0
2014-08-21,4040.2,4048.7,4032.9,4048.7,12205,0,0
2014-08-22,4048.8,4060.7,4036.7,4055.8,16102,0,0
2014-08-25,4056.1,4078.4,4056.1,4063.4,10604,0,0
2014-08-26,4063.3,4075.5,4061.7,4072.9,10905,0,0
2014-08-27,4073.0,4076.7,4063.5,4072.1,9579,0,0
2014-08-28,4072.2,4073.9,4054.2,4073.7,13478,0,0
2014-08-29,4073.4,4084.9,4061.1,4077.4,11092,0,0
2014-09-01,4077.3,4083.9,4075.1,4083.4,5262,0,0
2014-09-02,4081.1,4094.9,4077.4,4094.4,12868,0,0
2014-09-03,4094.7,4113.4,4062.0,4071.0,17436,0,0
2014-09-04,4071.5,4099.9,4055.4,4071.6,17677,0,0
2014-09-05,4071.7,4090.3,4051.2,4088.7,20642,0,0
2014-09-08,4086.3,4103.9,4074.7,4094.4,13270,0,0
2014-09-09,4094.3,4109.9,4052.9,4064.9,22553,0,0
2014-09-10,4064.4,4095.2,4053.8,4092.7,19053,0,0
2014-09-11,4092.8,4095.2,4059.2,4095.2,18276,0,0
2014-09-12,4095.1,4095.9,4056.4,4067.3,18362,0,0
2014-09-15,4067.2,4075.9,4017.2,4033.0,19442,0,0
2014-09-16,4033.5,4072.9,4011.2,4065.7,16204,0,0
2014-09-17,4065.6,4090.4,4046.4,4073.6,17355,0,0
2014-09-18,4073.7,4105.9,4067.7,4105.4,14597,0,0
2014-09-19,4104.7,4124.7,4082.2,4094.2,19788,0,0
2014-09-22,4095.7,4098.8,4043.4,4057.2,21116,0,0
2014-09-23,4057.1,4068.4,4035.6,4037.8,20042,0,0
2014-09-24,4037.1,4096.9,4035.7,4093.8,18270,0,0
2014-09-25,4094.7,4095.2,4005.4,4013.8,23725,0,0
2014-09-26,4013.7,4057.9,4009.4,4053.9,21616,0,0
2014-09-29,4053.2,4058.6,4005.7,4040.7,23957,0,0
2014-09-30,4040.1,4070.7,4030.9,4043.4,22355,0,0
2014-10-01,4043.3,4051.9,3971.2,3989.6,27587,0,0
2014-10-02,3989.7,3999.7,3933.9,3980.8,31254,0,0
2014-10-03,3980.9,4040.7,3976.9,4022.6,20317,0,0
2014-10-06,4022.8,4046.4,4002.4,4009.7,25207,0,0
2014-10-07,4009.4,4016.2,3955.2,3956.1,29209,0,0
2014-10-08,3956.3,4047.2,3936.2,4039.4,31546,0,0
2014-10-09,4039.3,4053.2,3953.4,3957.9,41324,0,0
2014-10-10,3957.6,3973.1,3857.7,3859.2,45519,0,0
2014-10-13,3855.7,3892.9,3801.7,3802.7,45255,0,0
2014-10-14,3801.7,3858.9,3799.4,3824.7,48450,0,0
2014-10-15,3824.6,3837.9,3698.4,3750.9,59159,0,0
2014-10-16,3751.4,3793.4,3691.4,3750.9,63621,0,0
2014-10-17,3751.1,3847.8,3749.8,3813.3,43241,0,0
2014-10-20,3813.2,3886.2,3801.2,3884.7,38537,0,0
2014-10-21,3884.6,3983.4,3854.1,3982.8,37102,0,0
2014-10-22,3983.6,3990.9,3947.2,3956.8,36645,0,0
2014-10-23,3956.7,4031.4,3946.9,4011.9,34271,0,0
2014-10-24,4011.6,4045.8,3977.9,4044.4,34854,0,0
2014-10-27,4043.3,4057.2,4017.2,4048.3,30890,0,0
2014-10-28,4048.1,4106.9,4045.1,4100.9,24387,0,0
2014-10-29,4100.6,4103.4,4062.1,4078.9,29912,0,0
2014-10-30,4078.2,4108.2,4050.0,4098.7,32298,0,0
2014-10-31,4099.4,4169.2,4096.0,4149.7,30773,0,0
2014-11-03,4153.3,4179.3,4147.9,4161.4,23629,0,0
2014-11-04,4161.7,4169.2,4124.9,4150.1,27037,0,0
2014-11-05,4149.9,4181.7,4138.9,4147.4,27391,0,0
2014-11-06,4147.6,4168.9,4132.7,4167.9,25934,0,0
2014-11-07,4167.8,4180.6,4137.6,4153.5,24126,0,0
2014-11-10,4153.3,4179.7,4145.2,4172.3,19556,0,0
2014-11-11,4172.4,4187.4,4162.9,4185.3,16171,0,0
2014-11-12,4185.7,4199.7,4167.7,4195.2,19102,0,0
2014-11-13,4195.4,4227.9,4192.7,4205.3,24840,0,0
2014-11-14,4205.9,4225.4,4196.9,4225.4,24675,0,0
2014-11-17,4223.4,4225.7,4193.2,4214.2,24428,0,0
2014-11-18,4211.8,4247.7,4201.9,4238.2,18757,0,0
2014-11-19,4238.4,4241.4,4203.4,4224.4,21367,0,0
2014-11-20,4223.1,4246.7,4200.9,4244.9,20725,0,0
2014-11-21,4245.1,4283.2,4235.9,4248.2,25329,0,0
2014-11-24,4249.2,4284.9,4246.6,4281.4,17210,0,0
2014-11-25,4281.7,4301.7,4275.4,4292.8,20226,0,0
2014-11-26,4292.9,4321.2,4286.1,4320.2,16704,0,0
2014-11-27,4320.6,4329.4,4309.9,4329.2,5690,0,0
2014-11-28,4325.2,4346.1,4316.2,4336.1,14309,0,0
2014-12-01,4328.0,4333.6,4271.8,4284.2,36567,0,0
2014-12-02,4284.4,4312.2,4283.4,4306.2,27928,0,0
2014-12-03,4306.4,4317.9,4285.6,4310.6,21996,0,0
2014-12-04,4310.7,4326.9,4291.4,4312.7,25346,0,0
2014-12-05,4312.6,4325.2,4301.4,4312.8,17986,0,0
2014-12-08,4312.9,4318.9,4257.4,4281.1,25169,0,0
2014-12-09,4280.6,4296.4,4215.1,4290.9,34972,0,0
2014-12-10,4289.8,4296.2,4217.6,4225.4,40860,0,0
2014-12-11,4224.6,4296.5,4218.5,4226.3,39685,0,0
2014-12-12,4226.5,4252.8,4186.4,4189.4,40209,0,0
2014-12-15,4188.8,4235.8,4143.1,4157.9,54238,0,0
2014-12-16,4161.9,4189.6,4082.9,4089.7,37228,0,0
2014-12-17,4090.3,4174.7,4084.9,4162.1,25186,0,0
2014-12-18,4162.4,4274.1,4152.9,4273.7,22330,0,0
2014-12-19,4273.2,4304.9,4258.2,4282.8,39624,0,0
2014-12-22,4284.0,4300.2,4276.7,4287.8,25949,0,0
2014-12-23,4288.6,4306.9,4272.4,4277.1,22552,0,0
2014-12-24,4275.7,4295.7,4274.1,4280.5,8001,0,0
2014-12-26,4281.6,4321.4,4281.5,4312.4,7681,0,0
2014-12-29,4312.2,4320.3,4297.8,4317.4,19809,0,0
2014-12-30,4317.6,4318.4,4275.9,4285.2,19850,0,0
2014-12-31,4283.9,4306.9,4231.2,4236.9,15913,0,0
2015-01-02,4236.8,4275.7,4204.4,4220.0,37980,0,0
2015-01-05,4220.1,4223.9,4149.7,4170.7,48020,0,0
2015-01-06,4170.8,4176.7,4087.7,4104.9,56800,0,0
2015-01-07,4105.1,4169.3,4103.9,4159.3,47971,0,0
2015-01-08,4158.9,4247.7,4158.2,4235.8,34634,0,0
2015-01-09,4236.9,4257.4,4186.7,4207.2,45005,0,0
2015-01-12,4207.6,4232.9,4157.0,4175.0,41979,0,0
2015-01-13,4175.1,4253.7,4131.7,4169.4,48725,0,0
2015-01-14,4169.2,4173.6,4106.3,4155.4,63741,0,0
2015-01-15,4155.3,4195.7,4084.1,4084.9,68501,0,0
2015-01-16,4085.0,4143.4,4047.6,4142.4,53544,0,0
2015-01-19,4144.1,4160.9,4119.2,4132.6,19262,0,0
2015-01-20,4133.6,4181.2,4115.2,4171.6,48790,0,0
2015-01-21,4172.9,4211.2,4142.9,4190.8,47263,0,0
2015-01-22,4190.6,4274.4,4170.9,4274.4,46695,0,0
2015-01-23,4273.9,4291.7,4256.3,4271.2,39142,0,0
2015-01-26,4271.0,4283.7,4237.2,4274.9,38816,0,0
2015-01-27,4275.1,4277.9,4149.2,4216.7,47691,0,0
2015-01-28,4216.0,4240.9,4125.8,4130.6,54500,0,0
2015-01-29,4131.7,4203.4,4101.8,4202.4,54806,0,0
2015-01-30,4201.9,4213.3,4142.9,4147.9,55366,0,0
2015-02-02,4147.7,4194.9,4092.7,4188.9,55709,0,0
2015-02-03,4188.7,4229.0,4172.1,4219.3,49333,0,0
2015-02-04,4218.8,4248.2,4193.3,4198.4,45240,0,0
2015-02-05,4198.1,4257.1,4183.0,4255.4,42588,0,0
2015-02-06,4255.6,4270.8,4212.4,4234.3,38766,0,0
2015-02-09,4234.2,4234.4,4204.2,4219.9,40279,0,0
2015-02-10,4219.5,4286.7,4213.8,4281.4,34639,0,0
2015-02-11,4281.6,4323.8,4274.3,4314.4,32366,0,0
2015-02-12,4315.5,4348.4,4288.1,4345.2,35774,0,0
2015-02-13,4344.9,4383.4,4343.2,4380.7,24298,0,0
2015-02-16,4380.8,4389.7,4370.9,4376.3,8385,0,0
2015-02-17,4366.9,4387.4,4364.9,4384.4,26983,0,0
2015-02-18,4384.2,4392.9,4373.2,4388.5,23347,0,0
2015-02-19,4388.7,4416.5,4375.6,4416.4,23270,0,0
2015-02-20,4415.7,4444.3,4395.6,4440.7,28686,0,0
2015-02-23,4440.6,4449.2,4429.9,4446.1,19841,0,0
2015-02-24,4446.2,4455.2,4427.3,4450.0,21306,0,0
2015-02-25,4449.7,4460.2,4429.0,4437.5,20029,0,0
2015-02-26,4437.0,4463.4,4431.0,4461.3,25397,0,0
2015-02-27,4461.8,4461.8,4435.3,4446.5,22009,0,0
2015-03-02,4446.7,4482.0,4446.6,4477.4,20096,0,0
2015-03-03,4477.9,4478.5,4432.1,4457.3,23399,0,0
2015-03-04,4457.2,4457.8,4418.9,4443.2,26507,0,0
2015-03-05,4443.1,4464.3,4432.4,4450.1,24131,0,0
2015-03-06,4449.9,4458.9,4389.1,4407.4,31528,0,0
2015-03-09,4407.6,4424.0,4391.3,4412.7,29179,0,0
2015-03-10,4412.6,4414.5,4328.0,4333.4,35192,0,0
2015-03-11,4333.6,4346.6,4303.2,4310.9,31950,0,0
2015-03-12,4311.0,4338.3,4297.7,4332.7,28110,0,0
2015-03-13,4332.5,4346.3,4287.3,4312.1,32071,0,0
2015-03-16,4312.0,4370.6,4298.1,4358.4,23447,0,0
2015-03-17,4358.0,4384.1,4347.6,4377.8,26262,0,0
2015-03-18,4377.3,4440.7,4342.7,4429.3,32802,0,0
2015-03-19,4428.7,4441.1,4418.2,4427.4,30521,0,0
2015-03-20,4426.4,4478.2,4422.3,4452.9,24074,0,0
2015-03-23,4452.8,4467.3,4443.2,4444.8,23655,0,0
2015-03-24,4444.6,4467.4,4430.8,4436.2,25911,0,0
2015-03-25,4436.3,4444.9,4326.8,4332.7,32885,0,0
2015-03-26,4333.3,4338.9,4276.4,4321.4,40930,0,0
2015-03-27,4321.8,4341.4,4305.4,4332.2,33945,0,0
2015-03-30,4331.9,4386.2,4324.1,4377.2,28641,0,0
2015-03-31,4376.4,4381.5,4326.9,4329.3,31721,0,0
2015-04-01,4328.4,4340.3,4268.9,4320.7,42645,0,0
2015-04-02,4320.2,4327.3,4295.3,4315.7,29468,0,0
2015-04-03,4314.8,4320.3,4268.9,4270.3,3952,0,0
2015-04-06,4274.0,4361.2,4271.8,4346.9,17916,0,0
2015-04-07,4346.7,4378.7,4336.9,4340.8,23271,0,0
2015-04-08,4340.9,4383.1,4334.2,4382.6,30675,0,0
2015-04-09,4382.7,4407.1,4359.1,4404.4,28453,0,0
2015-04-10,4404.6,4422.2,4392.1,4420.9,21006,0,0
2015-04-13,4421.7,4447.7,4406.0,4409.5,22930,0,0
2015-04-14,4409.6,4420.6,4373.5,4402.8,27392,0,0
2015-04-15,4402.9,4435.2,4395.0,4430.0,23544,0,0
2015-04-16,4430.1,4435.6,4404.6,4421.1,25413,0,0
2015-04-17,4420.9,4424.2,4331.6,4354.6,34176,0,0
2015-04-20,4365.2,4423.9,4359.9,4413.7,24254,0,0
2015-04-21,4412.1,4449.7,4410.3,4436.9,27074,0,0
2015-04-22,4436.7,4465.9,4405.2,4444.4,30681,0,0
2015-04-23,4444.7,4503.1,4424.4,4500.1,30932,0,0
2015-04-24,4500.2,4542.7,4495.9,4536.7,27416,0,0
2015-04-27,4539.3,4561.7,4515.7,4530.1,15989,0,0
2015-04-28,4529.9,4536.6,4477.4,4520.4,32906,0,0
2015-04-29,4520.3,4520.3,4462.0,4479.5,38450,0,0
2015-04-30,4479.9,4483.8,4392.9,4420.9,42195,0,0
2015-05-01,4420.8,4477.2,4416.1,4474.9,22416,0,0
2015-05-04,4477.6,4509.9,4463.6,4480.9,27722,0,0
2015-05-05,4479.7,4485.6,4405.4,4416.4,38068,0,0
2015-05-06,4416.3,4429.6,4348.7,4380.3,41696,0,0
2015-05-07,4380.1,4413.4,4337.2,4404.5,39795,0,0
2015-05-08,4405.0,4465.7,4405.0,4452.1,29030,0,0
2015-05-11,4454.7,4467.4,4429.8,4432.3,26886,0,0
2015-05-12,4432.2,4442.0,4377.7,4426.0,37032,0,0
2015-05-13,4425.8,4462.0,4421.2,4430.7,32395,0,0
2015-05-14,4430.8,4495.7,4416.6,4492.7,23465,0,0
2015-05-15,4492.5,4510.1,4481.2,4494.0,24431,0,0
2015-05-18,4493.9,4520.5,4473.6,4511.7,22674,0,0
2015-05-19,4512.0,4526.7,4497.6,4501.1,22802,0,0
2015-05-20,4501.3,4528.7,4483.3,4503.2,22346,0,0
2015-05-21,4502.4,4536.9,4487.6,4529.7,18636,0,0
2015-05-22,4529.6,4543.2,4522.7,4528.4,17979,0,0
2015-05-25,4529.5,4537.9,4518.8,4526.0,2703,0,0
2015-05-26,4527.7,4529.2,4456.2,4481.3,30097,0,0
2015-05-27,4482.3,4550.8,4474.3,4540.2,22688,0,0
2015-05-28,4540.4,4547.3,4521.9,4543.7,27336,0,0
2015-05-29,4543.9,4545.2,4497.6,4516.7,30046,0,0
2015-06-01,4514.7,4538.7,4487.1,4525.1,32676,0,0
2015-06-02,4525.4,4530.9,4481.4,4502.7,33430,0,0
2015-06-03,4502.6,4540.2,4501.4,4526.3,32078,0,0
2015-06-04,4526.2,4527.8,4473.0,4495.0,40527,0,0
2015-06-05,4495.9,4505.7,4449.3,4481.9,37186,0,0
2015-06-08,4480.6,4483.4,4422.4,4436.2,34820,0,0
2015-06-09,4436.7,4441.2,4390.6,4432.3,35456,0,0
2015-06-10,4432.1,4498.0,4430.6,4488.0,24896,0,0
2015-06-11,4488.2,4511.7,4479.5,4491.3,28081,0,0
2015-06-12,4492.2,4492.4,4447.2,4454.9,24935,0,0
2015-06-15,4442.8,4444.1,4393.6,4435.4,31006,0,0
2015-06-16,4434.4,4464.1,4403.9,4459.1,27550,0,0
2015-06-17,4459.4,4482.2,4439.3,4459.1,28453,0,0
2015-06-18,4458.9,4540.6,4446.7,4535.7,28462,0,0
2015-06-19,4535.9,4545.1,4503.2,4508.3,22202,0,0
2015-06-22,4517.2,4557.7,4516.8,4542.2,27502,0,0
2015-06-23,4542.1,4554.1,4528.4,4547.9,22030,0,0
2015-06-24,4548.0,4561.1,4520.9,4525.9,29553,0,0
2015-06-25,4525.7,4553.4,4506.7,4512.2,28712,0,0
2015-06-26,4513.7,4523.2,4467.1,4488.8,30935,0,0
2015-06-29,4427.5,4458.4,4376.7,4390.7,48604,0,0
2015-06-30,4390.9,4420.1,4380.3,4402.3,48358,0,0
2015-07-01,4402.4,4449.7,4397.2,4431.1,37211,0,0
2015-07-02,4430.9,4448.8,4415.8,4436.0,27829,0,0
2015-07-03,4436.1,4443.2,4419.3,4424.3,12903,0,0
2015-07-06,4374.3,4444.1,4350.4,4434.6,43830,0,0
2015-07-07,4434.4,4455.4,4342.0,4429.2,49935,0,0
2015-07-08,4429.0,4430.8,4344.5,4354.5,56214,0,0
2015-07-09,4355.1,4415.7,4339.3,4347.8,47204,0,0
2015-07-10,4348.3,4433.4,4346.7,4416.9,35579,0,0
2015-07-13,4389.4,4498.4,4382.2,4493.9,34661,0,0
2015-07-14,4494.6,4536.7,4491.8,4527.4,20335,0,0
2015-07-15,4528.3,4546.4,4516.1,4542.5,25567,0,0
2015-07-16,4542.6,4614.8,4537.9,4613.3,22599,0,0
2015-07-17,4612.3,4660.7,4612.3,4658.6,21202,0,0
2015-07-20,4656.3,4693.7,4655.0,4678.6,19896,0,0
2015-07-21,4678.5,4691.0,4622.1,4628.0,27721,0,0
2015-07-22,4627.8,4643.2,4596.0,4629.0,31594,0,0
2015-07-23,4629.1,4641.6,4591.2,4639.5,32728,0,0
2015-07-24,4639.4,4645.7,4551.5,4569.7,33134,0,0
2015-07-27,4569.0,4574.9,4510.6,4526.5,39061,0,0
2015-07-28,4526.4,4568.2,4504.0,4565.7,38283,0,0
2015-07-29,4566.2,4586.6,4551.0,4572.6,38958,0,0
2015-07-30,4575.4,4606.3,4538.3,4602.5,34508,0,0
2015-07-31,4602.4,4616.3,4583.8,4591.7,34030,0,0
2015-08-03,4590.9,4606.8,4548.3,4580.9,38801,0,0
2015-08-04,4580.7,4588.7,4550.7,4561.8,40229,0,0
2015-08-05,4562.1,4635.2,4557.1,4600.8,34576,0,0
2015-08-06,4599.5,4613.7,4507.4,4531.6,36436,0,0
2015-08-07,4531.5,4537.9,4484.7,4520.3,39051,0,0
2015-08-10,4518.0,4583.2,4517.2,4579.9,30157,0,0
2015-08-11,4581.2,4587.7,4489.4,4517.7,45330,0,0
2015-08-12,4517.9,4538.8,4435.6,4535.8,59997,0,0
2015-08-13,4535.4,4560.6,4512.7,4521.7,41486,0,0
2015-08-14,4520.9,4536.8,4502.2,4535.6,33737,0,0
2015-08-17,4535.5,4570.8,4506.7,4567.0,32571,0,0
2015-08-18,4564.8,4574.5,4534.7,4543.1,35401,0,0
2015-08-19,4543.9,4553.0,4484.5,4505.5,48282,0,0
2015-08-20,4505.4,4513.9,4361.6,4365.3,53699,0,0
2015-08-21,4365.1,4369.5,4196.2,4196.6,79322,0,0
2015-08-24,4196.3,4198.9,3905.2,4013.3,112995,0,0
2015-08-25,4012.5,4207.3,4000.7,4021.2,115890,0,0
2015-08-26,4024.9,4231.9,3962.1,4211.9,124987,0,0
2015-08-27,4212.0,4333.7,4208.6,4329.1,86643,0,0
2015-08-28,4328.6,4342.9,4284.2,4327.2,80107,0,0
2015-08-31,4325.5,4329.8,4260.7,4268.7,69206,0,0
2015-09-01,4268.8,4269.7,4120.3,4152.4,100649,0,0
2015-09-02,4152.6,4265.2,4137.4,4262.3,87774,0,0
2015-09-03,4263.6,4305.6,4221.2,4232.0,73865,0,0
2015-09-04,4232.4,4238.1,4156.4,4192.5,81057,0,0
2015-09-07,4182.6,4244.4,4182.5,4210.9,27307,0,0
2015-09-08,4217.2,4305.7,4209.7,4300.1,55747,0,0
2015-09-09,4300.3,4369.9,4240.7,4256.4,66167,0,0
2015-09-10,4255.4,4327.2,4227.3,4298.7,76383,0,0
2015-09-11,4296.9,4329.0,4259.4,4328.5,53073,0,0
2015-09-14,4328.1,4357.0,4292.2,4307.9,50990,0,0
2015-09-15,4308.0,4372.4,4290.5,4362.6,44859,0,0
2015-09-16,4361.7,4391.2,4343.8,4387.2,41764,0,0
2015-09-17,4387.6,4450.2,4366.2,4377.6,53634,0,0
2015-09-18,4377.8,4391.6,4309.1,4332.4,65622,0,0
2015-09-21,4332.9,4372.4,4297.7,4354.4,57345,0,0
2015-09-22,4354.2,4356.3,4232.1,4273.9,65014,0,0
2015-09-23,4274.3,4303.6,4232.9,4279.9,57285,0,0
2015-09-24,4279.4,4289.6,4196.9,4258.6,74585,0,0
2015-09-25,4258.7,4326.2,4197.2,4216.2,70599,0,0
2015-09-28,4214.2,4249.8,4090.7,4110.9,74052,0,0
2015-09-29,4112.6,4154.9,4051.9,4083.9,81002,0,0
2015-09-30,4083.8,4179.9,4076.9,4164.6,65665,0,0
2015-10-01,4164.8,4236.3,4126.9,4202.2,75430,0,0
2015-10-02,4201.5,4273.7,4121.9,4272.8,72154,0,0
2015-10-05,4267.8,4339.2,4261.2,4320.4,53609,0,0
2015-10-06,4322.3,4331.7,4272.9,4290.4,60761,0,0
2015-10-07,4291.8,4342.8,4277.4,4336.4,65524,0,0
2015-10-08,4332.5,4357.2,4274.2,4351.2,62873,0,0
2015-10-09,4351.4,4378.4,4333.7,4366.6,48968,0,0
2015-10-12,4363.4,4390.4,4355.4,4387.2,39156,0,0
2015-10-13,4386.1,4399.9,4347.3,4349.1,45413,0,0
2015-10-14,4349.6,4374.2,4327.6,4340.2,51503,0,0
2015-10-15,4340.3,4420.5,4340.3,4420.3,51116,0,0
2015-10-16,4420.5,4447.4,4404.8,4447.2,42694,0,0
2015-10-19,4442.8,4464.0,4419.8,4462.7,43440,0,0
2015-10-20,4462.8,4464.4,4423.1,4432.1,43275,0,0
2015-10-21,4432.5,4464.9,4402.9,4413.1,52702,0,0
2015-10-22,4413.8,4573.1,4409.9,4571.3,53545,0,0
2015-10-23,4572.9,4644.8,4569.8,4618.8,55226,0,0
2015-10-26,4620.8,4638.3,4600.1,4627.3,44802,0,0
2015-10-27,4626.3,4659.4,4609.7,4651.7,45280,0,0
2015-10-28,4649.7,4685.6,4608.7,4675.1,51076,0,0
2015-10-29,4674.9,4677.6,4650.2,4672.7,41750,0,0
2015-10-30,4672.1,4697.8,4644.2,4654.4,43336,0,0
2015-11-02,4653.4,4707.0,4633.2,4695.8,35290,0,0
2015-11-03,4696.7,4734.8,4684.7,4719.3,36185,0,0
2015-11-04,4719.9,4736.3,4697.9,4715.1,47999,0,0
2015-11-05,4717.3,4731.7,4677.7,4704.2,46877,0,0
2015-11-06,4703.4,4712.6,4663.1,4705.9,52106,0,0
2015-11-09,4700.2,4713.4,4625.9,4650.9,47364,0,0
2015-11-10,4653.1,4666.0,4616.4,4645.3,46730,0,0
2015-11-11,4645.2,4678.4,4629.4,4635.3,42340,0,0
2015-11-12,4635.4,4655.4,4583.4,4588.4,48376,0,0
2015-11-13,4585.1,4592.6,4487.6,4490.5,56567,0,0
2015-11-16,4490.9,4566.9,4456.4,4564.4,59441,0,0
2015-11-17,4563.9,4597.4,4551.4,4570.9,50351,0,0
2015-11-18,4569.4,4656.3,4555.9,4650.8,47624,0,0
2015-11-19,4650.6,4677.6,4646.4,4660.9,42633,0,0
2015-11-20,4660.4,4691.7,4652.9,4690.2,39214,0,0
2015-11-23,4689.8,4706.5,4653.8,4674.3,38722,0,0
2015-11-24,4674.4,4684.5,4620.1,4665.6,46820,0,0
2015-11-25,4665.1,4684.1,4659.3,4677.6,31468,0,0
2015-11-26,4677.8,4703.1,4677.8,4695.1,11791,0,0
2015-11-27,4694.3,4698.4,4664.4,4683.8,27390,0,0
2015-11-30,4683.4,4699.8,4652.6,4678.9,35691,0,0
2015-12-01,4678.7,4715.7,4675.7,4714.4,35579,0,0
2015-12-02,4714.0,4739.2,4678.2,4697.7,43041,0,0
2015-12-03,4697.4,4729.7,4578.6,4615.7,65250,0,0
2015-12-04,4615.6,4722.2,4602.7,4713.7,59523,0,0
2015-12-07,4720.3,4728.9,4670.2,4700.3,55505,0,0
2015-12-08,4701.7,4708.9,4640.8,4692.3,60777,0,0
2015-12-09,4691.7,4707.1,4593.4,4623.4,72116,0,0
2015-12-10,4624.0,4673.9,4618.5,4644.9,59994,0,0
2015-12-11,4645.5,4658.5,4528.3,4535.8,56949,0,0
2015-12-14,4533.3,4578.7,4477.0,4571.6,36214,0,0
2015-12-15,4570.8,4636.7,4566.2,4606.7,26627,0,0
2015-12-16,4605.9,4673.0,4581.3,4655.3,25730,0,0
2015-12-17,4653.1,4687.3,4568.5,4572.8,25559,0,0
2015-12-18,4571.7,4591.8,4509.7,4516.7,29746,0,0
2015-12-21,4520.4,4577.6,4518.2,4577.0,25075,0,0
2015-12-22,4577.3,4600.6,4548.0,4596.1,23841,0,0
2015-12-23,4595.9,4626.4,4589.4,4613.9,18696,0,0
2015-12-24,4613.4,4634.9,4607.3,4615.3,9228,0,0
2015-12-28,4615.9,4625.7,4576.9,4623.2,17027,0,0
2015-12-29,4623.8,4702.3,4616.4,4694.4,15822,0,0
2015-12-30,4694.8,4699.0,4648.5,4651.9,15983,0,0
2015-12-31,4653.9,4659.5,4585.4,4598.5,16434,0,0
2016-01-04,4597.4,4611.2,4436.9,4513.2,31288,0,0
2016-01-05,4513.1,4530.2,4464.8,4488.2,29540,0,0
2016-01-06,4488.4,4494.8,4393.8,4457.4,32603,0,0
2016-01-07,4455.9,4466.1,4291.2,4299.2,37517,0,0
2016-01-08,4300.6,4377.2,4264.2,4270.3,37628,0,0
2016-01-11,4271.1,4311.7,4216.4,4278.3,37098,0,0
2016-01-12,4276.3,4352.9,4244.1,4316.9,34635,0,0
2016-01-13,4314.8,4372.0,4175.0,4185.5,34643,0,0
2016-01-14,4186.3,4307.6,4131.9,4257.3,37286,0,0
2016-01-15,4256.4,4275.9,4083.7,4152.1,39511,0,0
2016-01-18,4134.2,4185.2,4115.4,4140.7,25743,0,0
2016-01-19,4142.7,4223.7,4099.1,4149.1,36804,0,0
2016-01-20,4148.2,4177.8,3991.2,4135.6,41182,0,0
2016-01-21,4135.7,4200.6,4093.3,4137.9,42631,0,0
2016-01-22,4138.7,4260.1,4127.6,4253.9,35448,0,0
2016-01-25,4254.9,4267.4,4187.9,4197.5,33276,0,0
2016-01-26,4198.6,4251.2,4141.8,4218.3,33796,0,0
2016-01-27,4218.4,4226.4,4110.0,4150.4,34869,0,0
2016-01-28,4150.9,4150.9,4150.9,4150.9,1,0,0
2016-01-29,4156.4,4156.4,4156.4,4156.4,1,0,0
2016-02-02,4293.4,4293.4,4293.4,4293.4,1,0,0
2016-02-03,4196.7,4196.7,4196.7,4196.7,1,0,0
2016-02-04,4179.1,4179.1,4179.1,4179.1,1,0,0
2016-02-05,4151.9,4151.9,4151.9,4151.9,1,0,0
2016-02-09,3967.5,3967.5,3967.5,3967.5,1,0,0
2016-02-10,3946.3,3946.3,3946.3,3946.3,1,0,0
2016-02-11,3967.2,3967.2,3967.2,3967.2,1,0,0
2016-02-12,3966.0,3966.0,3966.0,3966.0,1,0,0
2016-02-17,4092.9,4092.9,4092.9,4092.9,1,0,0
2016-02-18,4210.8,4210.8,4210.8,4210.8,1,0,0
2016-02-19,4160.3,4160.3,4160.3,4160.3,1,0,0
2016-02-22,4161.9,4161.9,4161.9,4161.9,1,0,0
2016-02-23,4208.4,4208.4,4208.4,4208.4,1,0,0
2016-02-24,4156.4,4156.4,4156.4,4156.4,1,0,0
2016-02-25,4219.1,4219.1,4219.1,4219.1,1,0,0
2016-02-26,4247.2,4247.2,4247.2,4247.2,1,0,0
2016-03-01,4199.6,4199.6,4199.6,4199.6,1,0,0
2016-03-02,4337.8,4337.8,4337.8,4337.8,1,0,0
2016-03-03,4326.9,4326.9,4326.9,4326.9,1,0,0
2016-03-04,4324.7,4324.7,4324.7,4324.7,1,0,0
2016-03-08,4303.4,4303.4,4303.4,4303.4,1,0,0
2016-03-09,4274.0,4274.0,4274.0,4274.0,1,0,0
2016-03-10,4294.0,4294.9,4293.9,4294.9,3,0,0
2016-03-11,4288.0,4288.0,4287.4,4287.4,2,0,0
2016-03-14,4356.4,4356.4,4356.4,4356.4,1,0,0
2016-03-15,4365.4,4365.4,4365.4,4365.4,1,0,0
2016-03-16,4368.5,4370.4,4368.5,4370.4,2,0,0
2016-03-17,4397.5,4397.5,4397.5,4397.5,1,0,0
2016-03-18,4403.7,4403.7,4403.7,4403.7,1,0,0
2016-03-22,4424.8,4424.8,4424.8,4424.8,1,0,0
2016-03-23,4445.0,4445.0,4445.0,4445.0,1,0,0
2016-03-24,4403.8,4404.8,4403.8,4404.8,2,0,0
2016-03-29,4397.4,4398.4,4397.4,4398.4,2,0,0
2016-03-30,4470.5,4470.5,4470.5,4470.5,1,0,0
2016-03-31,4488.2,4488.2,4488.2,4488.2,1,0,0
2016-04-01,4484.8,4484.8,4484.8,4484.8,1,0,0
2016-04-05,4506.7,4506.7,4506.7,4506.7,1,0,0
2016-04-06,4482.1,4482.1,4481.6,4481.6,2,0,0
2016-04-07,4540.0,4540.0,4540.0,4540.0,1,0,0
2016-04-08,4473.5,4473.5,4473.5,4473.5,1,0,0
2016-04-12,4452.4,4453.2,4452.4,4453.2,2,0,0
2016-04-14,4552.4,4552.4,4552.4,4552.4,1,0,0
2016-04-15,4552.9,4552.9,4552.9,4552.9,1,0,0
2016-04-19,4556.4,4557.2,4556.4,4557.2,2,0,0
2016-04-20,4537.5,4537.5,4537.5,4537.5,1,0,0
2016-04-22,4503.3,4503.3,4503.3,4503.3,1,0,0
2016-04-26,4480.4,4480.4,4480.4,4480.4,1,0,0
2016-04-27,4417.5,4417.5,4417.5,4417.5,1,0,0
2016-04-28,4440.0,4440.0,4439.4,4439.4,2,0,0
2016-04-29,4391.3,4391.3,4391.3,4391.3,1,0,0
2016-05-03,4379.9,4379.9,4379.9,4379.9,1,0,0
2016-05-04,4345.0,4345.0,4345.0,4345.0,1,0,0
2016-05-05,4315.9,4315.9,4315.9,4315.9,1,0,0
2016-05-06,4302.8,4302.8,4302.8,4302.8,1,0,0
2016-05-10,4340.2,4340.2,4340.2,4340.2,1,0,0
2016-05-12,4356.3,4357.5,4356.3,4357.5,2,0,0
2016-05-13,4341.2,4341.7,4341.2,4341.7,2,0,0
2016-05-17,4376.6,4376.6,4376.6,4376.6,1,0,0
2016-05-18,4322.2,4322.2,4322.2,4322.2,1,0,0
2016-05-19,4337.0,4337.0,4337.0,4337.0,1,0,0
2016-05-20,4319.3,4319.3,4319.3,4319.3,1,0,0
2016-05-24,4353.4,4353.4,4353.4,4353.4,1,0,0
2016-05-25,4446.8,4447.5,4446.8,4447.5,2,0,0
2016-05-26,4477.5,4477.5,4477.5,4477.5,1,0,0
2016-05-27,4493.1,4493.1,4493.1,4493.1,1,0,0
2016-06-01,4521.5,4522.3,4521.5,4522.3,2,0,0
2016-06-02,4520.9,4520.9,4520.9,4520.9,1,0,0
2016-06-03,4530.2,4530.2,4530.2,4530.2,1,0,0
2016-06-07,4524.8,4524.8,4524.8,4524.8,1,0,0
2016-06-08,4511.9,4511.9,4511.9,4511.9,1,0,0
2016-06-10,4512.5,4512.8,4512.5,4512.8,2,0,0
2016-06-14,4419.2,4420.9,4419.2,4420.9,2,0,0
2016-06-15,4421.9,4421.9,4421.9,4421.9,1,0,0
2016-06-16,4409.0,4409.0,4408.9,4408.9,2,0,0
2016-06-17,4420.7,4420.7,4420.7,4420.7,1,0,0
2016-06-21,4411.7,4412.3,4411.7,4412.3,2,0,0
2016-06-22,4405.0,4405.0,4401.1,4401.1,2,0,0
2016-06-23,4401.4,4402.4,4398.5,4398.5,3,0,0
2016-06-24,4485.3,4485.5,4483.0,4485.5,4,0,0
2016-06-27,4243.0,4247.0,4243.0,4247.0,2,0,0
2016-06-28,4182.4,4182.8,4178.3,4178.3,3,0,0
2016-06-29,4291.5,4291.5,4291.5,4291.5,1,0,0
2016-06-30,4387.0,4387.0,4384.9,4384.9,2,0,0
2016-07-01,4407.3,4407.3,4407.3,4407.3,1,0,0
2016-07-06,4413.7,4413.7,4413.7,4413.7,1,0,0
2016-07-07,4442.9,4442.9,4442.9,4442.9,1,0,0
2016-07-08,4457.2,4457.2,4457.2,4457.2,1,0,0
2016-07-12,4555.4,4555.4,4555.4,4555.4,1,0,0
2016-07-13,4575.9,4575.9,4575.9,4575.9,1,0,0
2016-07-14,4565.1,4565.6,4565.1,4565.6,2,0,0
2016-07-15,4592.3,4592.3,4592.3,4592.3,1,0,0
2016-07-18,4564.4,4568.1,4564.4,4568.1,3,0,0
2016-07-19,4612.1,4612.1,4612.1,4612.1,1,0,0
2016-07-20,4612.7,4612.7,4609.5,4609.5,2,0,0
2016-07-22,4644.6,4645.0,4644.6,4645.0,2,0,0
2016-07-26,4663.9,4664.2,4663.9,4664.2,2,0,0
2016-07-27,4691.4,4691.4,4691.4,4691.4,1,0,0
2016-07-28,4717.1,4717.1,4717.1,4717.1,1,0,0
2016-08-02,4754.1,4754.1,4754.1,4754.1,1,0,0
2016-08-03,4720.2,4720.2,4720.2,4720.2,1,0,0
2016-08-04,4731.0,4731.0,4731.0,4731.0,1,0,0
2016-08-05,4748.1,4748.1,4748.1,4748.1,1,0,0
2016-08-09,4782.1,4782.1,4782.1,4782.1,1,0,0
2016-08-10,4795.0,4795.0,4795.0,4795.0,1,0,0
2016-08-11,4782.7,4782.7,4782.7,4782.7,1,0,0
2016-08-12,4802.7,4802.7,4802.6,4802.6,2,0,0
2016-08-16,4825.6,4825.6,4825.6,4825.6,1,0,0
2016-08-17,4801.2,4801.2,4801.2,4801.2,1,0,0
2016-08-18,4807.0,4807.0,4807.0,4807.0,1,0,0
2016-08-19,4807.8,4807.8,4807.8,4807.8,1,0,0
2016-08-23,4811.2,4812.2,4811.2,4812.2,2,0,0
2016-08-24,4817.7,4817.7,4817.7,4817.7,1,0,0
2016-08-25,4784.3,4784.3,4784.3,4784.3,1,0,0
2016-08-26,4781.1,4781.1,4781.1,4781.1,1,0,0
2016-08-30,4793.7,4793.7,4793.7,4793.7,1,0,0
2016-08-31,4775.8,4775.8,4775.8,4775.8,1,0,0
2016-09-01,4770.7,4770.7,4770.7,4770.7,1,0,0
2016-09-02,4773.9,4773.9,4773.9,4773.9,1,0,0
2016-09-07,4829.5,4829.5,4829.5,4829.5,1,0,0
2016-09-08,4828.0,4828.6,4828.0,4828.6,2,0,0
2016-09-09,4796.1,4796.1,4796.1,4796.1,1,0,0
2016-09-13,4766.0,4766.0,4766.0,4766.0,1,0,0
2016-09-14,4733.2,4733.2,4733.2,4733.2,1,0,0
2016-09-15,4735.6,4735.6,4735.6,4735.6,1,0,0
2016-09-16,4814.1,4814.1,4814.1,4814.1,1,0,0
2016-09-20,4798.5,4798.5,4796.5,4796.5,2,0,0
2016-09-21,4802.0,4802.0,4802.0,4802.0,1,0,0
2016-09-22,4852.0,4852.0,4852.0,4852.0,1,0,0
2016-09-23,4890.4,4890.4,4890.4,4890.4,1,0,0
2016-09-27,4817.4,4817.4,4817.4,4817.4,1,0,0
2016-09-28,4862.4,4862.4,4862.4,4862.4,1,0,0
2016-09-29,4871.2,4871.2,4871.2,4871.2,1,0,0
2016-09-30,4845.3,4845.3,4845.3,4845.3,1,0,0
2016-10-04,4870.6,4870.6,4870.6,4870.6,1,0,0
2016-10-05,4859.4,4859.4,4859.4,4859.4,1,0,0
2016-10-06,4878.7,4878.7,4878.7,4878.7,1,0,0
2016-10-11,4895.6,4895.6,4895.6,4895.6,1,0,0
2016-10-12,4826.5,4826.8,4826.5,4826.8,2,0,0
2016-10-13,4808.0,4808.0,4808.0,4808.0,1,0,0
2016-10-14,4800.1,4800.1,4800.1,4800.1,1,0,0
2016-10-18,4806.1,4806.1,4806.1,4806.1,1,0,0
2016-10-19,4829.2,4829.2,4829.2,4829.2,1,0,0
2016-10-20,4834.0,4834.0,4834.0,4834.0,1,0,0
2016-10-21,4847.9,4847.9,4847.9,4847.9,1,0,0
2016-10-25,4911.7,4911.7,4911.2,4911.2,2,0,0
2016-10-26,4882.8,4882.8,4882.8,4882.8,1,0,0
2016-10-27,4858.2,4858.2,4858.2,4858.2,1,0,0
2016-10-28,4826.9,4826.9,4826.9,4826.9,1,0,0
2016-11-01,4807.8,4807.8,4807.8,4807.8,1,0,0
2016-11-02,4760.0,4760.0,4760.0,4760.0,1,0,0
2016-11-03,4724.2,4724.2,4724.2,4724.2,1,0,0
2016-11-04,4671.0,4671.0,4671.0,4671.0,1,0,0
2016-11-08,4782.7,4782.7,4782.7,4782.7,1,0,0
2016-11-09,4803.3,4803.3,4803.3,4803.3,1,0,0
2016-11-10,4821.6,4821.6,4821.6,4821.6,1,0,0
2016-11-11,4744.5,4744.5,4744.5,4744.5,1,0,0
2016-11-15,4696.3,4696.3,4696.3,4696.3,1,0,0
2016-11-16,4765.6,4765.6,4765.6,4765.6,1,0,0
2016-11-18,4830.8,4830.8,4830.2,4830.2,2,0,0
2016-11-24,4849.3,4849.3,4849.3,4849.3,1,0,0
2016-11-29,4856.8,4856.8,4856.8,4856.8,1,0,0
2016-11-30,4872.5,4872.5,4872.5,4872.5,1,0,0
2016-12-02,4732.2,4732.4,4732.2,4732.4,2,0,0
2016-12-09,4862.5,4862.5,4862.5,4862.5,1,0,0
2016-12-21,4953.4,4953.4,4953.4,4953.4,1,0,0
2016-12-22,4944.6,4944.6,4944.6,4944.6,1,0,0
2016-12-23,4932.0,4932.0,4932.0,4932.0,1,0,0
2016-12-28,4957.6,4958.0,4957.6,4958.0,2,0,0
2016-12-29,4920.5,4920.5,4920.5,4920.5,1,0,0
2016-12-30,4916.2,4916.2,4916.2,4916.2,1,0,0
2017-01-05,4934.2,4934.2,4934.2,4934.2,1,0,0
2017-01-27,5149.1,5149.1,5149.1,5149.1,1,0,0
2017-01-31,5127.8,5127.8,5127.8,5127.8,1,0,0
2017-02-16,5311.3,5311.3,5311.3,5311.3,1,0,0
2017-02-17,5299.0,5299.0,5299.0,5299.0,1,0,0
2017-02-28,5340.0,5340.0,5340.0,5340.0,1,0,0
2017-03-03,5357.9,5357.9,5357.7,5357.7,2,0,0
2017-03-16,5412.3,5412.3,5412.3,5412.3,1,0,0
2017-04-04,5430.3,5430.3,5430.3,5430.3,1,0,0
2017-04-11,5423.6,5423.6,5423.6,5423.6,1,0,0
2017-04-18,5395.4,5395.4,5395.4,5395.4,1,0,0
2017-04-19,5389.9,5390.0,5389.9,5390.0,2,0,0
2017-04-20,5392.9,5392.9,5392.9,5392.9,1,0,0
2017-04-21,5441.8,5441.8,5441.8,5441.8,1,0,0
2017-04-27,5535.9,5535.9,5535.9,5535.9,1,0,0
2017-05-11,5676.9,5676.9,5676.9,5676.9,1,300,0
2017-05-12,5670.2,5670.2,5670.2,5670.2,1,300,0
2017-05-16,5704.1,5704.1,5704.1,5704.1,1,300,0
2017-05-17,5721.4,5721.4,5721.4,5721.4,1,300,0
2017-05-18,5572.0,5572.3,5572.0,5572.3,2,300,9999999999999
2017-05-19,5628.0,5628.0,5627.9,5627.9,2,300,9999999999999
2017-05-23,5699.3,5699.3,5699.1,5699.1,2,300,9999999999999
2017-05-24,5707.1,5707.1,5707.1,5707.1,1,300,0
2017-05-25,5730.6,5730.6,5729.8,5729.8,2,300,9999999999999
2017-05-26,5780.4,5780.4,5779.9,5779.9,2,300,9999999999999
2017-05-31,5790.1,5790.1,5790.0,5790.1,3,300,19999999999998
2017-06-01,5800.5,5800.8,5800.5,5800.8,2,300,9999999999999
2017-06-02,5819.8,5819.8,5819.4,5819.4,2,300,9999999999999
2017-06-06,5878.2,5878.2,5877.8,5877.8,2,300,9999999999999
2017-06-07,5859.3,5860.0,5859.3,5860.0,2,300,9999999999999
2017-06-08,5876.3,5876.5,5876.3,5876.5,2,300,9999999999999
2017-06-09,5888.6,5888.6,5886.5,5886.5,2,300,9999999999999
2017-06-13,5711.4,5711.4,5711.4,5711.4,1,300,0
2017-06-14,5752.9,5752.9,5751.5,5751.5,2,300,9999999999999
2017-06-15,5721.1,5722.3,5721.1,5722.3,2,300,9999999999999
2017-06-16,5700.6,5700.7,5700.6,5700.7,2,300,9999999999999
2017-06-20,5762.7,5762.7,5760.6,5760.6,2,300,9999999999999
2017-06-21,5725.8,5726.4,5725.8,5726.4,2,300,9999999999999
2017-06-22,5789.6,5789.6,5788.7,5788.7,2,300,9999999999999
2017-06-23,5778.7,5779.6,5778.7,5779.6,2,300,9999999999999
2017-06-27,5773.4,5774.9,5773.4,5774.9,2,300,9999999999999
2017-06-28,5668.1,5668.7,5668.1,5668.7,2,300,9999999999999
2017-06-29,5761.8,5762.2,5761.8,5762.2,2,300,9999999999999
2017-06-30,5645.1,5645.1,5644.4,5644.4,2,300,9999999999999
2017-07-06,5647.6,5647.6,5647.5,5647.5,2,300,9999999999999
2017-07-07,5593.3,5593.8,5593.3,5593.8,2,300,9999999999999
2017-07-11,5690.4,5690.4,5690.4,5690.4,1,300,0
2017-07-12,5715.8,5716.4,5715.8,5716.4,2,300,9999999999999
2017-07-13,5783.3,5783.3,5782.9,5782.9,2,300,9999999999999
2017-07-14,5795.5,5795.5,5793.6,5793.6,2,300,9999999999999
2017-07-18,5855.4,5855.4,5855.4,5855.4,1,300,0
2017-07-19,5893.3,5893.3,5891.8,5891.8,2,300,9999999999999
2017-07-20,5916.1,5916.1,5915.3,5915.3,2,300,9999999999999
2017-07-21,5927.2,5927.2,5926.9,5926.9,2,300,9999999999999
2017-07-25,5923.6,5924.5,5923.6,5924.5,2,300,9999999999999
2017-07-26,5932.0,5932.0,5931.5,5931.5,2,300,9999999999999
2017-07-27,5951.5,5952.2,5951.5,5952.2,2,300,9999999999999
2017-07-28,5903.6,5903.6,5902.8,5902.8,3,300,19999999999998
2017-08-01,5883.4,5885.3,5883.4,5885.3,2,300,9999999999999
2017-08-02,5929.3,5929.3,5928.8,5928.8,2,300,9999999999999
2017-08-03,5914.6,5914.6,5914.0,5914.0,2,300,9999999999999
2017-08-04,5888.2,5888.2,5887.8,5887.8,2,300,9999999999999
2017-08-08,5936.8,5936.8,5936.5,5936.5,2,300,9999999999999
2017-08-09,5913.8,5915.5,5913.8,5915.5,2,300,9999999999999
2017-08-10,5923.6,5923.6,5922.4,5922.4,2,300,9999999999999
2017-08-11,5768.9,5769.2,5768.9,5769.2,2,300,9999999999999
2017-08-15,5912.5,5912.5,5911.4,5911.4,2,300,9999999999999
2017-08-16,5909.7,5909.7,5908.8,5908.8,2,300,9999999999999
2017-08-17,5915.0,5915.0,5914.5,5914.5,2,300,9999999999999
2017-08-18,5788.5,5788.5,5787.2,5787.2,2,300,9999999999999
2017-08-22,5791.7,5791.7,5791.1,5791.1,2,300,9999999999999
2017-08-23,5875.6,5875.6,5875.1,5875.1,2,300,9999999999999
2017-08-24,5840.0,5840.7,5840.0,5840.7,2,300,9999999999999
2017-08-25,5842.9,5842.9,5841.8,5841.8,2,300,9999999999999
2017-08-29,5842.0,5843.2,5842.0,5843.2,2,300,9999999999999
2017-08-30,5865.0,5865.0,5864.9,5864.9,2,300,9999999999999
2017-08-31,5931.0,5932.0,5931.0,5932.0,2,300,9999999999999
2017-09-01,5992.6,5992.6,5991.2,5991.2,2,300,9999999999999
2017-09-06,5938.1,5938.8,5938.1,5938.8,2,300,9999999999999
2017-09-07,5949.5,5951.1,5949.5,5951.1,2,300,9999999999999
2017-09-08,5967.1,5968.1,5967.1,5968.1,2,300,9999999999999
2017-09-12,5981.7,5981.7,5981.7,5981.7,1,300,0
2017-09-13,5998.2,5998.2,5998.2,5998.2,1,300,0
2017-09-14,6001.4,6001.4,6001.4,6001.4,1,300,0
2017-09-15,5964.6,5964.6,5964.5,5964.5,2,300,9999999999999
2017-09-19,5982.1,5983.1,5982.1,5983.1,2,300,9999999999999
2017-09-20,5987.6,5988.0,5987.6,5988.0,2,300,9999999999999
2017-09-21,5970.5,5972.6,5970.5,5972.6,2,300,9999999999999
2017-09-22,5937.3,5938.3,5937.3,5938.3,2,300,9999999999999
2017-09-26,5873.7,5873.7,5873.1,5873.1,2,300,9999999999999
2017-09-27,5884.9,5884.9,5884.1,5884.1,2,300,9999999999999
2017-09-28,5931.8,5932.8,5931.8,5932.8,3,300,19999999999998
2017-09-29,5935.3,5935.3,5935.3,5935.3,1,300,0
2017-10-03,5980.0,5980.0,5980.0,5980.0,1,300,0
2017-10-04,5993.3,5993.3,5993.3,5993.3,1,300,0
2017-10-05,5999.3,5999.6,5999.3,5999.6,2,300,9999999999999
2017-10-06,6056.6,6056.6,6056.1,6056.1,3,300,19999999999998
2017-10-10,6056.6,6056.8,6056.6,6056.8,2,300,9999999999999
2017-10-11,6059.9,6060.3,6059.9,6060.3,2,300,9999999999999
2017-10-12,6078.2,6078.2,6078.2,6078.2,1,300,0
2017-10-13,6069.5,6069.5,6069.5,6069.5,1,300,0
2017-10-17,6115.4,6115.5,6115.4,6115.5,2,300,9999999999999
2017-10-18,6118.0,6119.3,6118.0,6119.3,2,300,9999999999999
2017-10-19,6115.8,6116.2,6115.8,6116.2,2,300,9999999999999
2017-10-20,6095.9,6096.1,6095.9,6096.1,2,300,9999999999999
2017-10-24,6064.6,6065.7,6064.6,6065.7,2,300,9999999999999
2017-10-25,6071.9,6071.9,6071.7,6071.7,3,300,19999999999998
2017-10-26,6065.3,6065.3,6064.5,6064.5,2,300,9999999999999
2017-10-27,6087.6,6087.6,6086.9,6086.9,2,300,9999999999999
2017-10-31,6220.2,6220.2,6219.6,6219.6,2,300,9999999999999
2017-11-01,6249.6,6250.0,6249.6,6250.0,2,300,9999999999999
2017-11-02,6233.9,6234.6,6233.9,6234.6,2,300,9999999999999
2017-11-03,6257.5,6258.1,6257.5,6258.1,2,300,9999999999999
2017-11-07,6313.2,6313.3,6313.2,6313.2,3,300,19999999999998
2017-11-08,6314.7,6315.8,6314.5,6315.8,3,300,19999999999998
2017-11-09,6340.3,6341.9,6340.3,6341.9,2,300,9999999999999
2017-11-10,6313.9,6313.9,6313.6,6313.6,3,300,19999999999998
2017-11-14,6310.5,6310.5,6309.8,6309.8,2,300,9999999999999
2017-11-15,6291.5,6291.5,6291.1,6291.1,2,300,9999999999999
2017-11-16,6258.2,6260.4,6258.2,6260.4,2,300,9999999999999
2017-11-17,6338.4,6338.6,6338.4,6338.6,2,300,9999999999999
2017-11-21,6311.2,6311.2,6311.2,6311.2,1,300,0
2017-11-22,6373.0,6374.0,6373.0,6374.0,2,300,0
2017-11-23,6382.3,6382.4,6382.3,6382.4,2,300,0
2017-11-28,6410.1,6410.1,6410.1,6410.1,1,300,0
2017-11-30,6299.5,6299.5,6299.5,6299.5,1,300,0
2017-12-06,6265.1,6265.1,6265.1,6265.1,1,300,0
2017-12-12,6401.6,6401.6,6401.6,6401.6,1,300,0
2017-12-15,6381.3,6381.3,6381.3,6381.3,1,300,0
2017-12-18,6480.1,6480.1,6480.1,6480.1,1,100,0
2017-12-19,6515.0,6515.0,6515.0,6515.0,1,300,0
2017-12-21,6466.9,6466.9,6466.9,6466.9,1,300,0
2017-12-26,6463.7,6463.7,6463.7,6463.7,1,100,0
2017-12-29,6432.2,6432.2,6432.2,6432.2,1,300,0
2018-01-02,6387.5,6387.5,6387.5,6387.5,1,100,0
2018-01-03,6502.3,6502.3,6502.3,6502.3,1,300,0
2018-01-04,6571.0,6571.0,6571.0,6571.0,1,300,0
2018-01-08,6657.0,6657.0,6657.0,6657.0,1,100,0
2018-01-09,6676.9,6676.9,6676.9,6676.9,1,300,0
2018-01-10,6668.7,6668.7,6668.7,6668.7,1,300,0
2018-01-15,6758.9,6758.9,6758.9,6758.9,1,1000,0
2018-01-16,6770.4,6770.4,6770.4,6770.4,1,500,0
2018-02-19,6770.8,6770.8,6770.8,6770.8,1,1000,0
2018-02-20,6774.8,6774.8,6774.8,6774.8,1,500,0
2018-03-05,6800.3,6800.3,6800.3,6800.3,1,1020,0
2018-04-16,6631.6,6631.6,6631.6,6631.6,1,200,0
2018-05-07,6775.2,6775.2,6775.2,6775.2,1,210,0
2018-05-29,6987.8,6987.8,6987.8,6987.8,1,200,0
2018-06-04,7079.9,7079.9,7079.9,7079.9,1,210,0
2018-06-25,7195.1,7195.1,7195.1,7195.1,1,200,0
2018-07-02,7047.3,7047.3,7047.3,7047.3,1,200,0
2018-07-04,7003.8,7003.8,7003.8,7003.8,1,110,0
2018-07-05,7022.9,7022.9,7022.9,7022.9,1,130,0
2018-07-09,7211.1,7211.1,7211.1,7211.1,1,200,0
2018-07-16,7377.9,7377.9,7377.9,7377.9,1,200,0
2018-07-23,7351.9,7351.9,7351.9,7351.9,1,210,0
2018-07-30,7289.1,7289.1,7289.1,7289.1,1,200,0
2018-08-06,7398.2,7398.2,7398.2,7398.2,1,200,0
2018-08-20,7378.5,7378.5,7378.5,7378.5,1,210,0
2018-09-04,7677.1,7677.1,7677.1,7677.1,1,100,0
2018-09-10,7427.9,7427.9,7427.9,7427.9,1,210,0
2018-09-17,7541.6,7541.6,7541.6,7541.6,1,200,0
2018-10-01,7639.1,7639.1,7639.1,7639.1,1,200,0
2018-10-15,7166.7,7166.7,7166.7,7166.7,1,200,0
2018-12-06,6844.8,6844.8,6844.8,6844.8,1,200,0
2024-03-21,18305.77,18305.77,18305.77,18305.77,1,80,0
2024-03-22,18345.32,18345.32,18345.32,18345.32,1,80,0
2024-03-26,18312.03,18312.03,18312.03,18312.03,1,80,0
2024-03-27,18260.21,18260.21,18260.21,18260.21,1,80,0
2024-04-09,18125.27,18125.27,18125.27,18125.27,1,80,0
2024-04-24,17513.33,17513.33,17513.33,17513.33,1,80,0
2024-05-08,18091.98,18091.98,18091.98,18091.98,1,80,0
2024-05-10,18123.2,18123.2,18123.2,18123.2,1,80,0
2024-05-14,18194.49,18194.49,18194.49,18194.49,1,80,0
2024-05-21,18668.45,18669.07,18668.45,18669.07,2,80,0
2024-05-22,18725.7,18725.7,18725.7,18725.7,1,80,0
2024-06-06,19051.94,19051.94,19051.94,19051.94,1,80,0
2024-06-07,19036.13,19036.13,19036.13,19036.13,1,80,0
2024-06-12,19225.15,19225.15,19225.15,19225.15,1,80,0
2024-06-18,19904.51,19904.51,19904.51,19904.51,1,80,0
2024-06-21,19780.98,19780.98,19780.98,19780.98,1,80,0
2024-06-26,19709.16,19709.16,19709.16,19709.16,1,80,0
2024-07-02,19803.13,19803.13,19803.13,19803.13,1,80,0
2024-07-12,20222.53,20223.15,20222.53,20223.15,2,80,0
2024-07-16,20430.48,20430.48,20430.48,20430.48,1,80,0
2024-07-17,20395.47,20395.47,20395.47,20395.47,1,80,0
2024-07-24,19776.52,19776.52,19776.52,19776.52,1,80,0
2024-08-02,18825.95,18825.95,18825.95,18825.95,1,80,0
2024-10-08,19827.24,19827.24,19827.24,19827.24,1,120,0
2024-10-16,20164.48,20164.48,20164.48,20164.48,1,120,0
2024-11-26,20841.01,20841.01,20841.01,20841.01,1,120,0
2024-12-18,21998.01,21998.01,21998.01,21998.01,1,120,0
2025-01-17,21009.07,21009.07,21009.07,21009.07,1,120,0
